Date,Source,Season,Production
2022-12-18 00:00:00,Wind,Winter,11400
2024-01-29 00:00:00,Wind,Winter,7917
2024-08-01 00:00:00,Solar,Summer,8835
2020-11-10 00:00:00,Wind,Fall,989
2022-12-19 00:00:00,Wind,Winter,12526
2024-10-18 00:00:00,Solar,Fall,4855
2020-04-10 00:00:00,Solar,Spring,3692
2023-01-25 00:00:00,Wind,Winter,2156
2021-12-12 00:00:00,Wind,Winter,5813
2020-10-11 00:00:00,Wind,Fall,6106
2024-01-08 00:00:00,Wind,Winter,5515
2020-01-08 00:00:00,Wind,Winter,2785
2022-01-29 00:00:00,Wind,Winter,8498
2021-06-02 00:00:00,Solar,Summer,5561
2024-06-11 00:00:00,Wind,Summer,2328
2020-06-05 00:00:00,Wind,Summer,6664
2021-05-02 00:00:00,Solar,Spring,4993
2022-01-13 00:00:00,Wind,Winter,3276
2020-07-24 00:00:00,Wind,Summer,1739
2024-08-29 00:00:00,Wind,Summer,2083
2024-01-03 00:00:00,Wind,Winter,17272
2024-04-02 00:00:00,Wind,Spring,12285
2020-07-29 00:00:00,Solar,Summer,3480
2024-11-05 00:00:00,Wind,Fall,1690
2022-10-24 00:00:00,Wind,Fall,11508
2023-02-27 00:00:00,Wind,Winter,15692
2020-04-02 00:00:00,Solar,Spring,4169
2020-05-13 00:00:00,Wind,Spring,3174
2023-11-22 00:00:00,Wind,Fall,7314
2021-09-11 00:00:00,Solar,Fall,4969
2025-04-07 00:00:00,Solar,Spring,9862
2025-07-27 00:00:00,Wind,Summer,3862
2021-03-11 00:00:00,Wind,Spring,16144
2022-04-30 00:00:00,Solar,Spring,8188
2023-01-19 00:00:00,Wind,Winter,1710
2022-09-11 00:00:00,Wind,Fall,472
2021-09-25 00:00:00,Solar,Fall,3402
2020-08-08 00:00:00,Solar,Summer,3996
2021-06-08 00:00:00,Wind,Summer,1148
2024-06-10 00:00:00,Wind,Summer,4062
2020-06-18 00:00:00,Wind,Summer,1443
2023-05-30 00:00:00,Wind,Spring,13363
2022-02-17 00:00:00,Wind,Winter,15609
2022-05-11 00:00:00,Wind,Spring,8878
2024-05-07 00:00:00,Wind,Spring,2974
2025-11-22 00:00:00,Wind,Fall,12324
2021-04-09 00:00:00,Wind,Spring,5279
2021-12-24 00:00:00,Wind,Winter,3872
2023-03-11 00:00:00,Wind,Spring,6406
2021-08-13 00:00:00,Solar,Summer,5323
2021-02-01 00:00:00,Wind,Winter,7166
2023-09-11 00:00:00,Solar,Fall,7117
2020-07-01 00:00:00,Wind,Summer,5874
2025-03-10 00:00:00,Solar,Spring,4807
2023-06-23 00:00:00,Solar,Summer,7976
2023-02-09 00:00:00,Solar,Winter,5168
2020-05-24 00:00:00,Wind,Spring,4384
2021-07-26 00:00:00,Wind,Summer,1465
2020-09-28 00:00:00,Wind,Fall,3962
2021-08-25 00:00:00,Wind,Summer,6786
2021-12-16 00:00:00,Wind,Winter,5553
2022-03-11 00:00:00,Wind,Spring,10557
2020-04-13 00:00:00,Wind,Spring,10961
2022-10-04 00:00:00,Wind,Fall,2160
2025-06-12 00:00:00,Wind,Summer,8382
2022-08-18 00:00:00,Solar,Summer,3688
2025-10-25 00:00:00,Wind,Fall,8209
2023-10-24 00:00:00,Wind,Fall,6448
2021-10-13 00:00:00,Wind,Fall,2194
2025-07-19 00:00:00,Wind,Summer,10173
2021-06-01 00:00:00,Wind,Summer,5221
2022-06-30 00:00:00,Wind,Summer,2181
2020-01-04 00:00:00,Wind,Winter,3143
2020-04-23 00:00:00,Wind,Spring,2541
2021-09-19 00:00:00,Wind,Fall,4133
2021-02-01 00:00:00,Wind,Winter,5020
2022-07-08 00:00:00,Wind,Summer,3748
2025-07-08 00:00:00,Solar,Summer,13125
2021-07-07 00:00:00,Solar,Summer,5096
2020-01-22 00:00:00,Wind,Winter,4074
2025-06-28 00:00:00,Solar,Summer,7681
2021-02-25 00:00:00,Wind,Winter,4820
2021-05-22 00:00:00,Wind,Spring,10961
2022-02-16 00:00:00,Wind,Winter,14822
2023-06-22 00:00:00,Wind,Summer,3376
2022-06-18 00:00:00,Wind,Summer,8199
2022-06-08 00:00:00,Wind,Summer,10512
2022-12-01 00:00:00,Wind,Winter,3869
2023-04-17 00:00:00,Wind,Spring,10404
2020-12-09 00:00:00,Wind,Winter,3334
2023-02-07 00:00:00,Wind,Winter,5042
2020-09-28 00:00:00,Wind,Fall,4228
2023-02-12 00:00:00,Solar,Winter,5718
2023-11-23 00:00:00,Wind,Fall,2948
2024-12-12 00:00:00,Wind,Winter,3528
2025-05-11 00:00:00,Wind,Spring,7504
2024-05-30 00:00:00,Wind,Spring,8561
2024-07-29 00:00:00,Solar,Summer,8215
2024-08-27 00:00:00,Wind,Summer,3000
2021-11-13 00:00:00,Wind,Fall,5084
2021-09-20 00:00:00,Wind,Fall,3112
2023-02-13 00:00:00,Solar,Winter,6722
2020-11-14 00:00:00,Wind,Fall,4362
2025-01-29 00:00:00,Wind,Winter,18199
2022-03-02 00:00:00,Wind,Spring,2961
2025-06-06 00:00:00,Wind,Summer,7448
2025-07-15 00:00:00,Wind,Summer,3144
2022-05-15 00:00:00,Solar,Spring,9252
2024-06-06 00:00:00,Solar,Summer,7935
2020-12-01 00:00:00,Wind,Winter,7577
2020-02-01 00:00:00,Wind,Winter,10073
2022-12-05 00:00:00,Wind,Winter,723
2021-11-02 00:00:00,Wind,Fall,1723
2024-03-30 00:00:00,Solar,Spring,7864
2020-05-07 00:00:00,Solar,Spring,4403
2024-07-22 00:00:00,Wind,Summer,3323
2022-01-23 00:00:00,Wind,Winter,3658
2024-04-16 00:00:00,Wind,Spring,14410
2021-02-02 00:00:00,Wind,Winter,9228
2025-04-06 00:00:00,Solar,Spring,8484
2025-10-24 00:00:00,Wind,Fall,12993
2024-09-12 00:00:00,Wind,Fall,4668
2021-06-01 00:00:00,Wind,Summer,3220
2022-06-10 00:00:00,Wind,Summer,2337
2024-05-12 00:00:00,Wind,Spring,3727
2025-11-01 00:00:00,Wind,Fall,13837
2022-05-29 00:00:00,Solar,Spring,7338
2023-08-30 00:00:00,Wind,Summer,7641
2023-04-29 00:00:00,Wind,Spring,2453
2022-05-22 00:00:00,Solar,Spring,5188
2022-08-12 00:00:00,Solar,Summer,8910
2020-08-31 00:00:00,Solar,Summer,4731
2020-09-17 00:00:00,Wind,Fall,5365
2023-05-13 00:00:00,Solar,Spring,7155
2021-10-16 00:00:00,Solar,Fall,4121
2022-01-04 00:00:00,Wind,Winter,6398
2024-11-10 00:00:00,Wind,Fall,2532
2022-04-25 00:00:00,Wind,Spring,2493
2021-05-14 00:00:00,Wind,Spring,7152
2020-10-14 00:00:00,Wind,Fall,3082
2021-09-29 00:00:00,Wind,Fall,11398
2020-02-02 00:00:00,Wind,Winter,6412
2021-07-10 00:00:00,Wind,Summer,3038
2022-06-09 00:00:00,Wind,Summer,6305
2021-12-04 00:00:00,Wind,Winter,8913
2020-08-05 00:00:00,Wind,Summer,1018
2020-01-22 00:00:00,Wind,Winter,3930
2024-02-21 00:00:00,Wind,Winter,3618
2021-01-01 00:00:00,Solar,Winter,1994
2021-07-20 00:00:00,Wind,Summer,3054
2025-07-09 00:00:00,Solar,Summer,9719
2024-12-08 00:00:00,Wind,Winter,16946
2024-10-21 00:00:00,Wind,Fall,4621
2025-07-03 00:00:00,Solar,Summer,9835
2022-06-03 00:00:00,Wind,Summer,3026
2022-06-15 00:00:00,Solar,Summer,6208
2022-03-18 00:00:00,Wind,Spring,8159
2021-03-09 00:00:00,Wind,Spring,2948
2022-02-17 00:00:00,Wind,Winter,8507
2021-11-11 00:00:00,Wind,Fall,982
2020-06-06 00:00:00,Wind,Summer,5766
2020-10-24 00:00:00,Wind,Fall,8585
2023-09-18 00:00:00,Wind,Fall,8347
2025-11-24 00:00:00,Wind,Fall,8309
2021-09-09 00:00:00,Wind,Fall,2685
2025-09-25 00:00:00,Wind,Fall,3302
2021-05-12 00:00:00,Wind,Spring,4435
2022-06-02 00:00:00,Solar,Summer,4378
2025-01-14 00:00:00,Solar,Winter,4353
2023-03-22 00:00:00,Wind,Spring,15456
2024-07-07 00:00:00,Wind,Summer,4892
2021-01-28 00:00:00,Wind,Winter,9675
2025-02-12 00:00:00,Wind,Winter,2685
2021-08-25 00:00:00,Solar,Summer,9454
2023-07-17 00:00:00,Wind,Summer,2269
2025-06-25 00:00:00,Solar,Summer,9397
2021-03-03 00:00:00,Wind,Spring,1845
2021-06-22 00:00:00,Wind,Summer,6749
2025-03-19 00:00:00,Solar,Spring,13786
2020-05-31 00:00:00,Wind,Spring,5250
2020-02-21 00:00:00,Wind,Winter,7148
2023-06-04 00:00:00,Wind,Summer,4706
2025-03-03 00:00:00,Wind,Spring,2282
2025-08-17 00:00:00,Solar,Summer,11455
2020-01-03 00:00:00,Wind,Winter,4570
2023-05-19 00:00:00,Wind,Spring,8236
2021-04-03 00:00:00,Wind,Spring,7508
2025-07-16 00:00:00,Solar,Summer,16160
2024-06-08 00:00:00,Wind,Summer,2141
2022-09-29 00:00:00,Solar,Fall,3999
2024-09-19 00:00:00,Wind,Fall,8855
2021-05-23 00:00:00,Wind,Spring,6519
2024-11-19 00:00:00,Wind,Fall,16568
2025-11-02 00:00:00,Wind,Fall,17124
2020-03-06 00:00:00,Wind,Spring,4409
2025-09-24 00:00:00,Wind,Fall,10617
2021-03-06 00:00:00,Wind,Spring,6907
2024-01-08 00:00:00,Wind,Winter,11458
2024-01-29 00:00:00,Wind,Winter,8026
2024-06-08 00:00:00,Wind,Summer,2990
2020-09-05 00:00:00,Wind,Fall,2313
2023-08-29 00:00:00,Solar,Summer,6026
2023-03-31 00:00:00,Wind,Spring,17308
2021-08-02 00:00:00,Solar,Summer,4915
2021-11-12 00:00:00,Wind,Fall,4622
2024-04-07 00:00:00,Wind,Spring,6534
2022-08-23 00:00:00,Wind,Summer,692
2025-03-31 00:00:00,Solar,Spring,12441
2024-12-12 00:00:00,Wind,Winter,3205
2023-10-30 00:00:00,Wind,Fall,6382
2025-07-13 00:00:00,Wind,Summer,2819
2020-03-10 00:00:00,Wind,Spring,12787
2021-01-09 00:00:00,Wind,Winter,2353
2021-04-02 00:00:00,Wind,Spring,7071
2022-11-24 00:00:00,Wind,Fall,10233
2025-08-04 00:00:00,Wind,Summer,2819
2021-09-24 00:00:00,Solar,Fall,3708
2020-11-14 00:00:00,Wind,Fall,9092
2025-02-12 00:00:00,Solar,Winter,3734
2024-11-18 00:00:00,Wind,Fall,7419
2025-08-25 00:00:00,Solar,Summer,7160
2025-11-11 00:00:00,Wind,Fall,13901
2021-09-15 00:00:00,Wind,Fall,2675
2022-08-21 00:00:00,Wind,Summer,794
2025-11-14 00:00:00,Wind,Fall,10916
2022-04-30 00:00:00,Solar,Spring,6810
2022-10-09 00:00:00,Wind,Fall,4965
2024-04-26 00:00:00,Wind,Spring,2294
2022-03-12 00:00:00,Wind,Spring,9696
2023-02-21 00:00:00,Solar,Winter,4252
2023-03-29 00:00:00,Solar,Spring,8491
2021-04-27 00:00:00,Wind,Spring,2003
2020-02-17 00:00:00,Wind,Winter,6453
2024-01-19 00:00:00,Wind,Winter,3521
2025-03-31 00:00:00,Wind,Spring,5090
2021-11-02 00:00:00,Wind,Fall,6192
2022-11-11 00:00:00,Wind,Fall,3461
2021-10-26 00:00:00,Solar,Fall,5605
2022-09-22 00:00:00,Wind,Fall,399
2025-05-11 00:00:00,Solar,Spring,4563
2022-01-28 00:00:00,Wind,Winter,2439
2022-11-20 00:00:00,Wind,Fall,9228
2022-07-12 00:00:00,Wind,Summer,4082
2024-11-24 00:00:00,Wind,Fall,22929
2020-02-01 00:00:00,Wind,Winter,9131
2024-11-06 00:00:00,Wind,Fall,189
2021-10-28 00:00:00,Wind,Fall,6796
2020-10-22 00:00:00,Wind,Fall,5144
2022-03-10 00:00:00,Wind,Spring,6808
2021-11-03 00:00:00,Wind,Fall,3819
2024-12-08 00:00:00,Wind,Winter,16670
2020-06-03 00:00:00,Wind,Summer,631
2020-06-27 00:00:00,Wind,Summer,9506
2021-06-04 00:00:00,Wind,Summer,1527
2020-11-17 00:00:00,Wind,Fall,2667
2021-10-21 00:00:00,Wind,Fall,11321
2021-08-19 00:00:00,Wind,Summer,940
2020-06-04 00:00:00,Wind,Summer,2918
2023-08-14 00:00:00,Solar,Summer,7955
2024-05-13 00:00:00,Wind,Spring,2321
2024-08-11 00:00:00,Solar,Summer,5870
2021-05-04 00:00:00,Wind,Spring,13322
2025-04-26 00:00:00,Solar,Spring,4018
2020-01-21 00:00:00,Wind,Winter,3303
2021-11-02 00:00:00,Wind,Fall,2311
2023-07-29 00:00:00,Wind,Summer,3618
2023-05-21 00:00:00,Wind,Spring,4686
2025-02-07 00:00:00,Wind,Winter,9119
2022-07-25 00:00:00,Wind,Summer,10186
2024-10-16 00:00:00,Wind,Fall,11196
2022-01-11 00:00:00,Wind,Winter,2621
2024-04-19 00:00:00,Wind,Spring,6475
2024-07-28 00:00:00,Wind,Summer,6281
2025-04-05 00:00:00,Wind,Spring,8043
2022-01-04 00:00:00,Wind,Winter,9372
2023-07-06 00:00:00,Wind,Summer,1028
2024-03-22 00:00:00,Wind,Spring,7326
2024-01-16 00:00:00,Wind,Winter,2207
2024-05-08 00:00:00,Wind,Spring,3372
2025-01-26 00:00:00,Wind,Winter,19633
2020-07-20 00:00:00,Wind,Summer,3155
2024-03-02 00:00:00,Wind,Spring,11147
2021-05-17 00:00:00,Wind,Spring,15419
2024-09-22 00:00:00,Wind,Fall,3577
2021-07-18 00:00:00,Wind,Summer,5140
2020-03-20 00:00:00,Wind,Spring,7700
2025-04-14 00:00:00,Wind,Spring,5469
2020-02-19 00:00:00,Wind,Winter,7659
2021-11-21 00:00:00,Wind,Fall,556
2023-10-25 00:00:00,Wind,Fall,10951
2023-07-16 00:00:00,Wind,Summer,5612
2020-07-22 00:00:00,Solar,Summer,3790
2024-03-08 00:00:00,Wind,Spring,10506
2020-12-10 00:00:00,Wind,Winter,3341
2022-06-19 00:00:00,Wind,Summer,7096
2024-10-23 00:00:00,Wind,Fall,5480
2024-06-11 00:00:00,Wind,Summer,2863
2021-09-09 00:00:00,Wind,Fall,1689
2020-06-11 00:00:00,Wind,Summer,5051
2024-06-07 00:00:00,Wind,Summer,1976
2024-03-26 00:00:00,Wind,Spring,8226
2022-02-09 00:00:00,Wind,Winter,4407
2025-02-15 00:00:00,Wind,Winter,5334
2021-04-28 00:00:00,Wind,Spring,857
2020-08-27 00:00:00,Solar,Summer,4553
2024-10-01 00:00:00,Wind,Fall,6398
2021-05-21 00:00:00,Wind,Spring,9704
2021-12-05 00:00:00,Wind,Winter,4707
2022-08-01 00:00:00,Solar,Summer,6729
2022-09-18 00:00:00,Wind,Fall,4648
2025-01-14 00:00:00,Wind,Winter,2738
2025-01-04 00:00:00,Wind,Winter,4819
2020-08-23 00:00:00,Wind,Summer,3074
2022-12-11 00:00:00,Solar,Winter,4059
2024-07-05 00:00:00,Wind,Summer,3591
2021-07-12 00:00:00,Wind,Summer,3055
2022-12-04 00:00:00,Wind,Winter,1267
2023-09-29 00:00:00,Wind,Fall,10069
2024-10-06 00:00:00,Wind,Fall,7982
2023-02-27 00:00:00,Wind,Winter,11622
2021-06-06 00:00:00,Wind,Summer,2047
2022-04-06 00:00:00,Wind,Spring,13616
2025-01-29 00:00:00,Wind,Winter,13601
2024-10-30 00:00:00,Wind,Fall,3374
2024-06-14 00:00:00,Wind,Summer,11508
2024-02-05 00:00:00,Wind,Winter,7217
2020-11-16 00:00:00,Wind,Fall,9712
2025-11-03 00:00:00,Wind,Fall,14275
2023-05-28 00:00:00,Wind,Spring,9225
2020-01-24 00:00:00,Wind,Winter,628
2022-02-04 00:00:00,Wind,Winter,6025
2020-01-02 00:00:00,Wind,Winter,5346
2022-08-30 00:00:00,Wind,Summer,5425
2025-11-29 00:00:00,Wind,Fall,5241
2025-05-14 00:00:00,Solar,Spring,7025
2024-12-25 00:00:00,Wind,Winter,1698
2024-09-16 00:00:00,Solar,Fall,8063
2020-06-13 00:00:00,Wind,Summer,3116
2025-05-26 00:00:00,Solar,Spring,10578
2022-01-29 00:00:00,Wind,Winter,8062
2021-08-29 00:00:00,Wind,Summer,3373
2023-08-17 00:00:00,Wind,Summer,2138
2021-11-01 00:00:00,Wind,Fall,6650
2025-04-27 00:00:00,Solar,Spring,4171
2020-03-25 00:00:00,Wind,Spring,7278
2025-11-13 00:00:00,Wind,Fall,10055
2022-10-29 00:00:00,Wind,Fall,8680
2025-05-12 00:00:00,Wind,Spring,2071
2021-12-26 00:00:00,Wind,Winter,2979
2022-11-27 00:00:00,Wind,Fall,6949
2025-06-10 00:00:00,Wind,Summer,4337
2020-01-14 00:00:00,Wind,Winter,13956
2025-04-19 00:00:00,Wind,Spring,4692
2022-10-16 00:00:00,Wind,Fall,3203
2025-11-08 00:00:00,Solar,Fall,5483
2023-06-03 00:00:00,Wind,Summer,7045
2022-12-21 00:00:00,Wind,Winter,5289
2022-08-15 00:00:00,Wind,Summer,2354
2025-06-14 00:00:00,Wind,Summer,2617
2021-11-11 00:00:00,Wind,Fall,904
2024-04-02 00:00:00,Wind,Spring,9355
2024-12-03 00:00:00,Wind,Winter,6322
2021-08-18 00:00:00,Solar,Summer,4153
2022-02-18 00:00:00,Wind,Winter,6361
2020-06-15 00:00:00,Solar,Summer,3227
2020-06-06 00:00:00,Wind,Summer,5774
2022-10-31 00:00:00,Wind,Fall,3071
2023-08-02 00:00:00,Wind,Summer,18182
2023-06-08 00:00:00,Wind,Summer,4578
2024-04-21 00:00:00,Wind,Spring,10808
2025-11-02 00:00:00,Wind,Fall,11230
2023-01-11 00:00:00,Wind,Winter,15390
2020-03-19 00:00:00,Solar,Spring,3951
2025-08-17 00:00:00,Wind,Summer,6183
2020-08-07 00:00:00,Wind,Summer,2021
2025-11-22 00:00:00,Wind,Fall,8243
2025-09-04 00:00:00,Wind,Fall,6876
2020-07-22 00:00:00,Solar,Summer,2606
2021-04-26 00:00:00,Wind,Spring,9366
2021-08-19 00:00:00,Wind,Summer,1485
2022-10-25 00:00:00,Solar,Fall,5213
2020-04-06 00:00:00,Wind,Spring,6188
2023-07-08 00:00:00,Solar,Summer,8194
2020-05-10 00:00:00,Wind,Spring,2276
2020-01-17 00:00:00,Wind,Winter,9434
2024-01-10 00:00:00,Wind,Winter,2524
2022-03-29 00:00:00,Solar,Spring,4278
2022-12-07 00:00:00,Solar,Winter,3789
2024-06-06 00:00:00,Wind,Summer,1268
2020-01-30 00:00:00,Wind,Winter,6684
2020-08-18 00:00:00,Solar,Summer,1797
2024-12-12 00:00:00,Wind,Winter,3380
2022-04-04 00:00:00,Wind,Spring,8520
2025-10-13 00:00:00,Wind,Fall,6073
2024-06-18 00:00:00,Wind,Summer,2793
2022-05-10 00:00:00,Wind,Spring,2478
2023-04-26 00:00:00,Solar,Spring,4624
2021-06-16 00:00:00,Wind,Summer,1499
2021-09-03 00:00:00,Wind,Fall,2094
2025-04-07 00:00:00,Wind,Spring,6184
2020-07-21 00:00:00,Wind,Summer,3014
2022-05-12 00:00:00,Solar,Spring,4025
2022-12-22 00:00:00,Wind,Winter,13135
2024-10-08 00:00:00,Wind,Fall,13096
2021-06-13 00:00:00,Wind,Summer,2592
2021-03-09 00:00:00,Wind,Spring,2083
2022-01-03 00:00:00,Wind,Winter,8634
2025-02-15 00:00:00,Wind,Winter,5507
2021-12-03 00:00:00,Wind,Winter,13277
2021-05-07 00:00:00,Wind,Spring,3061
2025-06-27 00:00:00,Wind,Summer,3511
2020-02-01 00:00:00,Wind,Winter,11252
2020-07-01 00:00:00,Wind,Summer,4054
2023-05-01 00:00:00,Wind,Spring,3856
2025-07-08 00:00:00,Solar,Summer,8997
2021-02-18 00:00:00,Wind,Winter,6214
2022-11-28 00:00:00,Wind,Fall,5047
2021-07-01 00:00:00,Solar,Summer,3901
2023-11-15 00:00:00,Wind,Fall,4554
2021-01-14 00:00:00,Wind,Winter,8411
2020-05-27 00:00:00,Solar,Spring,5832
2020-04-16 00:00:00,Wind,Spring,1491
2020-06-29 00:00:00,Wind,Summer,10010
2024-04-02 00:00:00,Wind,Spring,13175
2022-05-08 00:00:00,Wind,Spring,4285
2023-12-29 00:00:00,Wind,Winter,13922
2024-03-15 00:00:00,Wind,Spring,10445
2021-06-07 00:00:00,Wind,Summer,1268
2020-03-31 00:00:00,Wind,Spring,10262
2021-09-13 00:00:00,Wind,Fall,2586
2023-01-16 00:00:00,Wind,Winter,16385
2021-02-01 00:00:00,Wind,Winter,3405
2022-09-13 00:00:00,Wind,Fall,1654
2023-07-29 00:00:00,Wind,Summer,11966
2020-08-09 00:00:00,Solar,Summer,3364
2021-09-23 00:00:00,Wind,Fall,1404
2021-03-18 00:00:00,Wind,Spring,4597
2024-01-13 00:00:00,Wind,Winter,2503
2023-06-27 00:00:00,Wind,Summer,2239
2023-12-15 00:00:00,Wind,Winter,2968
2023-06-12 00:00:00,Wind,Summer,3168
2020-12-14 00:00:00,Wind,Winter,8437
2023-05-04 00:00:00,Solar,Spring,11275
2022-01-06 00:00:00,Solar,Winter,5010
2023-05-05 00:00:00,Wind,Spring,2188
2021-03-24 00:00:00,Wind,Spring,2191
2020-11-06 00:00:00,Wind,Fall,6584
2025-10-13 00:00:00,Wind,Fall,7395
2025-04-09 00:00:00,Wind,Spring,11401
2022-06-13 00:00:00,Wind,Summer,3888
2020-12-06 00:00:00,Wind,Winter,3896
2022-12-26 00:00:00,Wind,Winter,5200
2022-07-07 00:00:00,Wind,Summer,8067
2021-09-27 00:00:00,Wind,Fall,10010
2024-01-29 00:00:00,Wind,Winter,7099
2024-03-25 00:00:00,Wind,Spring,8820
2022-12-27 00:00:00,Wind,Winter,4677
2021-12-03 00:00:00,Wind,Winter,11102
2023-04-04 00:00:00,Solar,Spring,10833
2024-03-28 00:00:00,Wind,Spring,15504
2022-12-23 00:00:00,Wind,Winter,11216
2025-04-27 00:00:00,Wind,Spring,3364
2020-04-20 00:00:00,Wind,Spring,5506
2022-10-17 00:00:00,Wind,Fall,6996
2025-01-02 00:00:00,Wind,Winter,12035
2020-07-24 00:00:00,Solar,Summer,6901
2020-11-21 00:00:00,Wind,Fall,4830
2022-08-22 00:00:00,Wind,Summer,2515
2022-12-29 00:00:00,Wind,Winter,11261
2022-11-11 00:00:00,Wind,Fall,4623
2021-07-15 00:00:00,Wind,Summer,5085
2020-06-29 00:00:00,Wind,Summer,8918
2020-11-02 00:00:00,Wind,Fall,8515
2022-06-08 00:00:00,Wind,Summer,10122
2020-11-27 00:00:00,Wind,Fall,1637
2022-03-01 00:00:00,Wind,Spring,1775
2025-08-19 00:00:00,Solar,Summer,6355
2022-11-13 00:00:00,Wind,Fall,2673
2025-11-06 00:00:00,Wind,Fall,2696
2022-07-13 00:00:00,Solar,Summer,6334
2021-12-27 00:00:00,Wind,Winter,8156
2021-10-25 00:00:00,Wind,Fall,3029
2023-09-12 00:00:00,Wind,Fall,705
2023-04-02 00:00:00,Wind,Spring,8890
2021-09-28 00:00:00,Wind,Fall,2108
2024-05-17 00:00:00,Solar,Spring,7184
2025-11-13 00:00:00,Wind,Fall,12913
2020-10-13 00:00:00,Wind,Fall,5579
2021-02-17 00:00:00,Wind,Winter,7964
2020-10-09 00:00:00,Wind,Fall,3322
2025-02-19 00:00:00,Wind,Winter,7629
2021-11-16 00:00:00,Wind,Fall,1087
2020-12-30 00:00:00,Wind,Winter,5476
2022-07-14 00:00:00,Solar,Summer,8923
2023-03-19 00:00:00,Wind,Spring,7895
2024-07-24 00:00:00,Solar,Summer,6845
2024-10-31 00:00:00,Wind,Fall,1073
2023-05-09 00:00:00,Wind,Spring,7431
2021-03-09 00:00:00,Wind,Spring,2088
2024-05-06 00:00:00,Wind,Spring,3270
2022-10-26 00:00:00,Wind,Fall,3223
2021-12-07 00:00:00,Wind,Winter,11221
2024-05-05 00:00:00,Wind,Spring,2081
2023-04-23 00:00:00,Wind,Spring,14741
2022-11-02 00:00:00,Wind,Fall,7737
2021-03-14 00:00:00,Wind,Spring,13538
2021-11-29 00:00:00,Wind,Fall,3702
2025-06-14 00:00:00,Solar,Summer,4546
2024-04-28 00:00:00,Wind,Spring,7916
2020-05-13 00:00:00,Wind,Spring,3264
2025-06-04 00:00:00,Solar,Summer,8625
2024-06-23 00:00:00,Solar,Summer,4144
2024-01-24 00:00:00,Wind,Winter,15539
2021-10-14 00:00:00,Wind,Fall,1720
2021-10-08 00:00:00,Wind,Fall,5380
2023-03-17 00:00:00,Wind,Spring,6418
2023-08-28 00:00:00,Wind,Summer,2801
2022-09-07 00:00:00,Solar,Fall,7186
2023-12-23 00:00:00,Wind,Winter,15819
2023-08-05 00:00:00,Wind,Summer,11382
2023-05-28 00:00:00,Wind,Spring,9894
2022-07-20 00:00:00,Wind,Summer,3765
2023-01-18 00:00:00,Wind,Winter,4661
2024-09-29 00:00:00,Wind,Fall,1731
2024-02-23 00:00:00,Wind,Winter,16403
2021-10-04 00:00:00,Wind,Fall,7024
2025-10-20 00:00:00,Wind,Fall,13425
2023-03-24 00:00:00,Wind,Spring,12405
2020-07-23 00:00:00,Solar,Summer,1954
2020-05-13 00:00:00,Wind,Spring,7165
2022-09-06 00:00:00,Wind,Fall,2214
2021-02-17 00:00:00,Wind,Winter,7775
2021-05-29 00:00:00,Solar,Spring,6169
2024-07-25 00:00:00,Wind,Summer,2257
2022-04-16 00:00:00,Wind,Spring,6001
2020-07-28 00:00:00,Wind,Summer,4107
2021-05-31 00:00:00,Wind,Spring,3587
2024-06-27 00:00:00,Wind,Summer,4170
2021-10-23 00:00:00,Wind,Fall,3701
2022-11-22 00:00:00,Wind,Fall,10307
2020-03-26 00:00:00,Wind,Spring,4960
2020-08-09 00:00:00,Wind,Summer,963
2025-11-23 00:00:00,Wind,Fall,6568
2022-06-17 00:00:00,Wind,Summer,3147
2020-09-06 00:00:00,Wind,Fall,1309
2023-01-08 00:00:00,Wind,Winter,13363
2020-05-27 00:00:00,Wind,Spring,4422
2023-12-29 00:00:00,Wind,Winter,15941
2022-01-06 00:00:00,Wind,Winter,2846
2025-03-08 00:00:00,Wind,Spring,10805
2023-06-25 00:00:00,Solar,Summer,8815
2023-10-31 00:00:00,Wind,Fall,11825
2021-04-18 00:00:00,Wind,Spring,2893
2020-05-05 00:00:00,Wind,Spring,6849
2023-05-03 00:00:00,Solar,Spring,7624
2023-09-03 00:00:00,Wind,Fall,5905
2024-10-25 00:00:00,Wind,Fall,1798
2022-05-11 00:00:00,Wind,Spring,3550
2025-01-30 00:00:00,Wind,Winter,8803
2020-04-29 00:00:00,Wind,Spring,4808
2020-04-03 00:00:00,Wind,Spring,2053
2020-05-14 00:00:00,Wind,Spring,7248
2020-08-22 00:00:00,Wind,Summer,7218
2021-04-24 00:00:00,Wind,Spring,6192
2025-06-26 00:00:00,Wind,Summer,14166
2020-10-07 00:00:00,Wind,Fall,4044
2020-02-11 00:00:00,Wind,Winter,14541
2024-10-21 00:00:00,Wind,Fall,6386
2022-08-07 00:00:00,Wind,Summer,5411
2021-01-08 00:00:00,Wind,Winter,1043
2020-03-27 00:00:00,Solar,Spring,5875
2022-09-14 00:00:00,Solar,Fall,6213
2021-02-09 00:00:00,Wind,Winter,5404
2021-04-25 00:00:00,Wind,Spring,8275
2022-12-20 00:00:00,Wind,Winter,13886
2023-03-15 00:00:00,Wind,Spring,3420
2024-01-09 00:00:00,Wind,Winter,3646
2021-06-05 00:00:00,Solar,Summer,5731
2024-11-28 00:00:00,Wind,Fall,4321
2020-04-28 00:00:00,Wind,Spring,3006
2025-10-08 00:00:00,Wind,Fall,730
2025-07-24 00:00:00,Solar,Summer,8701
2021-05-18 00:00:00,Wind,Spring,3351
2023-04-07 00:00:00,Wind,Spring,1998
2022-02-28 00:00:00,Wind,Winter,2179
2023-11-03 00:00:00,Wind,Fall,10599
2021-04-28 00:00:00,Wind,Spring,2245
2023-10-22 00:00:00,Wind,Fall,1963
2023-12-04 00:00:00,Wind,Winter,14332
2023-03-12 00:00:00,Wind,Spring,11363
2024-06-10 00:00:00,Wind,Summer,9028
2023-12-07 00:00:00,Wind,Winter,7243
2020-01-11 00:00:00,Wind,Winter,6243
2022-06-20 00:00:00,Wind,Summer,6057
2021-12-09 00:00:00,Wind,Winter,6822
2021-10-22 00:00:00,Wind,Fall,2148
2023-08-18 00:00:00,Solar,Summer,7556
2020-08-26 00:00:00,Wind,Summer,10494
2023-05-17 00:00:00,Wind,Spring,7393
2024-12-10 00:00:00,Wind,Winter,9436
2023-09-04 00:00:00,Wind,Fall,10840
2023-06-15 00:00:00,Wind,Summer,2306
2021-01-12 00:00:00,Wind,Winter,12614
2021-04-23 00:00:00,Wind,Spring,5325
2020-05-28 00:00:00,Wind,Spring,4838
2023-04-17 00:00:00,Wind,Spring,3728
2020-01-12 00:00:00,Wind,Winter,7023
2024-11-29 00:00:00,Wind,Fall,7114
2025-04-28 00:00:00,Wind,Spring,4319
2020-06-10 00:00:00,Solar,Summer,3435
2025-02-15 00:00:00,Wind,Winter,3299
2023-03-25 00:00:00,Wind,Spring,9938
2021-10-04 00:00:00,Wind,Fall,4512
2023-08-03 00:00:00,Wind,Summer,11952
2022-08-27 00:00:00,Wind,Summer,2886
2021-02-08 00:00:00,Wind,Winter,1809
2023-02-05 00:00:00,Wind,Winter,10704
2021-04-27 00:00:00,Wind,Spring,1594
2021-12-08 00:00:00,Wind,Winter,10646
2022-09-29 00:00:00,Wind,Fall,1181
2025-08-14 00:00:00,Wind,Summer,3432
2023-08-12 00:00:00,Wind,Summer,2514
2022-04-25 00:00:00,Wind,Spring,3834
2025-03-12 00:00:00,Wind,Spring,2812
2023-01-02 00:00:00,Wind,Winter,4165
2021-06-23 00:00:00,Wind,Summer,2524
2024-01-27 00:00:00,Solar,Winter,5047
2022-04-19 00:00:00,Solar,Spring,5004
2020-11-02 00:00:00,Wind,Fall,11975
2025-02-25 00:00:00,Wind,Winter,11904
2025-09-30 00:00:00,Wind,Fall,1402
2023-03-18 00:00:00,Wind,Spring,3908
2020-11-25 00:00:00,Wind,Fall,6287
2020-11-11 00:00:00,Wind,Fall,3805
2022-05-26 00:00:00,Wind,Spring,3427
2020-04-27 00:00:00,Wind,Spring,2041
2021-07-26 00:00:00,Wind,Summer,1744
2024-07-01 00:00:00,Wind,Summer,2190
2022-10-13 00:00:00,Wind,Fall,6261
2021-04-09 00:00:00,Wind,Spring,5113
2021-10-10 00:00:00,Wind,Fall,2713
2023-04-22 00:00:00,Wind,Spring,8274
2022-01-22 00:00:00,Wind,Winter,1705
2024-10-06 00:00:00,Wind,Fall,8155
2020-05-04 00:00:00,Wind,Spring,772
2022-11-06 00:00:00,Wind,Fall,7347
2024-08-16 00:00:00,Solar,Summer,8933
2020-12-15 00:00:00,Wind,Winter,2633
2021-01-04 00:00:00,Wind,Winter,3018
2022-02-17 00:00:00,Wind,Winter,14562
2020-02-22 00:00:00,Wind,Winter,8585
2025-02-03 00:00:00,Solar,Winter,6618
2022-05-16 00:00:00,Solar,Spring,7824
2025-03-20 00:00:00,Wind,Spring,8861
2021-10-08 00:00:00,Wind,Fall,6180
2025-01-11 00:00:00,Wind,Winter,2047
2024-10-29 00:00:00,Wind,Fall,1443
2021-05-25 00:00:00,Wind,Spring,9963
2022-04-20 00:00:00,Wind,Spring,4079
2023-07-28 00:00:00,Wind,Summer,4401
2022-01-25 00:00:00,Wind,Winter,376
2024-11-12 00:00:00,Wind,Fall,8295
2021-07-02 00:00:00,Wind,Summer,524
2022-04-30 00:00:00,Wind,Spring,4244
2024-03-18 00:00:00,Wind,Spring,2178
2023-12-28 00:00:00,Wind,Winter,13532
2023-04-04 00:00:00,Wind,Spring,4225
2022-06-19 00:00:00,Wind,Summer,7351
2021-10-27 00:00:00,Solar,Fall,5370
2025-01-24 00:00:00,Wind,Winter,14158
2021-06-22 00:00:00,Wind,Summer,3591
2021-07-25 00:00:00,Wind,Summer,5105
2021-12-01 00:00:00,Wind,Winter,13835
2020-03-01 00:00:00,Wind,Spring,8419
2024-03-28 00:00:00,Wind,Spring,14967
2020-01-03 00:00:00,Wind,Winter,4207
2024-11-25 00:00:00,Wind,Fall,6573
2023-05-05 00:00:00,Solar,Spring,8449
2025-04-27 00:00:00,Wind,Spring,4156
2024-05-21 00:00:00,Solar,Spring,6724
2023-10-17 00:00:00,Wind,Fall,7943
2023-05-15 00:00:00,Wind,Spring,12236
2024-04-20 00:00:00,Wind,Spring,6623
2024-04-28 00:00:00,Wind,Spring,3181
2022-06-17 00:00:00,Wind,Summer,3818
2021-03-26 00:00:00,Wind,Spring,10584
2023-10-07 00:00:00,Wind,Fall,2231
2025-02-02 00:00:00,Solar,Winter,5898
2025-07-28 00:00:00,Wind,Summer,3946
2025-10-25 00:00:00,Wind,Fall,12427
2020-12-02 00:00:00,Wind,Winter,4378
2022-06-10 00:00:00,Solar,Summer,6486
2024-11-17 00:00:00,Wind,Fall,5733
2022-11-13 00:00:00,Wind,Fall,3184
2024-06-17 00:00:00,Wind,Summer,2344
2020-10-27 00:00:00,Wind,Fall,5881
2025-05-06 00:00:00,Wind,Spring,9412
2023-07-01 00:00:00,Wind,Summer,7665
2023-11-10 00:00:00,Wind,Fall,12598
2024-07-04 00:00:00,Wind,Summer,8892
2021-06-15 00:00:00,Wind,Summer,2314
2025-08-09 00:00:00,Wind,Summer,1411
2023-10-18 00:00:00,Wind,Fall,11434
2022-05-23 00:00:00,Wind,Spring,11353
2020-09-27 00:00:00,Wind,Fall,11628
2021-04-15 00:00:00,Wind,Spring,5536
2023-11-05 00:00:00,Wind,Fall,13494
2022-11-03 00:00:00,Wind,Fall,10983
2021-05-02 00:00:00,Solar,Spring,4597
2024-02-20 00:00:00,Wind,Winter,3775
2024-07-11 00:00:00,Solar,Summer,6569
2025-10-23 00:00:00,Wind,Fall,18020
2021-06-26 00:00:00,Solar,Summer,3463
2023-01-26 00:00:00,Wind,Winter,2785
2024-04-21 00:00:00,Wind,Spring,5440
2024-02-07 00:00:00,Wind,Winter,10078
2023-11-19 00:00:00,Wind,Fall,12727
2020-01-14 00:00:00,Wind,Winter,11947
2025-10-10 00:00:00,Solar,Fall,6209
2020-05-06 00:00:00,Solar,Spring,5389
2023-06-11 00:00:00,Solar,Summer,5511
2020-07-10 00:00:00,Wind,Summer,5812
2023-08-06 00:00:00,Wind,Summer,12828
2022-09-28 00:00:00,Solar,Fall,6478
2025-04-17 00:00:00,Wind,Spring,2201
2023-02-28 00:00:00,Wind,Winter,7116
2020-08-17 00:00:00,Wind,Summer,6027
2021-05-13 00:00:00,Solar,Spring,4826
2020-08-28 00:00:00,Wind,Summer,8440
2021-02-28 00:00:00,Wind,Winter,8031
2024-03-22 00:00:00,Solar,Spring,7476
2022-05-04 00:00:00,Wind,Spring,1854
2022-09-27 00:00:00,Wind,Fall,12571
2025-08-08 00:00:00,Wind,Summer,1497
2021-07-20 00:00:00,Wind,Summer,2246
2023-11-06 00:00:00,Wind,Fall,9657
2022-10-09 00:00:00,Wind,Fall,2019
2021-03-03 00:00:00,Wind,Spring,1043
2021-06-27 00:00:00,Wind,Summer,3833
2024-05-27 00:00:00,Solar,Spring,6999
2021-10-26 00:00:00,Wind,Fall,2863
2020-07-31 00:00:00,Solar,Summer,5827
2023-03-27 00:00:00,Solar,Spring,7513
2023-10-08 00:00:00,Wind,Fall,1493
2020-07-04 00:00:00,Wind,Summer,12039
2025-01-29 00:00:00,Wind,Winter,6217
2025-04-20 00:00:00,Wind,Spring,4459
2022-09-11 00:00:00,Wind,Fall,587
2020-02-15 00:00:00,Wind,Winter,10985
2025-05-14 00:00:00,Wind,Spring,6132
2021-03-05 00:00:00,Wind,Spring,7772
2023-10-26 00:00:00,Wind,Fall,4909
2025-10-24 00:00:00,Wind,Fall,14684
2023-10-27 00:00:00,Wind,Fall,8268
2025-06-16 00:00:00,Solar,Summer,10527
2020-01-07 00:00:00,Wind,Winter,3967
2025-07-22 00:00:00,Wind,Summer,7645
2023-03-15 00:00:00,Solar,Spring,4554
2020-10-06 00:00:00,Wind,Fall,11671
2024-10-15 00:00:00,Wind,Fall,3772
2025-02-18 00:00:00,Wind,Winter,11327
2020-11-25 00:00:00,Wind,Fall,4090
2024-05-22 00:00:00,Wind,Spring,3024
2021-01-22 00:00:00,Wind,Winter,3354
2023-09-10 00:00:00,Solar,Fall,6517
2020-02-14 00:00:00,Wind,Winter,4429
2022-01-11 00:00:00,Solar,Winter,5018
2022-04-06 00:00:00,Wind,Spring,7764
2020-12-19 00:00:00,Wind,Winter,10892
2023-01-24 00:00:00,Wind,Winter,6696
2021-07-01 00:00:00,Solar,Summer,3022
2024-10-25 00:00:00,Wind,Fall,6893
2021-11-14 00:00:00,Wind,Fall,4665
2021-04-17 00:00:00,Wind,Spring,4834
2024-08-06 00:00:00,Wind,Summer,2097
2024-08-23 00:00:00,Wind,Summer,9509
2023-02-26 00:00:00,Wind,Winter,18051
2023-01-07 00:00:00,Wind,Winter,10262
2020-06-03 00:00:00,Wind,Summer,3683
2024-10-11 00:00:00,Solar,Fall,3556
2020-09-26 00:00:00,Wind,Fall,11246
2020-06-11 00:00:00,Wind,Summer,3909
2020-01-28 00:00:00,Wind,Winter,12987
2025-01-21 00:00:00,Wind,Winter,1210
2023-02-07 00:00:00,Wind,Winter,9517
2024-08-17 00:00:00,Wind,Summer,2408
2020-04-07 00:00:00,Wind,Spring,1971
2021-11-18 00:00:00,Wind,Fall,1817
2020-10-19 00:00:00,Wind,Fall,6659
2025-10-13 00:00:00,Wind,Fall,9362
2024-01-18 00:00:00,Wind,Winter,7755
2020-12-09 00:00:00,Wind,Winter,2518
2022-05-18 00:00:00,Solar,Spring,5814
2021-11-26 00:00:00,Wind,Fall,12653
2022-04-21 00:00:00,Wind,Spring,3354
2021-11-16 00:00:00,Wind,Fall,997
2025-03-03 00:00:00,Wind,Spring,3177
2021-11-15 00:00:00,Wind,Fall,1190
2024-01-28 00:00:00,Wind,Winter,9203
2020-11-24 00:00:00,Wind,Fall,3478
2020-12-28 00:00:00,Wind,Winter,8666
2021-05-26 00:00:00,Wind,Spring,8501
2023-03-20 00:00:00,Solar,Spring,8613
2023-09-29 00:00:00,Wind,Fall,6503
2024-05-28 00:00:00,Wind,Spring,12992
2023-05-07 00:00:00,Wind,Spring,1644
2020-03-07 00:00:00,Wind,Spring,5851
2025-08-21 00:00:00,Wind,Summer,9974
2023-08-16 00:00:00,Wind,Summer,2047
2020-11-14 00:00:00,Wind,Fall,9187
2024-06-09 00:00:00,Solar,Summer,2265
2024-04-28 00:00:00,Wind,Spring,7361
2025-10-20 00:00:00,Wind,Fall,13116
2025-06-10 00:00:00,Wind,Summer,1822
2022-08-25 00:00:00,Solar,Summer,4870
2025-07-11 00:00:00,Solar,Summer,13057
2020-06-19 00:00:00,Solar,Summer,2120
2023-10-02 00:00:00,Wind,Fall,2511
2024-12-24 00:00:00,Wind,Winter,3087
2024-06-21 00:00:00,Wind,Summer,8537
2024-11-10 00:00:00,Wind,Fall,699
2024-06-09 00:00:00,Solar,Summer,4699
2020-09-16 00:00:00,Solar,Fall,2486
2020-04-19 00:00:00,Wind,Spring,1476
2020-05-22 00:00:00,Wind,Spring,3981
2021-01-13 00:00:00,Wind,Winter,8363
2020-08-26 00:00:00,Wind,Summer,2102
2023-01-03 00:00:00,Wind,Winter,9035
2024-06-01 00:00:00,Wind,Summer,6325
2021-12-27 00:00:00,Wind,Winter,4859
2020-03-10 00:00:00,Wind,Spring,11560
2024-01-12 00:00:00,Wind,Winter,7101
2025-05-13 00:00:00,Wind,Spring,778
2023-07-11 00:00:00,Solar,Summer,9090
2024-05-02 00:00:00,Wind,Spring,10099
2024-04-11 00:00:00,Solar,Spring,7830
2024-04-02 00:00:00,Wind,Spring,12881
2020-01-05 00:00:00,Wind,Winter,1866
2025-05-06 00:00:00,Wind,Spring,10973
2024-11-01 00:00:00,Solar,Fall,5193
2021-11-05 00:00:00,Solar,Fall,4471
2022-01-23 00:00:00,Solar,Winter,5443
2021-07-12 00:00:00,Wind,Summer,2449
2021-12-17 00:00:00,Wind,Winter,7522
2025-04-12 00:00:00,Wind,Spring,9316
2022-12-02 00:00:00,Wind,Winter,6777
2023-12-26 00:00:00,Wind,Winter,4387
2024-01-11 00:00:00,Wind,Winter,7264
2022-01-30 00:00:00,Wind,Winter,1935
2021-05-09 00:00:00,Wind,Spring,6909
2024-06-08 00:00:00,Solar,Summer,3057
2022-01-03 00:00:00,Wind,Winter,9945
2021-03-23 00:00:00,Wind,Spring,2209
2020-12-24 00:00:00,Wind,Winter,10656
2024-10-10 00:00:00,Wind,Fall,3695
2023-05-06 00:00:00,Solar,Spring,6882
2021-06-26 00:00:00,Wind,Summer,185
2025-09-17 00:00:00,Wind,Fall,2855
2023-04-24 00:00:00,Wind,Spring,9691
2020-09-06 00:00:00,Solar,Fall,3044
2023-09-06 00:00:00,Wind,Fall,2295
2020-04-17 00:00:00,Wind,Spring,2140
2025-03-20 00:00:00,Wind,Spring,7679
2021-07-16 00:00:00,Wind,Summer,6977
2025-03-18 00:00:00,Wind,Spring,15177
2025-09-25 00:00:00,Wind,Fall,4486
2024-02-22 00:00:00,Wind,Winter,15643
2022-06-20 00:00:00,Solar,Summer,7456
2022-06-12 00:00:00,Solar,Summer,3007
2023-03-09 00:00:00,Wind,Spring,13804
2022-05-09 00:00:00,Wind,Spring,2226
2024-05-05 00:00:00,Wind,Spring,2579
2023-12-04 00:00:00,Wind,Winter,13712
2023-08-04 00:00:00,Solar,Summer,9711
2020-04-06 00:00:00,Wind,Spring,8031
2024-09-15 00:00:00,Wind,Fall,3382
2021-04-05 00:00:00,Wind,Spring,3346
2024-01-27 00:00:00,Wind,Winter,2096
2023-03-12 00:00:00,Wind,Spring,6830
2022-06-08 00:00:00,Wind,Summer,6976
2021-02-17 00:00:00,Wind,Winter,11476
2020-08-16 00:00:00,Wind,Summer,2149
2020-07-07 00:00:00,Solar,Summer,5078
2023-10-31 00:00:00,Wind,Fall,12274
2024-02-11 00:00:00,Wind,Winter,8630
2025-06-12 00:00:00,Solar,Summer,9373
2024-10-28 00:00:00,Wind,Fall,1027
2022-07-11 00:00:00,Wind,Summer,4311
2023-12-25 00:00:00,Wind,Winter,12990
2022-03-27 00:00:00,Solar,Spring,6255
2022-02-14 00:00:00,Wind,Winter,6512
2025-01-29 00:00:00,Wind,Winter,12896
2021-03-12 00:00:00,Wind,Spring,12379
2022-07-05 00:00:00,Wind,Summer,3640
2021-08-19 00:00:00,Solar,Summer,4835
2025-08-05 00:00:00,Solar,Summer,7071
2024-08-28 00:00:00,Wind,Summer,2348
2021-12-27 00:00:00,Wind,Winter,9445
2021-09-18 00:00:00,Wind,Fall,1168
2025-09-23 00:00:00,Wind,Fall,13351
2020-03-20 00:00:00,Wind,Spring,3577
2020-04-27 00:00:00,Wind,Spring,2626
2025-03-22 00:00:00,Wind,Spring,7212
2020-06-12 00:00:00,Wind,Summer,4286
2020-09-12 00:00:00,Wind,Fall,1147
2021-04-18 00:00:00,Solar,Spring,5661
2024-07-10 00:00:00,Solar,Summer,10399
2023-10-07 00:00:00,Wind,Fall,1898
2024-12-08 00:00:00,Wind,Winter,17304
2024-03-17 00:00:00,Wind,Spring,3960
2023-09-19 00:00:00,Wind,Fall,3900
2020-10-21 00:00:00,Wind,Fall,13322
2025-09-16 00:00:00,Wind,Fall,13968
2022-07-08 00:00:00,Wind,Summer,6914
2022-08-29 00:00:00,Wind,Summer,3839
2024-03-07 00:00:00,Wind,Spring,9031
2021-06-16 00:00:00,Wind,Summer,1787
2020-10-21 00:00:00,Wind,Fall,14414
2025-01-10 00:00:00,Wind,Winter,3643
2024-03-27 00:00:00,Wind,Spring,13594
2022-01-20 00:00:00,Wind,Winter,5272
2023-10-23 00:00:00,Wind,Fall,4431
2023-11-13 00:00:00,Wind,Fall,10550
2023-10-24 00:00:00,Wind,Fall,9197
2024-09-13 00:00:00,Solar,Fall,11435
2025-05-08 00:00:00,Wind,Spring,5647
2023-06-26 00:00:00,Solar,Summer,9710
2024-08-17 00:00:00,Solar,Summer,5446
2022-03-09 00:00:00,Wind,Spring,7922
2020-11-29 00:00:00,Wind,Fall,4505
2020-05-23 00:00:00,Wind,Spring,7295
2022-11-04 00:00:00,Wind,Fall,4294
2024-06-02 00:00:00,Wind,Summer,3481
2024-12-16 00:00:00,Wind,Winter,7735
2021-02-06 00:00:00,Wind,Winter,5019
2021-11-09 00:00:00,Wind,Fall,871
2022-05-12 00:00:00,Wind,Spring,5274
2020-05-11 00:00:00,Wind,Spring,11450
2021-03-11 00:00:00,Wind,Spring,15343
2021-07-19 00:00:00,Wind,Summer,7420
2020-07-11 00:00:00,Wind,Summer,4848
2024-03-20 00:00:00,Wind,Spring,1807
2025-01-29 00:00:00,Wind,Winter,13127
2024-02-04 00:00:00,Wind,Winter,6061
2025-03-02 00:00:00,Solar,Spring,12731
2025-02-06 00:00:00,Wind,Winter,3446
2024-09-12 00:00:00,Wind,Fall,3733
2020-04-22 00:00:00,Wind,Spring,4913
2020-11-02 00:00:00,Wind,Fall,12708
2022-09-17 00:00:00,Wind,Fall,8890
2025-04-20 00:00:00,Wind,Spring,8177
2021-01-25 00:00:00,Wind,Winter,4070
2020-12-04 00:00:00,Wind,Winter,9046
2023-08-01 00:00:00,Wind,Summer,16234
2022-10-31 00:00:00,Wind,Fall,12858
2022-11-12 00:00:00,Solar,Fall,5376
2023-08-20 00:00:00,Solar,Summer,6206
2023-06-14 00:00:00,Wind,Summer,3516
2022-04-23 00:00:00,Wind,Spring,7331
2023-10-02 00:00:00,Wind,Fall,4842
2024-01-03 00:00:00,Wind,Winter,18044
2021-10-14 00:00:00,Wind,Fall,2391
2020-01-12 00:00:00,Wind,Winter,7395
2023-07-08 00:00:00,Solar,Summer,4324
2025-04-06 00:00:00,Wind,Spring,10223
2021-11-01 00:00:00,Wind,Fall,8718
2023-04-20 00:00:00,Wind,Spring,12448
2024-06-29 00:00:00,Wind,Summer,3681
2022-11-28 00:00:00,Wind,Fall,3265
2024-03-10 00:00:00,Wind,Spring,2756
2021-03-28 00:00:00,Wind,Spring,3508
2023-08-25 00:00:00,Wind,Summer,2215
2021-10-19 00:00:00,Wind,Fall,10753
2024-09-02 00:00:00,Solar,Fall,4316
2023-05-23 00:00:00,Wind,Spring,6042
2020-05-03 00:00:00,Wind,Spring,1977
2024-05-09 00:00:00,Wind,Spring,3813
2024-05-17 00:00:00,Solar,Spring,3361
2023-02-12 00:00:00,Wind,Winter,2940
2025-07-29 00:00:00,Solar,Summer,10808
2021-09-29 00:00:00,Wind,Fall,2764
2020-07-04 00:00:00,Wind,Summer,7973
2022-12-27 00:00:00,Wind,Winter,9837
2024-11-12 00:00:00,Wind,Fall,9736
2022-09-06 00:00:00,Wind,Fall,2980
2025-11-26 00:00:00,Solar,Fall,6772
2020-05-20 00:00:00,Solar,Spring,5433
2025-08-30 00:00:00,Wind,Summer,4447
2024-04-14 00:00:00,Solar,Spring,5047
2021-09-30 00:00:00,Wind,Fall,6986
2024-08-25 00:00:00,Wind,Summer,6839
2024-03-23 00:00:00,Wind,Spring,15588
2022-03-07 00:00:00,Wind,Spring,10522
2021-08-29 00:00:00,Solar,Summer,7380
2020-05-03 00:00:00,Solar,Spring,4316
2025-03-04 00:00:00,Wind,Spring,2904
2022-08-19 00:00:00,Wind,Summer,4511
2024-11-05 00:00:00,Wind,Fall,91
2020-11-26 00:00:00,Solar,Fall,3501
2023-11-22 00:00:00,Wind,Fall,4282
2021-03-30 00:00:00,Wind,Spring,2984
2025-09-25 00:00:00,Wind,Fall,3047
2022-08-31 00:00:00,Solar,Summer,4337
2024-01-15 00:00:00,Wind,Winter,3779
2022-08-19 00:00:00,Wind,Summer,2570
2022-07-17 00:00:00,Solar,Summer,8145
2022-02-14 00:00:00,Wind,Winter,11199
2020-12-07 00:00:00,Wind,Winter,1051
2025-01-03 00:00:00,Wind,Winter,3705
2024-10-10 00:00:00,Wind,Fall,8274
2024-07-13 00:00:00,Solar,Summer,2289
2021-10-13 00:00:00,Solar,Fall,4051
2021-02-19 00:00:00,Wind,Winter,5554
2025-03-08 00:00:00,Wind,Spring,12639
2020-11-03 00:00:00,Wind,Fall,3571
2024-06-06 00:00:00,Wind,Summer,2561
2024-09-30 00:00:00,Wind,Fall,11102
2020-04-11 00:00:00,Wind,Spring,3011
2022-06-29 00:00:00,Solar,Summer,2385
2021-06-15 00:00:00,Solar,Summer,2124
2022-08-14 00:00:00,Wind,Summer,4666
2022-05-05 00:00:00,Wind,Spring,2050
2022-08-07 00:00:00,Wind,Summer,6195
2024-08-31 00:00:00,Solar,Summer,7347
2022-06-23 00:00:00,Wind,Summer,3896
2025-08-10 00:00:00,Wind,Summer,3182
2020-06-07 00:00:00,Wind,Summer,2147
2021-01-01 00:00:00,Wind,Winter,998
2021-01-25 00:00:00,Wind,Winter,6191
2022-08-20 00:00:00,Wind,Summer,981
2021-03-08 00:00:00,Wind,Spring,2943
2023-10-11 00:00:00,Wind,Fall,7262
2020-12-31 00:00:00,Wind,Winter,5746
2021-03-31 00:00:00,Wind,Spring,3600
2020-08-23 00:00:00,Wind,Summer,8729
2021-12-01 00:00:00,Wind,Winter,5719
2024-01-11 00:00:00,Wind,Winter,8407
2022-04-19 00:00:00,Wind,Spring,4160
2023-07-30 00:00:00,Wind,Summer,5928
2025-05-20 00:00:00,Wind,Spring,8914
2025-06-13 00:00:00,Solar,Summer,8341
2025-04-30 00:00:00,Solar,Spring,5410
2022-07-06 00:00:00,Solar,Summer,7868
2020-06-07 00:00:00,Solar,Summer,3437
2021-02-19 00:00:00,Wind,Winter,6776
2024-05-11 00:00:00,Wind,Spring,6497
2021-07-07 00:00:00,Solar,Summer,5172
2020-07-20 00:00:00,Solar,Summer,5919
2025-02-24 00:00:00,Wind,Winter,9544
2020-04-15 00:00:00,Wind,Spring,3450
2023-06-02 00:00:00,Wind,Summer,7517
2023-01-19 00:00:00,Wind,Winter,3478
2021-11-16 00:00:00,Wind,Fall,1157
2025-07-01 00:00:00,Wind,Summer,1055
2023-02-21 00:00:00,Wind,Winter,3045
2024-08-09 00:00:00,Wind,Summer,5677
2020-03-25 00:00:00,Wind,Spring,4738
2024-09-19 00:00:00,Wind,Fall,15959
2025-08-24 00:00:00,Wind,Summer,3236
2022-03-04 00:00:00,Wind,Spring,3151
2023-07-21 00:00:00,Wind,Summer,3094
2025-07-04 00:00:00,Solar,Summer,5949
2024-01-03 00:00:00,Wind,Winter,17121
2025-09-14 00:00:00,Wind,Fall,13786
2024-06-30 00:00:00,Wind,Summer,3727
2023-12-19 00:00:00,Wind,Winter,12111
2022-03-26 00:00:00,Wind,Spring,13203
2021-02-09 00:00:00,Wind,Winter,1784
2025-02-05 00:00:00,Wind,Winter,2214
2025-05-31 00:00:00,Wind,Spring,1059
2021-10-31 00:00:00,Wind,Fall,10139
2025-04-27 00:00:00,Solar,Spring,4067
2022-02-13 00:00:00,Wind,Winter,15035
2024-06-23 00:00:00,Wind,Summer,2326
2025-04-21 00:00:00,Solar,Spring,8025
2021-03-16 00:00:00,Wind,Spring,3210
2023-04-29 00:00:00,Wind,Spring,1638
2022-12-23 00:00:00,Wind,Winter,12401
2021-01-30 00:00:00,Wind,Winter,6987
2020-07-30 00:00:00,Wind,Summer,2163
2021-05-05 00:00:00,Wind,Spring,8828
2021-02-04 00:00:00,Wind,Winter,3467
2021-01-19 00:00:00,Wind,Winter,11722
2023-07-21 00:00:00,Wind,Summer,3035
2023-06-08 00:00:00,Wind,Summer,4806
2023-05-14 00:00:00,Wind,Spring,3817
2025-06-19 00:00:00,Wind,Summer,4893
2023-05-18 00:00:00,Solar,Spring,7144
2025-02-15 00:00:00,Wind,Winter,5705
2024-11-20 00:00:00,Wind,Fall,9330
2020-09-22 00:00:00,Solar,Fall,2638
2024-12-15 00:00:00,Wind,Winter,8504
2024-11-20 00:00:00,Wind,Fall,5746
2023-06-14 00:00:00,Wind,Summer,4779
2022-03-11 00:00:00,Wind,Spring,11304
2023-04-28 00:00:00,Wind,Spring,6113
2024-04-01 00:00:00,Wind,Spring,9631
2023-09-13 00:00:00,Solar,Fall,5717
2021-05-29 00:00:00,Solar,Spring,4347
2024-04-01 00:00:00,Wind,Spring,9379
2021-12-03 00:00:00,Wind,Winter,2724
2023-11-09 00:00:00,Wind,Fall,13237
2023-01-13 00:00:00,Wind,Winter,14510
2023-01-22 00:00:00,Wind,Winter,5974
2020-04-13 00:00:00,Wind,Spring,5354
2022-06-29 00:00:00,Wind,Summer,1211
2020-04-29 00:00:00,Wind,Spring,6006
2021-10-05 00:00:00,Wind,Fall,12713
2025-08-27 00:00:00,Wind,Summer,3210
2023-06-23 00:00:00,Wind,Summer,1872
2021-05-04 00:00:00,Wind,Spring,13020
2021-05-03 00:00:00,Wind,Spring,632
2023-09-10 00:00:00,Wind,Fall,3759
2024-07-22 00:00:00,Solar,Summer,7974
2020-06-20 00:00:00,Wind,Summer,1472
2024-09-01 00:00:00,Wind,Fall,4179
2023-08-07 00:00:00,Solar,Summer,9917
2022-08-09 00:00:00,Wind,Summer,7289
2021-05-11 00:00:00,Wind,Spring,2157
2021-02-05 00:00:00,Wind,Winter,2434
2024-11-23 00:00:00,Wind,Fall,19392
2025-02-04 00:00:00,Wind,Winter,3899
2020-12-24 00:00:00,Wind,Winter,11579
2023-06-19 00:00:00,Solar,Summer,5286
2024-02-24 00:00:00,Wind,Winter,7785
2023-11-20 00:00:00,Wind,Fall,8192
2021-10-26 00:00:00,Wind,Fall,3866
2021-09-03 00:00:00,Solar,Fall,1713
2022-08-21 00:00:00,Wind,Summer,603
2024-05-17 00:00:00,Wind,Spring,897
2024-03-05 00:00:00,Wind,Spring,3263
2023-05-24 00:00:00,Wind,Spring,5947
2020-09-13 00:00:00,Solar,Fall,3974
2021-10-07 00:00:00,Wind,Fall,1888
2025-10-26 00:00:00,Wind,Fall,9730
2024-11-13 00:00:00,Wind,Fall,5232
2025-03-05 00:00:00,Wind,Spring,2433
2022-03-17 00:00:00,Wind,Spring,5222
2022-11-03 00:00:00,Wind,Fall,10595
2023-04-22 00:00:00,Wind,Spring,6589
2024-09-06 00:00:00,Solar,Fall,6409
2021-08-23 00:00:00,Wind,Summer,7555
2020-02-06 00:00:00,Solar,Winter,4784
2020-10-24 00:00:00,Wind,Fall,11731
2021-04-06 00:00:00,Wind,Spring,4798
2020-11-12 00:00:00,Wind,Fall,7385
2021-04-22 00:00:00,Wind,Spring,5855
2021-06-18 00:00:00,Wind,Summer,3480
2022-12-06 00:00:00,Wind,Winter,2155
2021-11-17 00:00:00,Wind,Fall,1951
2025-10-18 00:00:00,Solar,Fall,8416
2020-04-15 00:00:00,Wind,Spring,6207
2020-02-17 00:00:00,Wind,Winter,10239
2025-03-16 00:00:00,Wind,Spring,8436
2021-05-09 00:00:00,Wind,Spring,7771
2020-08-12 00:00:00,Wind,Summer,2236
2021-10-13 00:00:00,Wind,Fall,2205
2024-09-11 00:00:00,Wind,Fall,5700
2024-11-07 00:00:00,Wind,Fall,2657
2020-03-31 00:00:00,Wind,Spring,7111
2023-10-18 00:00:00,Wind,Fall,11888
2021-12-30 00:00:00,Wind,Winter,8676
2021-06-05 00:00:00,Solar,Summer,4441
2024-02-18 00:00:00,Wind,Winter,13623
2020-08-07 00:00:00,Solar,Summer,3922
2024-02-12 00:00:00,Wind,Winter,3745
2024-03-09 00:00:00,Wind,Spring,11240
2022-09-05 00:00:00,Wind,Fall,3208
2020-10-14 00:00:00,Wind,Fall,1902
2023-10-12 00:00:00,Solar,Fall,9093
2023-12-20 00:00:00,Wind,Winter,9136
2021-11-28 00:00:00,Wind,Fall,5114
2024-08-29 00:00:00,Wind,Summer,2495
2023-04-22 00:00:00,Wind,Spring,6597
2024-10-02 00:00:00,Solar,Fall,5400
2023-05-25 00:00:00,Wind,Spring,14511
2024-01-21 00:00:00,Wind,Winter,14481
2020-05-21 00:00:00,Wind,Spring,2748
2023-03-04 00:00:00,Wind,Spring,3131
2022-03-21 00:00:00,Wind,Spring,5460
2023-01-02 00:00:00,Wind,Winter,5987
2023-01-20 00:00:00,Wind,Winter,5467
2023-07-22 00:00:00,Wind,Summer,2381
2025-11-17 00:00:00,Wind,Fall,8893
2025-01-15 00:00:00,Wind,Winter,3441
2023-10-15 00:00:00,Wind,Fall,3213
2024-07-05 00:00:00,Solar,Summer,11741
2024-08-15 00:00:00,Solar,Summer,8514
2021-10-01 00:00:00,Wind,Fall,9911
2022-01-21 00:00:00,Wind,Winter,4963
2022-12-19 00:00:00,Wind,Winter,13202
2025-08-13 00:00:00,Wind,Summer,1029
2021-12-22 00:00:00,Wind,Winter,3623
2025-05-26 00:00:00,Wind,Spring,10107
2024-03-19 00:00:00,Wind,Spring,1227
2022-01-17 00:00:00,Wind,Winter,1358
2023-10-15 00:00:00,Wind,Fall,3573
2025-02-16 00:00:00,Solar,Winter,8762
2022-10-07 00:00:00,Wind,Fall,1154
2021-09-15 00:00:00,Wind,Fall,1977
2025-03-06 00:00:00,Wind,Spring,10880
2021-12-09 00:00:00,Wind,Winter,5400
2023-01-02 00:00:00,Wind,Winter,11969
2021-04-17 00:00:00,Wind,Spring,5520
2021-07-30 00:00:00,Wind,Summer,1817
2020-08-24 00:00:00,Wind,Summer,1914
2020-05-15 00:00:00,Wind,Spring,7329
2023-11-24 00:00:00,Wind,Fall,11600
2023-09-06 00:00:00,Wind,Fall,3137
2025-11-03 00:00:00,Wind,Fall,8685
2025-10-27 00:00:00,Wind,Fall,15610
2025-06-28 00:00:00,Wind,Summer,1627
2025-06-10 00:00:00,Wind,Summer,1674
2022-05-31 00:00:00,Wind,Spring,1818
2020-10-14 00:00:00,Wind,Fall,7046
2023-08-14 00:00:00,Wind,Summer,2587
2020-07-23 00:00:00,Wind,Summer,1527
2022-04-16 00:00:00,Solar,Spring,10869
2025-04-16 00:00:00,Wind,Spring,4853
2021-06-05 00:00:00,Wind,Summer,2191
2020-04-24 00:00:00,Wind,Spring,2176
2023-11-23 00:00:00,Wind,Fall,7931
2023-11-10 00:00:00,Wind,Fall,12591
2024-09-24 00:00:00,Wind,Fall,8855
2025-02-22 00:00:00,Wind,Winter,10495
2025-05-05 00:00:00,Wind,Spring,9828
2025-03-05 00:00:00,Solar,Spring,8585
2024-06-28 00:00:00,Wind,Summer,3214
2020-10-16 00:00:00,Wind,Fall,4358
2023-01-06 00:00:00,Wind,Winter,7744
2022-09-05 00:00:00,Wind,Fall,2599
2022-11-25 00:00:00,Wind,Fall,6116
2020-12-14 00:00:00,Wind,Winter,9700
2023-12-23 00:00:00,Wind,Winter,14222
2022-10-04 00:00:00,Wind,Fall,937
2020-08-26 00:00:00,Wind,Summer,8615
2023-10-07 00:00:00,Wind,Fall,1790
2020-01-26 00:00:00,Wind,Winter,3118
2022-01-05 00:00:00,Wind,Winter,4018
2025-11-26 00:00:00,Wind,Fall,2920
2022-06-15 00:00:00,Wind,Summer,2879
2021-09-26 00:00:00,Wind,Fall,2233
2023-07-28 00:00:00,Wind,Summer,3768
2022-06-04 00:00:00,Wind,Summer,3189
2020-01-10 00:00:00,Wind,Winter,6407
2024-09-30 00:00:00,Wind,Fall,12240
2024-10-01 00:00:00,Wind,Fall,7834
2025-11-18 00:00:00,Wind,Fall,8784
2024-04-03 00:00:00,Wind,Spring,11683
2025-10-31 00:00:00,Wind,Fall,10049
2025-02-22 00:00:00,Wind,Winter,10894
2023-07-27 00:00:00,Wind,Summer,16122
2024-09-17 00:00:00,Wind,Fall,13680
2021-12-06 00:00:00,Wind,Winter,3931
2023-11-25 00:00:00,Wind,Fall,8586
2021-02-26 00:00:00,Wind,Winter,3948
2020-07-03 00:00:00,Wind,Summer,2522
2024-03-19 00:00:00,Wind,Spring,1178
2021-11-12 00:00:00,Solar,Fall,4637
2023-09-20 00:00:00,Wind,Fall,14551
2022-01-23 00:00:00,Wind,Winter,3865
2024-09-30 00:00:00,Wind,Fall,20041
2020-11-11 00:00:00,Wind,Fall,7638
2021-01-17 00:00:00,Wind,Winter,5008
2020-11-26 00:00:00,Wind,Fall,2436
2023-09-14 00:00:00,Wind,Fall,710
2020-12-17 00:00:00,Wind,Winter,5368
2022-11-10 00:00:00,Wind,Fall,3142
2022-07-02 00:00:00,Wind,Summer,1832
2023-03-17 00:00:00,Wind,Spring,9108
2023-03-29 00:00:00,Solar,Spring,9902
2025-06-27 00:00:00,Solar,Summer,9500
2025-02-09 00:00:00,Wind,Winter,3088
2020-09-18 00:00:00,Wind,Fall,6021
2024-11-18 00:00:00,Wind,Fall,9481
2022-04-19 00:00:00,Solar,Spring,4623
2020-11-27 00:00:00,Wind,Fall,2632
2020-11-16 00:00:00,Wind,Fall,9214
2020-02-12 00:00:00,Wind,Winter,9274
2021-07-15 00:00:00,Wind,Summer,7907
2025-11-27 00:00:00,Wind,Fall,6967
2024-08-05 00:00:00,Solar,Summer,8671
2021-05-16 00:00:00,Wind,Spring,9142
2021-02-24 00:00:00,Wind,Winter,6699
2020-03-05 00:00:00,Wind,Spring,5871
2024-06-03 00:00:00,Wind,Summer,3047
2025-02-06 00:00:00,Wind,Winter,5595
2023-09-02 00:00:00,Wind,Fall,2089
2022-11-14 00:00:00,Wind,Fall,4420
2020-01-31 00:00:00,Wind,Winter,6229
2021-06-13 00:00:00,Wind,Summer,2420
2024-08-14 00:00:00,Wind,Summer,3688
2024-05-25 00:00:00,Solar,Spring,3720
2020-12-27 00:00:00,Wind,Winter,7389
2020-04-01 00:00:00,Solar,Spring,5326
2023-01-18 00:00:00,Wind,Winter,5216
2021-03-13 00:00:00,Wind,Spring,11499
2024-07-25 00:00:00,Solar,Summer,4811
2024-12-25 00:00:00,Solar,Winter,3467
2023-06-23 00:00:00,Wind,Summer,1435
2022-04-22 00:00:00,Solar,Spring,8327
2020-03-16 00:00:00,Wind,Spring,3423
2022-06-06 00:00:00,Wind,Summer,2710
2021-12-11 00:00:00,Wind,Winter,10034
2021-10-12 00:00:00,Wind,Fall,2616
2025-04-08 00:00:00,Solar,Spring,9010
2025-07-30 00:00:00,Solar,Summer,7443
2020-12-19 00:00:00,Wind,Winter,11340
2023-07-06 00:00:00,Solar,Summer,7124
2021-06-13 00:00:00,Solar,Summer,4905
2020-07-11 00:00:00,Solar,Summer,4169
2020-09-04 00:00:00,Solar,Fall,2508
2020-08-18 00:00:00,Wind,Summer,697
2024-06-23 00:00:00,Solar,Summer,3387
2020-12-18 00:00:00,Wind,Winter,5793
2025-10-04 00:00:00,Wind,Fall,17093
2024-03-12 00:00:00,Wind,Spring,8894
2024-10-21 00:00:00,Wind,Fall,5133
2025-03-11 00:00:00,Wind,Spring,4647
2021-08-06 00:00:00,Wind,Summer,12722
2025-01-25 00:00:00,Wind,Winter,5523
2020-03-12 00:00:00,Wind,Spring,10434
2021-12-28 00:00:00,Wind,Winter,12227
2023-06-08 00:00:00,Wind,Summer,4772
2024-10-03 00:00:00,Wind,Fall,11198
2023-01-18 00:00:00,Wind,Winter,5226
2022-06-06 00:00:00,Wind,Summer,1864
2021-12-08 00:00:00,Wind,Winter,5364
2020-03-15 00:00:00,Wind,Spring,3727
2022-03-18 00:00:00,Wind,Spring,14015
2022-03-11 00:00:00,Wind,Spring,10416
2025-02-06 00:00:00,Wind,Winter,12071
2022-04-23 00:00:00,Wind,Spring,5823
2023-02-13 00:00:00,Solar,Winter,6344
2023-12-26 00:00:00,Wind,Winter,2721
2020-08-24 00:00:00,Wind,Summer,2460
2020-10-29 00:00:00,Wind,Fall,8549
2022-05-24 00:00:00,Wind,Spring,1737
2024-10-21 00:00:00,Wind,Fall,4204
2022-04-16 00:00:00,Wind,Spring,8184
2022-05-16 00:00:00,Solar,Spring,1701
2024-05-19 00:00:00,Wind,Spring,1146
2022-10-09 00:00:00,Solar,Fall,3480
2022-05-19 00:00:00,Wind,Spring,7130
2022-07-01 00:00:00,Wind,Summer,2336
2023-05-09 00:00:00,Wind,Spring,4052
2022-02-03 00:00:00,Wind,Winter,2472
2021-06-06 00:00:00,Solar,Summer,5111
2021-09-20 00:00:00,Wind,Fall,1552
2024-05-08 00:00:00,Wind,Spring,4590
2020-05-31 00:00:00,Wind,Spring,6587
2022-03-27 00:00:00,Wind,Spring,2412
2022-09-12 00:00:00,Wind,Fall,2581
2024-08-18 00:00:00,Solar,Summer,8765
2020-05-04 00:00:00,Solar,Spring,5337
2024-10-23 00:00:00,Wind,Fall,1709
2022-02-10 00:00:00,Wind,Winter,5360
2020-04-08 00:00:00,Solar,Spring,2595
2022-09-02 00:00:00,Wind,Fall,2750
2022-05-22 00:00:00,Wind,Spring,2963
2022-01-28 00:00:00,Wind,Winter,1216
2021-07-12 00:00:00,Wind,Summer,2454
2023-11-05 00:00:00,Wind,Fall,14785
2024-02-12 00:00:00,Wind,Winter,2207
2024-06-09 00:00:00,Wind,Summer,3499
2023-05-03 00:00:00,Wind,Spring,8694
2025-02-22 00:00:00,Wind,Winter,10315
2024-11-23 00:00:00,Wind,Fall,9018
2024-04-20 00:00:00,Wind,Spring,6161
2022-01-14 00:00:00,Solar,Winter,2655
2024-12-22 00:00:00,Wind,Winter,18534
2023-01-01 00:00:00,Wind,Winter,9041
2023-07-31 00:00:00,Wind,Summer,8004
2021-06-19 00:00:00,Solar,Summer,4434
2025-06-15 00:00:00,Wind,Summer,2381
2023-07-13 00:00:00,Solar,Summer,8460
2022-11-20 00:00:00,Wind,Fall,11679
2023-07-29 00:00:00,Wind,Summer,11633
2024-06-26 00:00:00,Solar,Summer,5746
2025-05-27 00:00:00,Wind,Spring,6782
2023-05-17 00:00:00,Solar,Spring,12591
2021-11-05 00:00:00,Wind,Fall,3138
2024-09-20 00:00:00,Wind,Fall,6343
2023-08-02 00:00:00,Wind,Summer,20359
2024-05-13 00:00:00,Wind,Spring,6358
2024-12-25 00:00:00,Wind,Winter,1322
2020-09-29 00:00:00,Wind,Fall,1250
2021-02-04 00:00:00,Wind,Winter,2756
2021-01-26 00:00:00,Wind,Winter,5374
2023-03-02 00:00:00,Solar,Spring,5920
2020-08-29 00:00:00,Wind,Summer,3168
2020-08-28 00:00:00,Wind,Summer,8716
2023-05-10 00:00:00,Wind,Spring,7126
2023-04-24 00:00:00,Wind,Spring,8130
2022-04-19 00:00:00,Wind,Spring,2920
2022-04-23 00:00:00,Wind,Spring,8065
2025-09-25 00:00:00,Wind,Fall,3175
2023-05-17 00:00:00,Solar,Spring,10667
2020-03-17 00:00:00,Wind,Spring,596
2023-07-06 00:00:00,Solar,Summer,6939
2020-04-09 00:00:00,Solar,Spring,2595
2023-05-01 00:00:00,Solar,Spring,7715
2023-04-21 00:00:00,Solar,Spring,4021
2023-05-05 00:00:00,Wind,Spring,1319
2020-04-24 00:00:00,Wind,Spring,1022
2023-07-17 00:00:00,Solar,Summer,9207
2020-11-06 00:00:00,Wind,Fall,6817
2020-03-17 00:00:00,Solar,Spring,1714
2020-07-28 00:00:00,Wind,Summer,3211
2022-07-19 00:00:00,Wind,Summer,5940
2020-07-09 00:00:00,Wind,Summer,5677
2023-06-24 00:00:00,Wind,Summer,3270
2021-11-27 00:00:00,Wind,Fall,9185
2022-02-12 00:00:00,Solar,Winter,7521
2021-11-06 00:00:00,Wind,Fall,2796
2021-02-14 00:00:00,Wind,Winter,9763
2024-06-24 00:00:00,Solar,Summer,5797
2020-04-04 00:00:00,Wind,Spring,3591
2022-10-23 00:00:00,Wind,Fall,6954
2023-12-10 00:00:00,Wind,Winter,15601
2023-05-26 00:00:00,Wind,Spring,7754
2025-05-22 00:00:00,Wind,Spring,5574
2021-12-27 00:00:00,Wind,Winter,3966
2022-06-27 00:00:00,Wind,Summer,1238
2022-03-24 00:00:00,Solar,Spring,4803
2020-09-27 00:00:00,Wind,Fall,8052
2022-05-02 00:00:00,Wind,Spring,2029
2020-01-05 00:00:00,Wind,Winter,2245
2021-02-15 00:00:00,Wind,Winter,9792
2024-01-16 00:00:00,Wind,Winter,2010
2025-01-16 00:00:00,Wind,Winter,3827
2025-06-20 00:00:00,Solar,Summer,11681
2023-05-14 00:00:00,Wind,Spring,3884
2025-06-16 00:00:00,Solar,Summer,6557
2021-02-04 00:00:00,Wind,Winter,2798
2023-10-22 00:00:00,Wind,Fall,8628
2024-05-19 00:00:00,Solar,Spring,2455
2022-05-17 00:00:00,Solar,Spring,4347
2022-06-04 00:00:00,Solar,Summer,5828
2025-02-22 00:00:00,Wind,Winter,10238
2021-12-07 00:00:00,Wind,Winter,12122
2024-09-06 00:00:00,Solar,Fall,4893
2022-07-12 00:00:00,Wind,Summer,2572
2024-11-15 00:00:00,Solar,Fall,4951
2020-03-22 00:00:00,Wind,Spring,10827
2023-09-30 00:00:00,Wind,Fall,889
2025-08-15 00:00:00,Wind,Summer,4242
2023-01-07 00:00:00,Wind,Winter,15880
2024-02-28 00:00:00,Wind,Winter,3703
2023-04-15 00:00:00,Wind,Spring,13143
2021-04-01 00:00:00,Solar,Spring,6405
2025-09-22 00:00:00,Wind,Fall,15222
2023-03-29 00:00:00,Wind,Spring,4865
2021-02-07 00:00:00,Wind,Winter,4598
2022-08-03 00:00:00,Solar,Summer,3379
2022-03-11 00:00:00,Wind,Spring,12628
2021-09-22 00:00:00,Wind,Fall,1945
2024-07-24 00:00:00,Wind,Summer,1089
2025-04-02 00:00:00,Wind,Spring,15030
2024-08-01 00:00:00,Wind,Summer,1649
2020-02-15 00:00:00,Wind,Winter,8611
2020-12-28 00:00:00,Wind,Winter,9395
2023-06-30 00:00:00,Solar,Summer,8565
2022-05-31 00:00:00,Wind,Spring,2131
2024-06-21 00:00:00,Wind,Summer,1717
2021-08-05 00:00:00,Wind,Summer,9475
2022-05-13 00:00:00,Solar,Spring,6107
2022-12-19 00:00:00,Wind,Winter,14450
2024-04-21 00:00:00,Wind,Spring,5871
2023-11-02 00:00:00,Wind,Fall,17146
2023-11-04 00:00:00,Wind,Fall,18105
2020-11-29 00:00:00,Wind,Fall,2659
2021-01-04 00:00:00,Wind,Winter,1589
2020-12-23 00:00:00,Wind,Winter,12177
2024-12-28 00:00:00,Wind,Winter,638
2020-05-28 00:00:00,Wind,Spring,6840
2020-04-12 00:00:00,Wind,Spring,978
2020-12-15 00:00:00,Wind,Winter,4427
2022-03-21 00:00:00,Wind,Spring,3512
2022-12-31 00:00:00,Wind,Winter,16435
2021-05-31 00:00:00,Solar,Spring,7096
2024-11-13 00:00:00,Wind,Fall,6882
2023-04-09 00:00:00,Solar,Spring,7478
2021-02-22 00:00:00,Wind,Winter,7591
2025-02-25 00:00:00,Wind,Winter,3644
2021-12-19 00:00:00,Wind,Winter,3022
2020-11-24 00:00:00,Wind,Fall,6768
2021-09-10 00:00:00,Wind,Fall,1997
2021-04-13 00:00:00,Wind,Spring,1796
2022-08-04 00:00:00,Wind,Summer,1586
2025-05-04 00:00:00,Wind,Spring,12606
2020-08-29 00:00:00,Wind,Summer,5103
2023-07-19 00:00:00,Wind,Summer,4118
2023-12-04 00:00:00,Wind,Winter,13158
2022-12-04 00:00:00,Wind,Winter,3430
2024-06-13 00:00:00,Wind,Summer,4639
2025-05-07 00:00:00,Wind,Spring,8947
2023-08-28 00:00:00,Wind,Summer,4554
2023-08-05 00:00:00,Wind,Summer,14188
2025-01-18 00:00:00,Wind,Winter,1157
2022-05-23 00:00:00,Wind,Spring,3636
2025-11-30 00:00:00,Wind,Fall,4387
2021-10-07 00:00:00,Solar,Fall,4917
2020-03-12 00:00:00,Wind,Spring,9223
2021-01-20 00:00:00,Wind,Winter,14624
2024-08-05 00:00:00,Wind,Summer,1034
2025-10-23 00:00:00,Wind,Fall,12997
2020-10-20 00:00:00,Wind,Fall,10003
2022-05-05 00:00:00,Solar,Spring,5897
2020-01-23 00:00:00,Wind,Winter,2779
2021-07-07 00:00:00,Solar,Summer,5429
2020-07-25 00:00:00,Wind,Summer,1543
2020-07-18 00:00:00,Wind,Summer,1515
2021-09-26 00:00:00,Wind,Fall,2281
2024-04-29 00:00:00,Wind,Spring,2419
2021-09-19 00:00:00,Wind,Fall,2332
2022-08-30 00:00:00,Wind,Summer,3592
2023-09-16 00:00:00,Solar,Fall,8664
2022-06-22 00:00:00,Wind,Summer,3887
2020-04-19 00:00:00,Wind,Spring,4931
2024-04-09 00:00:00,Wind,Spring,8756
2025-03-11 00:00:00,Wind,Spring,5580
2024-10-01 00:00:00,Wind,Fall,7164
2024-08-16 00:00:00,Wind,Summer,3335
2024-09-05 00:00:00,Wind,Fall,3657
2025-09-29 00:00:00,Solar,Fall,7678
2020-05-24 00:00:00,Wind,Spring,3046
2023-04-15 00:00:00,Wind,Spring,10771
2023-06-07 00:00:00,Wind,Summer,4685
2021-09-02 00:00:00,Wind,Fall,5612
2023-01-02 00:00:00,Wind,Winter,4218
2021-11-04 00:00:00,Wind,Fall,3606
2024-12-06 00:00:00,Wind,Winter,12425
2023-12-13 00:00:00,Wind,Winter,9180
2024-11-30 00:00:00,Solar,Fall,4668
2025-09-16 00:00:00,Wind,Fall,9715
2023-03-03 00:00:00,Wind,Spring,5832
2023-02-17 00:00:00,Wind,Winter,7265
2024-07-19 00:00:00,Wind,Summer,1551
2022-05-09 00:00:00,Solar,Spring,4782
2022-04-08 00:00:00,Wind,Spring,6382
2023-08-30 00:00:00,Wind,Summer,5549
2023-02-15 00:00:00,Solar,Winter,3695
2022-06-09 00:00:00,Solar,Summer,8567
2020-02-13 00:00:00,Wind,Winter,11612
2023-03-20 00:00:00,Solar,Spring,5436
2023-11-15 00:00:00,Wind,Fall,10772
2024-12-12 00:00:00,Wind,Winter,3318
2021-05-14 00:00:00,Wind,Spring,3668
2024-05-18 00:00:00,Solar,Spring,3617
2020-10-24 00:00:00,Wind,Fall,5673
2020-11-19 00:00:00,Wind,Fall,10362
2023-05-17 00:00:00,Wind,Spring,7939
2021-08-19 00:00:00,Solar,Summer,5079
2024-08-07 00:00:00,Solar,Summer,3763
2022-08-10 00:00:00,Wind,Summer,5109
2020-05-30 00:00:00,Wind,Spring,5257
2021-10-14 00:00:00,Wind,Fall,884
2020-10-30 00:00:00,Wind,Fall,8074
2021-11-30 00:00:00,Wind,Fall,12923
2024-10-18 00:00:00,Wind,Fall,5240
2021-11-13 00:00:00,Wind,Fall,5285
2023-06-17 00:00:00,Solar,Summer,6725
2021-03-26 00:00:00,Wind,Spring,5822
2022-07-11 00:00:00,Solar,Summer,8839
2022-10-06 00:00:00,Wind,Fall,1848
2020-11-21 00:00:00,Wind,Fall,2645
2020-06-02 00:00:00,Wind,Summer,1623
2021-12-08 00:00:00,Wind,Winter,7536
2021-06-10 00:00:00,Wind,Summer,1077
2021-08-31 00:00:00,Solar,Summer,8581
2022-01-14 00:00:00,Wind,Winter,891
2023-04-17 00:00:00,Solar,Spring,5631
2023-04-28 00:00:00,Wind,Spring,4743
2023-02-02 00:00:00,Wind,Winter,7966
2024-05-26 00:00:00,Wind,Spring,3079
2022-03-17 00:00:00,Wind,Spring,5041
2021-06-12 00:00:00,Wind,Summer,1612
2022-08-22 00:00:00,Wind,Summer,1343
2021-04-13 00:00:00,Wind,Spring,2747
2024-05-25 00:00:00,Wind,Spring,1939
2024-07-23 00:00:00,Wind,Summer,5296
2024-10-22 00:00:00,Solar,Fall,5151
2025-09-08 00:00:00,Wind,Fall,3247
2024-02-05 00:00:00,Wind,Winter,7250
2025-11-02 00:00:00,Wind,Fall,8891
2021-05-30 00:00:00,Wind,Spring,3606
2021-07-18 00:00:00,Wind,Summer,8491
2023-10-04 00:00:00,Wind,Fall,2909
2020-12-16 00:00:00,Wind,Winter,7854
2022-11-18 00:00:00,Wind,Fall,4771
2022-08-06 00:00:00,Wind,Summer,7487
2022-08-10 00:00:00,Wind,Summer,5582
2024-04-08 00:00:00,Wind,Spring,3115
2021-12-30 00:00:00,Wind,Winter,8402
2022-11-27 00:00:00,Wind,Fall,6863
2024-04-25 00:00:00,Wind,Spring,1051
2022-02-07 00:00:00,Wind,Winter,4624
2022-05-29 00:00:00,Wind,Spring,4550
2021-11-26 00:00:00,Wind,Fall,5880
2022-03-06 00:00:00,Wind,Spring,7259
2024-04-09 00:00:00,Wind,Spring,14993
2020-07-05 00:00:00,Wind,Summer,9243
2020-11-08 00:00:00,Solar,Fall,3198
2021-07-03 00:00:00,Wind,Summer,2200
2024-08-18 00:00:00,Wind,Summer,3802
2024-02-03 00:00:00,Wind,Winter,7256
2020-02-22 00:00:00,Wind,Winter,8212
2025-08-24 00:00:00,Solar,Summer,7445
2025-01-31 00:00:00,Wind,Winter,4032
2022-01-29 00:00:00,Wind,Winter,6295
2024-05-16 00:00:00,Wind,Spring,1985
2025-09-09 00:00:00,Wind,Fall,1712
2025-05-07 00:00:00,Wind,Spring,5970
2021-11-04 00:00:00,Wind,Fall,3125
2024-08-26 00:00:00,Solar,Summer,10162
2022-05-24 00:00:00,Wind,Spring,6008
2022-08-21 00:00:00,Solar,Summer,4032
2021-11-03 00:00:00,Wind,Fall,3933
2020-04-08 00:00:00,Solar,Spring,3264
2024-08-30 00:00:00,Wind,Summer,4148
2022-06-30 00:00:00,Wind,Summer,1528
2022-08-27 00:00:00,Solar,Summer,7198
2021-11-05 00:00:00,Solar,Fall,4648
2022-05-03 00:00:00,Wind,Spring,4519
2020-06-14 00:00:00,Wind,Summer,1888
2024-10-09 00:00:00,Wind,Fall,12523
2024-11-24 00:00:00,Wind,Fall,19513
2024-12-17 00:00:00,Wind,Winter,9136
2024-04-02 00:00:00,Wind,Spring,13180
2021-09-02 00:00:00,Wind,Fall,5765
2020-12-29 00:00:00,Wind,Winter,4269
2023-03-16 00:00:00,Wind,Spring,10081
2024-02-04 00:00:00,Wind,Winter,8459
2023-04-20 00:00:00,Wind,Spring,6268
2022-03-23 00:00:00,Solar,Spring,5419
2024-03-05 00:00:00,Wind,Spring,3141
2020-01-17 00:00:00,Wind,Winter,9390
2023-09-07 00:00:00,Wind,Fall,2893
2024-12-23 00:00:00,Wind,Winter,4916
2024-06-23 00:00:00,Solar,Summer,4090
2021-09-27 00:00:00,Wind,Fall,10123
2025-07-18 00:00:00,Wind,Summer,1564
2022-12-10 00:00:00,Wind,Winter,1533
2023-04-19 00:00:00,Wind,Spring,7115
2025-05-30 00:00:00,Solar,Spring,4444
2024-11-15 00:00:00,Solar,Fall,5039
2022-08-22 00:00:00,Wind,Summer,1609
2022-06-14 00:00:00,Solar,Summer,5556
2023-01-29 00:00:00,Wind,Winter,4213
2022-12-01 00:00:00,Wind,Winter,2895
2024-12-05 00:00:00,Wind,Winter,16688
2022-10-16 00:00:00,Wind,Fall,7022
2020-08-21 00:00:00,Wind,Summer,6690
2021-12-22 00:00:00,Wind,Winter,2824
2025-07-21 00:00:00,Wind,Summer,11030
2024-01-02 00:00:00,Wind,Winter,17248
2025-04-11 00:00:00,Wind,Spring,3644
2025-08-02 00:00:00,Solar,Summer,12289
2021-04-02 00:00:00,Wind,Spring,11290
2023-03-13 00:00:00,Wind,Spring,15437
2024-11-02 00:00:00,Wind,Fall,1771
2023-05-16 00:00:00,Wind,Spring,13805
2024-09-22 00:00:00,Wind,Fall,4071
2021-10-28 00:00:00,Wind,Fall,7333
2021-08-31 00:00:00,Wind,Summer,4199
2023-02-06 00:00:00,Wind,Winter,8096
2025-10-03 00:00:00,Wind,Fall,6874
2023-07-08 00:00:00,Wind,Summer,1493
2024-11-07 00:00:00,Wind,Fall,3966
2023-08-01 00:00:00,Wind,Summer,7412
2024-12-04 00:00:00,Wind,Winter,1527
2024-03-18 00:00:00,Wind,Spring,2921
2020-12-30 00:00:00,Wind,Winter,5298
2023-05-20 00:00:00,Wind,Spring,11018
2022-02-23 00:00:00,Wind,Winter,915
2024-06-24 00:00:00,Wind,Summer,3013
2020-12-09 00:00:00,Wind,Winter,4120
2020-12-02 00:00:00,Wind,Winter,3538
2025-04-18 00:00:00,Wind,Spring,7067
2022-04-17 00:00:00,Wind,Spring,5787
2020-10-06 00:00:00,Wind,Fall,11000
2024-07-28 00:00:00,Solar,Summer,7133
2021-09-14 00:00:00,Wind,Fall,2764
2025-09-03 00:00:00,Wind,Fall,13678
2025-05-05 00:00:00,Wind,Spring,12722
2020-09-01 00:00:00,Solar,Fall,4740
2022-06-06 00:00:00,Wind,Summer,1806
2020-10-04 00:00:00,Wind,Fall,8818
2021-06-26 00:00:00,Solar,Summer,633
2023-06-02 00:00:00,Wind,Summer,7043
2025-02-15 00:00:00,Wind,Winter,5875
2022-01-29 00:00:00,Wind,Winter,9123
2025-02-13 00:00:00,Wind,Winter,4432
2022-09-19 00:00:00,Solar,Fall,6983
2024-06-29 00:00:00,Wind,Summer,4100
2025-07-11 00:00:00,Solar,Summer,12811
2021-03-07 00:00:00,Solar,Spring,2799
2022-03-07 00:00:00,Wind,Spring,6613
2020-06-17 00:00:00,Wind,Summer,1500
2022-03-14 00:00:00,Wind,Spring,6130
2024-05-02 00:00:00,Wind,Spring,5050
2025-03-08 00:00:00,Wind,Spring,12431
2022-05-05 00:00:00,Wind,Spring,1715
2024-06-23 00:00:00,Wind,Summer,2581
2020-02-14 00:00:00,Wind,Winter,3683
2025-08-02 00:00:00,Wind,Summer,4270
2024-05-05 00:00:00,Wind,Spring,3256
2023-04-30 00:00:00,Wind,Spring,4169
2025-02-09 00:00:00,Wind,Winter,1709
2025-08-11 00:00:00,Solar,Summer,6420
2025-03-10 00:00:00,Wind,Spring,3471
2020-04-03 00:00:00,Wind,Spring,1256
2022-02-01 00:00:00,Wind,Winter,14323
2024-04-09 00:00:00,Wind,Spring,9329
2022-05-02 00:00:00,Wind,Spring,3754
2022-10-08 00:00:00,Wind,Fall,3051
2022-11-11 00:00:00,Wind,Fall,3328
2022-10-05 00:00:00,Wind,Fall,11975
2025-05-26 00:00:00,Solar,Spring,6702
2023-02-16 00:00:00,Wind,Winter,3973
2022-12-14 00:00:00,Wind,Winter,2542
2020-02-14 00:00:00,Wind,Winter,5860
2020-03-13 00:00:00,Wind,Spring,6097
2021-12-07 00:00:00,Wind,Winter,5489
2021-09-23 00:00:00,Wind,Fall,1224
2024-09-05 00:00:00,Wind,Fall,5710
2022-11-16 00:00:00,Wind,Fall,15448
2022-03-12 00:00:00,Wind,Spring,6239
2024-02-19 00:00:00,Wind,Winter,7758
2022-03-08 00:00:00,Wind,Spring,7990
2020-09-07 00:00:00,Solar,Fall,3027
2020-09-06 00:00:00,Solar,Fall,4473
2022-01-21 00:00:00,Wind,Winter,4551
2021-09-16 00:00:00,Solar,Fall,1635
2024-04-06 00:00:00,Wind,Spring,8976
2024-11-12 00:00:00,Wind,Fall,8188
2025-10-19 00:00:00,Wind,Fall,6818
2023-05-13 00:00:00,Wind,Spring,5777
2022-12-08 00:00:00,Wind,Winter,2632
2022-03-22 00:00:00,Solar,Spring,8531
2023-12-25 00:00:00,Wind,Winter,12985
2025-02-06 00:00:00,Wind,Winter,12160
2022-02-07 00:00:00,Wind,Winter,13497
2023-01-18 00:00:00,Wind,Winter,5234
2025-01-26 00:00:00,Wind,Winter,10365
2024-05-04 00:00:00,Wind,Spring,3298
2024-06-04 00:00:00,Wind,Summer,4473
2021-01-18 00:00:00,Wind,Winter,2915
2021-11-22 00:00:00,Wind,Fall,11582
2024-02-28 00:00:00,Wind,Winter,2370
2020-11-12 00:00:00,Wind,Fall,5105
2022-08-24 00:00:00,Solar,Summer,6402
2021-11-08 00:00:00,Solar,Fall,4153
2022-01-14 00:00:00,Wind,Winter,1127
2025-06-03 00:00:00,Wind,Summer,6959
2020-01-01 00:00:00,Wind,Winter,1323
2023-05-19 00:00:00,Wind,Spring,5256
2022-07-03 00:00:00,Wind,Summer,2890
2020-06-16 00:00:00,Wind,Summer,1468
2024-02-19 00:00:00,Wind,Winter,10225
2020-01-09 00:00:00,Wind,Winter,10944
2022-06-12 00:00:00,Wind,Summer,5222
2020-04-11 00:00:00,Wind,Spring,725
2022-09-06 00:00:00,Wind,Fall,3166
2020-06-08 00:00:00,Wind,Summer,1496
2022-12-13 00:00:00,Wind,Winter,6816
2024-10-07 00:00:00,Wind,Fall,7138
2024-08-13 00:00:00,Wind,Summer,1600
2024-05-26 00:00:00,Wind,Spring,5565
2024-08-19 00:00:00,Solar,Summer,9088
2023-11-04 00:00:00,Wind,Fall,15770
2021-04-14 00:00:00,Solar,Spring,5528
2023-11-02 00:00:00,Wind,Fall,15300
2023-07-31 00:00:00,Wind,Summer,10752
2022-08-01 00:00:00,Solar,Summer,3859
2025-02-13 00:00:00,Wind,Winter,1112
2021-11-06 00:00:00,Wind,Fall,2797
2025-10-11 00:00:00,Wind,Fall,5515
2020-11-28 00:00:00,Wind,Fall,3659
2025-09-17 00:00:00,Wind,Fall,3567
2024-02-01 00:00:00,Wind,Winter,1902
2025-08-09 00:00:00,Wind,Summer,1061
2021-10-22 00:00:00,Wind,Fall,2376
2022-12-16 00:00:00,Wind,Winter,6144
2022-02-22 00:00:00,Wind,Winter,14675
2023-09-15 00:00:00,Wind,Fall,4226
2021-08-06 00:00:00,Wind,Summer,2893
2024-09-06 00:00:00,Wind,Fall,1393
2025-07-28 00:00:00,Solar,Summer,11478
2024-07-26 00:00:00,Solar,Summer,6307
2021-09-15 00:00:00,Wind,Fall,2190
2025-03-26 00:00:00,Solar,Spring,7167
2025-07-22 00:00:00,Wind,Summer,1826
2020-06-09 00:00:00,Solar,Summer,4970
2022-12-31 00:00:00,Wind,Winter,17264
2025-02-15 00:00:00,Solar,Winter,7084
2020-08-09 00:00:00,Wind,Summer,3103
2023-10-18 00:00:00,Wind,Fall,11879
2023-03-09 00:00:00,Wind,Spring,15820
2023-09-17 00:00:00,Wind,Fall,5366
2023-11-18 00:00:00,Wind,Fall,12524
2020-11-22 00:00:00,Solar,Fall,3338
2024-12-31 00:00:00,Wind,Winter,8495
2025-11-09 00:00:00,Solar,Fall,7371
2021-06-29 00:00:00,Solar,Summer,5193
2025-10-20 00:00:00,Wind,Fall,16757
2024-05-03 00:00:00,Wind,Spring,2964
2025-09-16 00:00:00,Wind,Fall,3536
2025-04-12 00:00:00,Wind,Spring,11549
2021-05-24 00:00:00,Wind,Spring,12791
2025-03-10 00:00:00,Solar,Spring,6063
2021-06-20 00:00:00,Wind,Summer,3324
2020-08-16 00:00:00,Wind,Summer,1272
2023-08-25 00:00:00,Wind,Summer,2460
2025-01-22 00:00:00,Wind,Winter,5102
2025-01-06 00:00:00,Wind,Winter,18975
2023-05-15 00:00:00,Solar,Spring,9340
2020-07-12 00:00:00,Solar,Summer,4498
2024-06-13 00:00:00,Wind,Summer,5123
2025-07-03 00:00:00,Solar,Summer,9855
2024-08-26 00:00:00,Solar,Summer,8375
2025-09-29 00:00:00,Solar,Fall,8318
2020-04-19 00:00:00,Wind,Spring,2105
2023-03-04 00:00:00,Wind,Spring,4490
2021-07-13 00:00:00,Wind,Summer,7535
2025-10-09 00:00:00,Solar,Fall,5069
2021-09-06 00:00:00,Solar,Fall,3616
2025-10-03 00:00:00,Wind,Fall,10465
2024-04-24 00:00:00,Wind,Spring,10914
2023-07-03 00:00:00,Wind,Summer,6964
2020-04-09 00:00:00,Wind,Spring,894
2020-08-08 00:00:00,Wind,Summer,1875
2021-09-26 00:00:00,Solar,Fall,5531
2023-12-25 00:00:00,Wind,Winter,15160
2022-04-02 00:00:00,Wind,Spring,4539
2023-12-14 00:00:00,Wind,Winter,7047
2020-01-23 00:00:00,Wind,Winter,3347
2023-10-15 00:00:00,Solar,Fall,6957
2020-05-31 00:00:00,Wind,Spring,4859
2025-03-29 00:00:00,Wind,Spring,5649
2020-10-08 00:00:00,Wind,Fall,4432
2021-02-17 00:00:00,Wind,Winter,8531
2020-05-11 00:00:00,Wind,Spring,10139
2022-09-05 00:00:00,Wind,Fall,2789
2021-07-07 00:00:00,Wind,Summer,4006
2024-10-12 00:00:00,Wind,Fall,6023
2022-06-20 00:00:00,Wind,Summer,3009
2024-10-26 00:00:00,Wind,Fall,2152
2020-05-18 00:00:00,Wind,Spring,2064
2022-08-02 00:00:00,Wind,Summer,1397
2022-01-14 00:00:00,Wind,Winter,1410
2024-07-25 00:00:00,Solar,Summer,8796
2023-05-26 00:00:00,Solar,Spring,10688
2024-08-22 00:00:00,Solar,Summer,10231
2024-03-22 00:00:00,Wind,Spring,2130
2021-10-26 00:00:00,Wind,Fall,5120
2025-07-19 00:00:00,Wind,Summer,14450
2024-07-28 00:00:00,Wind,Summer,2348
2024-02-01 00:00:00,Wind,Winter,3444
2022-12-26 00:00:00,Wind,Winter,10092
2024-07-30 00:00:00,Solar,Summer,4665
2022-08-18 00:00:00,Wind,Summer,1182
2025-04-16 00:00:00,Solar,Spring,6246
2020-11-15 00:00:00,Wind,Fall,12149
2025-02-26 00:00:00,Wind,Winter,9755
2022-02-20 00:00:00,Wind,Winter,12571
2025-02-20 00:00:00,Wind,Winter,9967
2022-02-27 00:00:00,Wind,Winter,9685
2021-12-31 00:00:00,Wind,Winter,3904
2022-07-28 00:00:00,Solar,Summer,5588
2021-04-28 00:00:00,Wind,Spring,1371
2021-12-23 00:00:00,Wind,Winter,6602
2024-03-14 00:00:00,Wind,Spring,10690
2023-07-14 00:00:00,Solar,Summer,6490
2025-10-18 00:00:00,Wind,Fall,5140
2021-04-07 00:00:00,Wind,Spring,4251
2024-01-14 00:00:00,Solar,Winter,3639
2022-04-18 00:00:00,Wind,Spring,4344
2024-06-01 00:00:00,Wind,Summer,8993
2020-04-24 00:00:00,Solar,Spring,3799
2022-03-13 00:00:00,Wind,Spring,5913
2025-02-23 00:00:00,Wind,Winter,11643
2021-11-06 00:00:00,Solar,Fall,5852
2025-04-04 00:00:00,Wind,Spring,6218
2022-02-10 00:00:00,Solar,Winter,6325
2021-08-15 00:00:00,Wind,Summer,1057
2023-06-22 00:00:00,Wind,Summer,9306
2020-02-23 00:00:00,Wind,Winter,13480
2022-03-10 00:00:00,Wind,Spring,7481
2021-08-14 00:00:00,Wind,Summer,1478
2020-06-05 00:00:00,Wind,Summer,3542
2020-05-22 00:00:00,Wind,Spring,2177
2025-08-26 00:00:00,Wind,Summer,3405
2022-07-05 00:00:00,Wind,Summer,2105
2024-03-30 00:00:00,Solar,Spring,7615
2022-01-04 00:00:00,Wind,Winter,5975
2025-08-19 00:00:00,Solar,Summer,4540
2023-08-12 00:00:00,Wind,Summer,1596
2024-03-23 00:00:00,Wind,Spring,17377
2025-07-07 00:00:00,Wind,Summer,4873
2023-01-20 00:00:00,Wind,Winter,4641
2024-03-02 00:00:00,Wind,Spring,6629
2022-01-05 00:00:00,Wind,Winter,7511
2025-09-12 00:00:00,Wind,Fall,15434
2025-02-08 00:00:00,Wind,Winter,3104
2020-04-11 00:00:00,Wind,Spring,1900
2020-01-23 00:00:00,Wind,Winter,3556
2025-09-30 00:00:00,Wind,Fall,2872
2020-05-01 00:00:00,Wind,Spring,6712
2021-08-10 00:00:00,Solar,Summer,5911
2021-09-16 00:00:00,Solar,Fall,1495
2023-10-27 00:00:00,Wind,Fall,12650
2025-11-11 00:00:00,Wind,Fall,7897
2020-03-24 00:00:00,Wind,Spring,5774
2023-10-20 00:00:00,Wind,Fall,6907
2025-10-29 00:00:00,Wind,Fall,8506
2023-11-21 00:00:00,Wind,Fall,6703
2024-03-26 00:00:00,Wind,Spring,8261
2022-06-30 00:00:00,Wind,Summer,2522
2020-12-25 00:00:00,Wind,Winter,6542
2021-06-26 00:00:00,Solar,Summer,4697
2020-08-04 00:00:00,Wind,Summer,3666
2022-08-22 00:00:00,Wind,Summer,1927
2022-04-17 00:00:00,Solar,Spring,7694
2021-01-07 00:00:00,Wind,Winter,487
2025-05-12 00:00:00,Solar,Spring,5922
2024-06-26 00:00:00,Solar,Summer,4295
2025-07-01 00:00:00,Wind,Summer,778
2023-06-09 00:00:00,Wind,Summer,4644
2023-08-24 00:00:00,Wind,Summer,9861
2025-07-28 00:00:00,Solar,Summer,6834
2021-08-15 00:00:00,Wind,Summer,883
2024-09-23 00:00:00,Wind,Fall,9135
2024-03-25 00:00:00,Wind,Spring,10853
2025-10-07 00:00:00,Wind,Fall,1733
2020-11-15 00:00:00,Wind,Fall,10998
2023-09-14 00:00:00,Solar,Fall,6131
2024-07-01 00:00:00,Wind,Summer,1845
2022-03-13 00:00:00,Wind,Spring,10835
2021-03-04 00:00:00,Wind,Spring,3145
2022-08-24 00:00:00,Wind,Summer,956
2025-06-06 00:00:00,Wind,Summer,10880
2021-12-30 00:00:00,Wind,Winter,8720
2021-04-01 00:00:00,Wind,Spring,1907
2023-08-06 00:00:00,Wind,Summer,5369
2025-06-13 00:00:00,Wind,Summer,5374
2022-10-10 00:00:00,Wind,Fall,2196
2025-09-20 00:00:00,Wind,Fall,11616
2023-09-08 00:00:00,Solar,Fall,4384
2021-12-30 00:00:00,Wind,Winter,5452
2024-03-30 00:00:00,Wind,Spring,3497
2023-05-08 00:00:00,Solar,Spring,5446
2021-04-25 00:00:00,Wind,Spring,10262
2022-07-15 00:00:00,Wind,Summer,4379
2021-11-26 00:00:00,Wind,Fall,2597
2025-10-15 00:00:00,Wind,Fall,5351
2025-01-18 00:00:00,Solar,Winter,3129
2025-03-16 00:00:00,Wind,Spring,9489
2022-10-18 00:00:00,Solar,Fall,5808
2020-02-10 00:00:00,Wind,Winter,10052
2020-04-25 00:00:00,Wind,Spring,1788
2023-05-18 00:00:00,Wind,Spring,5769
2022-04-16 00:00:00,Wind,Spring,8150
2020-03-29 00:00:00,Wind,Spring,13965
2025-03-28 00:00:00,Wind,Spring,8242
2024-12-18 00:00:00,Wind,Winter,15999
2020-03-09 00:00:00,Wind,Spring,6477
2023-05-22 00:00:00,Wind,Spring,3806
2024-11-02 00:00:00,Solar,Fall,7954
2022-03-07 00:00:00,Wind,Spring,7417
2023-01-25 00:00:00,Wind,Winter,2111
2021-01-15 00:00:00,Wind,Winter,6240
2022-05-19 00:00:00,Wind,Spring,3542
2020-10-24 00:00:00,Wind,Fall,7495
2021-10-28 00:00:00,Wind,Fall,5807
2025-01-08 00:00:00,Wind,Winter,12892
2024-04-04 00:00:00,Wind,Spring,12543
2020-12-18 00:00:00,Wind,Winter,6733
2022-09-25 00:00:00,Solar,Fall,6102
2020-10-19 00:00:00,Wind,Fall,1464
2024-02-06 00:00:00,Wind,Winter,14493
2023-04-18 00:00:00,Wind,Spring,6520
2023-05-02 00:00:00,Wind,Spring,7162
2025-06-26 00:00:00,Wind,Summer,9995
2024-09-18 00:00:00,Wind,Fall,16325
2024-11-22 00:00:00,Wind,Fall,6061
2023-03-20 00:00:00,Wind,Spring,1521
2022-01-13 00:00:00,Wind,Winter,3054
2021-06-15 00:00:00,Wind,Summer,1611
2021-01-09 00:00:00,Wind,Winter,4051
2022-02-15 00:00:00,Wind,Winter,6687
2020-03-18 00:00:00,Solar,Spring,4055
2025-08-31 00:00:00,Wind,Summer,8549
2023-11-23 00:00:00,Wind,Fall,3718
2023-09-12 00:00:00,Solar,Fall,4437
2020-09-10 00:00:00,Wind,Fall,2030
2023-07-11 00:00:00,Solar,Summer,9554
2021-09-15 00:00:00,Solar,Fall,3942
2023-05-21 00:00:00,Wind,Spring,5307
2021-04-15 00:00:00,Solar,Spring,6346
2024-11-26 00:00:00,Wind,Fall,4935
2025-10-14 00:00:00,Wind,Fall,5919
2021-03-22 00:00:00,Wind,Spring,2993
2025-02-09 00:00:00,Solar,Winter,4315
2024-07-14 00:00:00,Solar,Summer,2477
2021-02-05 00:00:00,Wind,Winter,1998
2020-08-26 00:00:00,Wind,Summer,8678
2023-04-27 00:00:00,Wind,Spring,1206
2023-03-06 00:00:00,Wind,Spring,1228
2025-05-12 00:00:00,Wind,Spring,2951
2023-02-06 00:00:00,Wind,Winter,8670
2020-08-04 00:00:00,Solar,Summer,5625
2023-03-01 00:00:00,Wind,Spring,7713
2022-10-01 00:00:00,Wind,Fall,7629
2023-11-17 00:00:00,Wind,Fall,7387
2023-10-02 00:00:00,Wind,Fall,2482
2025-02-26 00:00:00,Wind,Winter,10324
2021-12-12 00:00:00,Wind,Winter,5469
2022-09-08 00:00:00,Wind,Fall,5147
2020-05-26 00:00:00,Wind,Spring,6931
2021-03-10 00:00:00,Wind,Spring,13439
2024-05-24 00:00:00,Wind,Spring,712
2020-06-09 00:00:00,Solar,Summer,5042
2023-09-03 00:00:00,Wind,Fall,4539
2020-09-16 00:00:00,Solar,Fall,3732
2024-09-19 00:00:00,Wind,Fall,8994
2023-06-07 00:00:00,Wind,Summer,5602
2023-10-14 00:00:00,Wind,Fall,14148
2022-01-12 00:00:00,Wind,Winter,2263
2022-05-13 00:00:00,Wind,Spring,1900
2021-11-04 00:00:00,Wind,Fall,2836
2020-05-02 00:00:00,Wind,Spring,5334
2022-09-18 00:00:00,Wind,Fall,3466
2023-06-08 00:00:00,Solar,Summer,8328
2022-09-15 00:00:00,Wind,Fall,1546
2023-03-17 00:00:00,Wind,Spring,8075
2025-01-09 00:00:00,Wind,Winter,13396
2024-04-12 00:00:00,Solar,Spring,4291
2024-09-02 00:00:00,Solar,Fall,5818
2020-08-16 00:00:00,Wind,Summer,1867
2020-09-30 00:00:00,Wind,Fall,1223
2022-06-20 00:00:00,Solar,Summer,6713
2021-06-05 00:00:00,Wind,Summer,2400
2022-04-21 00:00:00,Wind,Spring,6557
2024-06-22 00:00:00,Wind,Summer,6081
2024-10-27 00:00:00,Wind,Fall,1792
2023-05-30 00:00:00,Wind,Spring,9690
2024-05-20 00:00:00,Wind,Spring,1434
2025-04-03 00:00:00,Wind,Spring,6528
2025-08-18 00:00:00,Solar,Summer,8983
2022-09-16 00:00:00,Wind,Fall,5346
2020-01-30 00:00:00,Wind,Winter,5384
2022-04-10 00:00:00,Solar,Spring,5961
2024-07-29 00:00:00,Wind,Summer,2404
2020-12-03 00:00:00,Wind,Winter,3330
2022-07-30 00:00:00,Wind,Summer,936
2023-10-20 00:00:00,Wind,Fall,4769
2022-08-17 00:00:00,Solar,Summer,3938
2022-07-07 00:00:00,Wind,Summer,3488
2024-12-27 00:00:00,Wind,Winter,1298
2024-09-13 00:00:00,Wind,Fall,4267
2020-05-20 00:00:00,Solar,Spring,5220
2020-09-19 00:00:00,Wind,Fall,2449
2022-02-19 00:00:00,Wind,Winter,13745
2023-06-22 00:00:00,Wind,Summer,5018
2024-12-17 00:00:00,Wind,Winter,5399
2023-03-04 00:00:00,Wind,Spring,4916
2022-01-19 00:00:00,Wind,Winter,1605
2023-06-08 00:00:00,Solar,Summer,6235
2023-09-10 00:00:00,Solar,Fall,4930
2021-04-29 00:00:00,Wind,Spring,3791
2025-11-19 00:00:00,Wind,Fall,13285
2023-11-06 00:00:00,Wind,Fall,12593
2022-07-18 00:00:00,Solar,Summer,6471
2021-09-15 00:00:00,Wind,Fall,2419
2022-05-08 00:00:00,Wind,Spring,4118
2022-05-27 00:00:00,Solar,Spring,8174
2022-10-04 00:00:00,Wind,Fall,1168
2020-06-19 00:00:00,Wind,Summer,2319
2022-06-12 00:00:00,Solar,Summer,4684
2022-10-08 00:00:00,Wind,Fall,2465
2025-05-24 00:00:00,Wind,Spring,8852
2025-09-30 00:00:00,Wind,Fall,2697
2025-07-06 00:00:00,Wind,Summer,8639
2020-07-06 00:00:00,Wind,Summer,9681
2023-08-11 00:00:00,Wind,Summer,1918
2025-08-20 00:00:00,Wind,Summer,8881
2021-04-19 00:00:00,Wind,Spring,906
2021-05-10 00:00:00,Wind,Spring,7041
2021-03-07 00:00:00,Wind,Spring,2521
2021-01-22 00:00:00,Wind,Winter,3696
2021-04-23 00:00:00,Solar,Spring,5659
2021-12-08 00:00:00,Wind,Winter,9297
2020-08-04 00:00:00,Wind,Summer,1340
2023-02-18 00:00:00,Wind,Winter,8067
2022-12-14 00:00:00,Wind,Winter,2161
2023-07-09 00:00:00,Wind,Summer,2355
2024-07-11 00:00:00,Wind,Summer,1053
2020-02-24 00:00:00,Wind,Winter,11258
2021-02-03 00:00:00,Wind,Winter,9275
2022-12-05 00:00:00,Wind,Winter,1854
2023-04-23 00:00:00,Wind,Spring,6724
2021-06-08 00:00:00,Solar,Summer,4183
2023-02-26 00:00:00,Wind,Winter,20500
2024-03-02 00:00:00,Wind,Spring,12926
2024-05-18 00:00:00,Wind,Spring,713
2020-08-30 00:00:00,Wind,Summer,5251
2021-09-29 00:00:00,Wind,Fall,11739
2021-08-03 00:00:00,Wind,Summer,930
2023-01-11 00:00:00,Wind,Winter,14468
2024-02-21 00:00:00,Wind,Winter,15550
2020-03-16 00:00:00,Wind,Spring,3309
2020-11-10 00:00:00,Wind,Fall,805
2022-11-08 00:00:00,Wind,Fall,12163
2022-11-14 00:00:00,Wind,Fall,3659
2024-02-15 00:00:00,Wind,Winter,10200
2023-11-03 00:00:00,Wind,Fall,12874
2025-01-24 00:00:00,Wind,Winter,18114
2024-01-02 00:00:00,Wind,Winter,17307
2023-08-04 00:00:00,Wind,Summer,3747
2020-07-18 00:00:00,Wind,Summer,1750
2021-07-21 00:00:00,Wind,Summer,2191
2023-03-31 00:00:00,Wind,Spring,21172
2023-01-05 00:00:00,Wind,Winter,7199
2022-03-27 00:00:00,Wind,Spring,1675
2023-09-24 00:00:00,Solar,Fall,7784
2021-07-07 00:00:00,Wind,Summer,2231
2024-05-18 00:00:00,Wind,Spring,556
2022-04-01 00:00:00,Wind,Spring,13751
2023-12-01 00:00:00,Wind,Winter,2590
2024-03-10 00:00:00,Wind,Spring,975
2020-03-02 00:00:00,Wind,Spring,8827
2025-09-19 00:00:00,Solar,Fall,9787
2020-12-21 00:00:00,Wind,Winter,6095
2023-06-30 00:00:00,Wind,Summer,2629
2024-05-13 00:00:00,Solar,Spring,6365
2024-11-25 00:00:00,Wind,Fall,17724
2022-06-02 00:00:00,Wind,Summer,4438
2022-03-01 00:00:00,Solar,Spring,4347
2020-09-12 00:00:00,Solar,Fall,2461
2021-05-08 00:00:00,Wind,Spring,6309
2022-09-25 00:00:00,Wind,Fall,2749
2021-03-06 00:00:00,Wind,Spring,6040
2022-01-15 00:00:00,Wind,Winter,1036
2023-11-17 00:00:00,Wind,Fall,4109
2025-07-05 00:00:00,Wind,Summer,5175
2021-06-12 00:00:00,Solar,Summer,4821
2022-07-31 00:00:00,Wind,Summer,5209
2024-03-20 00:00:00,Solar,Spring,5622
2020-04-23 00:00:00,Wind,Spring,1746
2022-05-09 00:00:00,Wind,Spring,514
2024-03-06 00:00:00,Solar,Spring,5162
2021-02-26 00:00:00,Wind,Winter,2352
2025-11-20 00:00:00,Wind,Fall,7116
2020-05-09 00:00:00,Wind,Spring,1685
2025-08-21 00:00:00,Wind,Summer,3653
2025-06-11 00:00:00,Wind,Summer,5029
2022-08-27 00:00:00,Solar,Summer,6767
2023-09-10 00:00:00,Solar,Fall,8323
2023-04-20 00:00:00,Wind,Spring,8926
2021-03-24 00:00:00,Wind,Spring,1493
2022-11-19 00:00:00,Solar,Fall,5271
2024-12-05 00:00:00,Wind,Winter,16407
2025-04-22 00:00:00,Wind,Spring,2038
2021-09-14 00:00:00,Wind,Fall,1986
2020-11-23 00:00:00,Wind,Fall,245
2023-02-03 00:00:00,Wind,Winter,7659
2023-11-02 00:00:00,Wind,Fall,15164
2025-05-29 00:00:00,Solar,Spring,5853
2020-01-12 00:00:00,Wind,Winter,9137
2021-08-28 00:00:00,Wind,Summer,4826
2023-12-11 00:00:00,Wind,Winter,13562
2021-08-20 00:00:00,Wind,Summer,525
2024-02-14 00:00:00,Wind,Winter,10647
2022-11-09 00:00:00,Wind,Fall,4408
2020-10-13 00:00:00,Wind,Fall,4332
2023-09-25 00:00:00,Wind,Fall,525
2024-10-08 00:00:00,Wind,Fall,10208
2021-08-16 00:00:00,Wind,Summer,4074
2022-04-25 00:00:00,Wind,Spring,4334
2025-06-05 00:00:00,Wind,Summer,12352
2023-05-30 00:00:00,Solar,Spring,13676
2020-08-22 00:00:00,Wind,Summer,4955
2021-12-09 00:00:00,Wind,Winter,5379
2020-01-25 00:00:00,Solar,Winter,2654
2023-05-16 00:00:00,Wind,Spring,7661
2023-10-28 00:00:00,Wind,Fall,16187
2021-06-19 00:00:00,Wind,Summer,3276
2023-02-14 00:00:00,Solar,Winter,5164
2022-03-21 00:00:00,Solar,Spring,6419
2023-09-22 00:00:00,Wind,Fall,5871
2021-10-17 00:00:00,Wind,Fall,1752
2024-07-29 00:00:00,Wind,Summer,5316
2024-02-09 00:00:00,Wind,Winter,16307
2022-03-17 00:00:00,Wind,Spring,5469
2022-04-02 00:00:00,Wind,Spring,7493
2022-09-25 00:00:00,Wind,Fall,2772
2025-09-26 00:00:00,Solar,Fall,1324
2024-10-28 00:00:00,Wind,Fall,477
2023-01-21 00:00:00,Wind,Winter,7168
2024-10-23 00:00:00,Wind,Fall,2844
2020-06-27 00:00:00,Wind,Summer,4430
2020-07-29 00:00:00,Wind,Summer,708
2022-07-09 00:00:00,Solar,Summer,4215
2021-12-31 00:00:00,Wind,Winter,5884
2025-03-01 00:00:00,Wind,Spring,12156
2021-02-16 00:00:00,Wind,Winter,9342
2022-01-13 00:00:00,Wind,Winter,2614
2024-02-14 00:00:00,Wind,Winter,7478
2024-11-09 00:00:00,Wind,Fall,1560
2020-03-02 00:00:00,Wind,Spring,8017
2020-06-18 00:00:00,Wind,Summer,3276
2021-09-08 00:00:00,Wind,Fall,3479
2022-04-16 00:00:00,Wind,Spring,5476
2024-01-26 00:00:00,Wind,Winter,3375
2020-09-05 00:00:00,Solar,Fall,5374
2021-11-28 00:00:00,Wind,Fall,9221
2021-12-13 00:00:00,Solar,Winter,3477
2024-04-07 00:00:00,Wind,Spring,6864
2023-10-23 00:00:00,Wind,Fall,7522
2021-10-26 00:00:00,Wind,Fall,3013
2020-04-25 00:00:00,Solar,Spring,3420
2022-12-10 00:00:00,Wind,Winter,1455
2022-09-07 00:00:00,Wind,Fall,3796
2022-09-10 00:00:00,Wind,Fall,1212
2023-01-31 00:00:00,Wind,Winter,4810
2025-05-24 00:00:00,Wind,Spring,6806
2022-10-18 00:00:00,Solar,Fall,5685
2023-11-08 00:00:00,Wind,Fall,18274
2020-11-18 00:00:00,Wind,Fall,6191
2020-12-07 00:00:00,Wind,Winter,1923
2024-03-30 00:00:00,Wind,Spring,6296
2023-05-13 00:00:00,Wind,Spring,6102
2022-12-19 00:00:00,Wind,Winter,13925
2022-05-27 00:00:00,Solar,Spring,6760
2022-04-18 00:00:00,Solar,Spring,5569
2023-02-07 00:00:00,Wind,Winter,8388
2022-06-13 00:00:00,Wind,Summer,3562
2022-05-20 00:00:00,Wind,Spring,5745
2025-08-31 00:00:00,Wind,Summer,4739
2024-07-16 00:00:00,Wind,Summer,9494
2025-06-22 00:00:00,Wind,Summer,2524
2023-12-06 00:00:00,Wind,Winter,2268
2025-08-29 00:00:00,Wind,Summer,16980
2022-05-24 00:00:00,Wind,Spring,4509
2023-09-10 00:00:00,Wind,Fall,2891
2025-04-14 00:00:00,Solar,Spring,8284
2025-02-14 00:00:00,Solar,Winter,9622
2025-05-24 00:00:00,Wind,Spring,2417
2022-07-19 00:00:00,Solar,Summer,6985
2023-11-30 00:00:00,Wind,Fall,1459
2025-02-03 00:00:00,Wind,Winter,1663
2020-07-02 00:00:00,Wind,Summer,6989
2025-03-29 00:00:00,Wind,Spring,12588
2025-10-20 00:00:00,Wind,Fall,17019
2020-07-11 00:00:00,Wind,Summer,2387
2021-08-13 00:00:00,Solar,Summer,3071
2025-05-13 00:00:00,Wind,Spring,3028
2022-05-28 00:00:00,Wind,Spring,3736
2024-05-25 00:00:00,Solar,Spring,2497
2024-03-01 00:00:00,Wind,Spring,15488
2025-02-01 00:00:00,Solar,Winter,6265
2020-01-29 00:00:00,Wind,Winter,8656
2025-06-24 00:00:00,Wind,Summer,2381
2024-07-25 00:00:00,Wind,Summer,3757
2021-12-12 00:00:00,Wind,Winter,3406
2023-07-30 00:00:00,Wind,Summer,10162
2021-08-10 00:00:00,Solar,Summer,5674
2023-04-19 00:00:00,Wind,Spring,6801
2025-09-12 00:00:00,Wind,Fall,6028
2023-03-14 00:00:00,Wind,Spring,20075
2022-08-19 00:00:00,Solar,Summer,8025
2021-08-28 00:00:00,Wind,Summer,9387
2022-03-03 00:00:00,Solar,Spring,4140
2020-02-19 00:00:00,Wind,Winter,8496
2022-03-09 00:00:00,Wind,Spring,6290
2023-08-25 00:00:00,Wind,Summer,7231
2023-08-26 00:00:00,Wind,Summer,3633
2025-01-05 00:00:00,Wind,Winter,11792
2023-06-15 00:00:00,Solar,Summer,6607
2022-06-22 00:00:00,Solar,Summer,4827
2021-07-28 00:00:00,Wind,Summer,8959
2022-08-09 00:00:00,Wind,Summer,6809
2021-09-19 00:00:00,Wind,Fall,3579
2022-06-05 00:00:00,Wind,Summer,3284
2021-05-17 00:00:00,Wind,Spring,10855
2024-01-06 00:00:00,Wind,Winter,7362
2025-06-22 00:00:00,Wind,Summer,4620
2021-05-24 00:00:00,Wind,Spring,13322
2021-12-16 00:00:00,Wind,Winter,1969
2021-09-09 00:00:00,Wind,Fall,5286
2020-11-28 00:00:00,Wind,Fall,4754
2020-06-05 00:00:00,Wind,Summer,14071
2024-11-15 00:00:00,Wind,Fall,1821
2024-09-13 00:00:00,Solar,Fall,10679
2022-07-19 00:00:00,Wind,Summer,8845
2021-06-17 00:00:00,Wind,Summer,4974
2022-02-22 00:00:00,Wind,Winter,8837
2024-01-17 00:00:00,Wind,Winter,7330
2022-04-08 00:00:00,Wind,Spring,7881
2022-10-30 00:00:00,Wind,Fall,1624
2023-07-09 00:00:00,Solar,Summer,4410
2020-06-02 00:00:00,Solar,Summer,3384
2025-07-21 00:00:00,Wind,Summer,10394
2024-10-18 00:00:00,Wind,Fall,2532
2022-09-02 00:00:00,Wind,Fall,1024
2023-05-27 00:00:00,Solar,Spring,5976
2020-03-15 00:00:00,Wind,Spring,5982
2024-10-23 00:00:00,Wind,Fall,3405
2020-12-25 00:00:00,Wind,Winter,6570
2025-03-12 00:00:00,Wind,Spring,2248
2023-03-03 00:00:00,Wind,Spring,5856
2022-10-10 00:00:00,Wind,Fall,2564
2020-06-24 00:00:00,Wind,Summer,3766
2020-10-26 00:00:00,Wind,Fall,5700
2022-01-10 00:00:00,Wind,Winter,2603
2024-09-03 00:00:00,Wind,Fall,513
2021-02-03 00:00:00,Wind,Winter,9834
2020-10-05 00:00:00,Wind,Fall,9314
2021-08-18 00:00:00,Wind,Summer,3918
2021-07-08 00:00:00,Wind,Summer,1458
2022-08-20 00:00:00,Solar,Summer,6090
2023-02-24 00:00:00,Solar,Winter,6198
2025-07-05 00:00:00,Solar,Summer,6839
2024-01-21 00:00:00,Wind,Winter,11855
2021-02-27 00:00:00,Wind,Winter,8380
2024-10-13 00:00:00,Wind,Fall,2418
2022-06-20 00:00:00,Wind,Summer,4084
2023-12-03 00:00:00,Wind,Winter,6861
2021-08-04 00:00:00,Solar,Summer,3337
2020-07-07 00:00:00,Solar,Summer,3236
2023-10-10 00:00:00,Solar,Fall,6674
2020-02-11 00:00:00,Wind,Winter,12337
2021-07-02 00:00:00,Solar,Summer,4836
2024-08-27 00:00:00,Wind,Summer,2350
2022-07-18 00:00:00,Wind,Summer,3281
2025-10-08 00:00:00,Wind,Fall,2375
2023-12-06 00:00:00,Wind,Winter,3323
2024-09-30 00:00:00,Wind,Fall,15849
2022-05-05 00:00:00,Wind,Spring,2097
2020-04-17 00:00:00,Wind,Spring,2983
2020-09-29 00:00:00,Solar,Fall,3747
2023-03-29 00:00:00,Wind,Spring,9807
2025-02-26 00:00:00,Wind,Winter,7888
2025-02-01 00:00:00,Wind,Winter,3977
2025-04-30 00:00:00,Wind,Spring,3827
2021-04-23 00:00:00,Wind,Spring,6116
2022-07-11 00:00:00,Wind,Summer,3652
2020-06-26 00:00:00,Wind,Summer,3199
2025-08-02 00:00:00,Wind,Summer,4482
2025-05-11 00:00:00,Wind,Spring,4090
2021-11-16 00:00:00,Wind,Fall,1101
2021-04-20 00:00:00,Wind,Spring,1160
2022-03-24 00:00:00,Solar,Spring,6833
2020-12-09 00:00:00,Wind,Winter,2764
2020-02-21 00:00:00,Wind,Winter,5295
2025-04-05 00:00:00,Wind,Spring,8059
2024-09-06 00:00:00,Wind,Fall,764
2025-04-05 00:00:00,Wind,Spring,7492
2025-07-13 00:00:00,Wind,Summer,4224
2024-03-09 00:00:00,Wind,Spring,5774
2023-04-07 00:00:00,Wind,Spring,3276
2022-08-02 00:00:00,Solar,Summer,6726
2022-06-17 00:00:00,Solar,Summer,6767
2020-08-14 00:00:00,Solar,Summer,4993
2024-12-03 00:00:00,Wind,Winter,1073
2024-10-13 00:00:00,Wind,Fall,2745
2023-08-29 00:00:00,Wind,Summer,2934
2023-02-22 00:00:00,Wind,Winter,3066
2021-09-08 00:00:00,Wind,Fall,5438
2022-05-05 00:00:00,Solar,Spring,4537
2022-11-04 00:00:00,Wind,Fall,6522
2021-07-16 00:00:00,Wind,Summer,3250
2022-07-23 00:00:00,Wind,Summer,1348
2025-03-18 00:00:00,Wind,Spring,14023
2023-09-21 00:00:00,Wind,Fall,6683
2023-04-24 00:00:00,Wind,Spring,7316
2021-09-03 00:00:00,Wind,Fall,2116
2023-09-02 00:00:00,Wind,Fall,4684
2021-10-20 00:00:00,Wind,Fall,10876
2021-03-12 00:00:00,Wind,Spring,13614
2025-10-03 00:00:00,Wind,Fall,5127
2023-09-19 00:00:00,Wind,Fall,6877
2020-02-17 00:00:00,Wind,Winter,8444
2022-10-17 00:00:00,Wind,Fall,7788
2022-01-05 00:00:00,Wind,Winter,7616
2025-07-17 00:00:00,Solar,Summer,5531
2021-09-22 00:00:00,Wind,Fall,2088
2025-06-20 00:00:00,Solar,Summer,10259
2022-02-18 00:00:00,Wind,Winter,14791
2022-04-03 00:00:00,Wind,Spring,1510
2020-10-16 00:00:00,Wind,Fall,1636
2022-10-06 00:00:00,Wind,Fall,2090
2020-04-28 00:00:00,Wind,Spring,4946
2023-03-13 00:00:00,Wind,Spring,15758
2020-05-26 00:00:00,Wind,Spring,4408
2022-09-29 00:00:00,Wind,Fall,1419
2025-06-29 00:00:00,Wind,Summer,2696
2025-06-26 00:00:00,Wind,Summer,14264
2020-05-26 00:00:00,Wind,Spring,6277
2021-09-07 00:00:00,Wind,Fall,6012
2020-10-16 00:00:00,Wind,Fall,3142
2025-06-20 00:00:00,Wind,Summer,4161
2020-12-02 00:00:00,Wind,Winter,2577
2020-04-03 00:00:00,Solar,Spring,5002
2023-06-19 00:00:00,Solar,Summer,6321
2022-07-14 00:00:00,Wind,Summer,5239
2021-03-17 00:00:00,Wind,Spring,5437
2022-12-08 00:00:00,Wind,Winter,1242
2020-12-12 00:00:00,Wind,Winter,6484
2022-09-15 00:00:00,Wind,Fall,3250
2023-11-19 00:00:00,Wind,Fall,11720
2024-03-08 00:00:00,Wind,Spring,10265
2025-11-13 00:00:00,Wind,Fall,10591
2020-03-22 00:00:00,Wind,Spring,9593
2024-05-22 00:00:00,Wind,Spring,4611
2022-07-25 00:00:00,Wind,Summer,5596
2023-01-01 00:00:00,Wind,Winter,11283
2020-12-11 00:00:00,Wind,Winter,6767
2023-07-01 00:00:00,Wind,Summer,7440
2021-05-03 00:00:00,Wind,Spring,657
2020-08-27 00:00:00,Wind,Summer,7459
2023-12-27 00:00:00,Wind,Winter,13912
2024-04-11 00:00:00,Solar,Spring,5597
2021-10-01 00:00:00,Wind,Fall,4034
2025-09-23 00:00:00,Wind,Fall,12969
2021-03-19 00:00:00,Wind,Spring,7181
2020-12-27 00:00:00,Wind,Winter,8326
2021-05-10 00:00:00,Wind,Spring,4506
2020-11-03 00:00:00,Wind,Fall,3252
2024-11-03 00:00:00,Wind,Fall,2791
2021-05-09 00:00:00,Wind,Spring,8251
2025-06-10 00:00:00,Solar,Summer,7037
2024-03-06 00:00:00,Wind,Spring,2314
2020-11-03 00:00:00,Wind,Fall,7836
2021-09-18 00:00:00,Wind,Fall,1755
2020-05-04 00:00:00,Wind,Spring,4587
2022-02-14 00:00:00,Wind,Winter,6618
2020-10-18 00:00:00,Wind,Fall,522
2020-11-11 00:00:00,Wind,Fall,733
2024-05-13 00:00:00,Wind,Spring,3925
2025-01-14 00:00:00,Wind,Winter,2984
2022-08-26 00:00:00,Solar,Summer,5462
2020-06-26 00:00:00,Wind,Summer,3680
2025-04-24 00:00:00,Wind,Spring,4076
2025-11-24 00:00:00,Wind,Fall,9801
2023-07-13 00:00:00,Wind,Summer,2155
2021-08-28 00:00:00,Wind,Summer,3722
2025-09-23 00:00:00,Wind,Fall,12917
2022-09-16 00:00:00,Solar,Fall,4975
2022-03-10 00:00:00,Wind,Spring,4799
2025-06-07 00:00:00,Wind,Summer,9072
2025-07-25 00:00:00,Wind,Summer,2111
2020-12-14 00:00:00,Wind,Winter,6019
2021-04-21 00:00:00,Wind,Spring,5054
2022-10-19 00:00:00,Wind,Fall,7426
2025-04-13 00:00:00,Wind,Spring,4783
2025-11-07 00:00:00,Wind,Fall,2662
2024-08-20 00:00:00,Wind,Summer,3600
2024-07-30 00:00:00,Wind,Summer,2502
2023-03-07 00:00:00,Wind,Spring,6916
2020-12-13 00:00:00,Wind,Winter,4008
2023-03-17 00:00:00,Wind,Spring,12263
2023-09-11 00:00:00,Wind,Fall,1317
2023-03-12 00:00:00,Wind,Spring,6082
2020-10-14 00:00:00,Wind,Fall,5325
2025-11-06 00:00:00,Wind,Fall,6278
2024-04-26 00:00:00,Solar,Spring,5775
2024-11-03 00:00:00,Wind,Fall,3106
2022-06-22 00:00:00,Wind,Summer,1640
2020-03-20 00:00:00,Wind,Spring,8105
2025-08-19 00:00:00,Wind,Summer,4330
2021-09-28 00:00:00,Solar,Fall,3345
2021-08-22 00:00:00,Wind,Summer,8102
2024-05-04 00:00:00,Wind,Spring,9129
2024-10-04 00:00:00,Wind,Fall,4898
2022-03-04 00:00:00,Wind,Spring,3137
2022-12-10 00:00:00,Wind,Winter,1861
2025-01-29 00:00:00,Wind,Winter,15556
2021-01-10 00:00:00,Wind,Winter,4394
2020-11-15 00:00:00,Wind,Fall,10818
2020-04-18 00:00:00,Solar,Spring,2973
2022-02-03 00:00:00,Wind,Winter,2929
2022-09-13 00:00:00,Wind,Fall,2822
2024-11-26 00:00:00,Wind,Fall,3769
2021-01-27 00:00:00,Wind,Winter,5277
2025-08-21 00:00:00,Wind,Summer,10878
2025-07-11 00:00:00,Wind,Summer,4862
2022-12-31 00:00:00,Wind,Winter,15764
2023-08-08 00:00:00,Solar,Summer,7019
2020-12-29 00:00:00,Wind,Winter,3155
2021-09-01 00:00:00,Wind,Fall,9100
2020-12-07 00:00:00,Wind,Winter,910
2025-10-04 00:00:00,Wind,Fall,13739
2025-06-19 00:00:00,Wind,Summer,4974
2022-09-03 00:00:00,Wind,Fall,5467
2024-07-01 00:00:00,Solar,Summer,9539
2021-09-18 00:00:00,Solar,Fall,3777
2020-01-14 00:00:00,Wind,Winter,14254
2021-09-20 00:00:00,Wind,Fall,1783
2021-12-11 00:00:00,Wind,Winter,7886
2020-04-04 00:00:00,Wind,Spring,5074
2022-11-05 00:00:00,Wind,Fall,5536
2021-07-26 00:00:00,Wind,Summer,2420
2022-11-26 00:00:00,Wind,Fall,5590
2020-09-18 00:00:00,Wind,Fall,6346
2020-02-04 00:00:00,Wind,Winter,11924
2024-05-14 00:00:00,Wind,Spring,7995
2023-07-28 00:00:00,Wind,Summer,5624
2022-06-29 00:00:00,Solar,Summer,5001
2023-06-24 00:00:00,Wind,Summer,2828
2023-05-27 00:00:00,Wind,Spring,5721
2025-06-16 00:00:00,Wind,Summer,2901
2023-06-10 00:00:00,Solar,Summer,4468
2025-08-01 00:00:00,Solar,Summer,3518
2023-10-18 00:00:00,Wind,Fall,10652
2020-03-18 00:00:00,Solar,Spring,2387
2024-03-14 00:00:00,Wind,Spring,7457
2025-05-16 00:00:00,Wind,Spring,8373
2023-02-18 00:00:00,Wind,Winter,5548
2022-07-23 00:00:00,Solar,Summer,6197
2022-08-16 00:00:00,Solar,Summer,6043
2024-02-18 00:00:00,Wind,Winter,14825
2024-12-20 00:00:00,Wind,Winter,8808
2022-10-25 00:00:00,Wind,Fall,6592
2022-12-11 00:00:00,Wind,Winter,1627
2025-11-04 00:00:00,Wind,Fall,14445
2020-08-14 00:00:00,Wind,Summer,2144
2020-05-10 00:00:00,Wind,Spring,2623
2020-03-03 00:00:00,Wind,Spring,2875
2022-12-18 00:00:00,Wind,Winter,4061
2022-10-11 00:00:00,Solar,Fall,1835
2021-11-03 00:00:00,Wind,Fall,3274
2023-03-03 00:00:00,Wind,Spring,4064
2022-07-30 00:00:00,Solar,Summer,7363
2022-04-27 00:00:00,Wind,Spring,6697
2025-11-08 00:00:00,Wind,Fall,1793
2025-05-31 00:00:00,Wind,Spring,879
2020-08-08 00:00:00,Solar,Summer,4095
2025-05-31 00:00:00,Solar,Spring,5672
2025-08-16 00:00:00,Solar,Summer,10645
2023-12-25 00:00:00,Wind,Winter,14253
2022-06-01 00:00:00,Wind,Summer,2649
2023-04-13 00:00:00,Wind,Spring,15743
2020-07-21 00:00:00,Wind,Summer,5093
2020-05-01 00:00:00,Wind,Spring,7037
2024-01-01 00:00:00,Wind,Winter,9309
2024-01-16 00:00:00,Solar,Winter,1871
2025-07-11 00:00:00,Solar,Summer,13109
2020-06-29 00:00:00,Wind,Summer,2917
2024-01-17 00:00:00,Wind,Winter,9363
2025-03-31 00:00:00,Solar,Spring,9527
2021-09-22 00:00:00,Wind,Fall,2010
2021-01-03 00:00:00,Wind,Winter,1604
2023-04-01 00:00:00,Wind,Spring,16341
2025-02-14 00:00:00,Wind,Winter,6637
2024-09-14 00:00:00,Wind,Fall,3929
2023-02-09 00:00:00,Wind,Winter,1172
2023-10-23 00:00:00,Wind,Fall,5375
2021-01-31 00:00:00,Wind,Winter,3009
2023-02-26 00:00:00,Wind,Winter,22043
2025-07-25 00:00:00,Solar,Summer,9373
2024-11-23 00:00:00,Wind,Fall,19031
2022-07-01 00:00:00,Wind,Summer,845
2021-06-06 00:00:00,Wind,Summer,1802
2024-07-08 00:00:00,Solar,Summer,3111
2024-04-07 00:00:00,Wind,Spring,4677
2021-05-17 00:00:00,Wind,Spring,15300
2023-03-15 00:00:00,Wind,Spring,2059
2024-02-18 00:00:00,Wind,Winter,5504
2025-03-25 00:00:00,Wind,Spring,3839
2020-05-05 00:00:00,Wind,Spring,5591
2025-05-03 00:00:00,Wind,Spring,6936
2023-06-04 00:00:00,Wind,Summer,6760
2023-09-22 00:00:00,Wind,Fall,6457
2020-05-10 00:00:00,Wind,Spring,2056
2020-07-11 00:00:00,Solar,Summer,4885
2024-07-21 00:00:00,Wind,Summer,3435
2023-07-18 00:00:00,Solar,Summer,4325
2025-06-29 00:00:00,Wind,Summer,3834
2024-05-22 00:00:00,Wind,Spring,8005
2024-04-08 00:00:00,Wind,Spring,9778
2020-07-05 00:00:00,Wind,Summer,7405
2021-01-11 00:00:00,Wind,Winter,6090
2021-02-28 00:00:00,Wind,Winter,7607
2024-08-13 00:00:00,Wind,Summer,1209
2020-05-29 00:00:00,Solar,Spring,5407
2022-02-25 00:00:00,Wind,Winter,3155
2024-08-24 00:00:00,Wind,Summer,10581
2023-08-19 00:00:00,Solar,Summer,6990
2020-03-03 00:00:00,Wind,Spring,4102
2021-08-17 00:00:00,Wind,Summer,7713
2024-03-03 00:00:00,Wind,Spring,2949
2020-08-30 00:00:00,Wind,Summer,2869
2021-10-09 00:00:00,Wind,Fall,3926
2020-05-10 00:00:00,Wind,Spring,4035
2020-03-27 00:00:00,Wind,Spring,2867
2023-11-11 00:00:00,Solar,Fall,5880
2023-10-31 00:00:00,Wind,Fall,7202
2025-03-15 00:00:00,Wind,Spring,15859
2023-09-22 00:00:00,Wind,Fall,13152
2023-02-19 00:00:00,Wind,Winter,5578
2023-05-04 00:00:00,Wind,Spring,7756
2021-06-13 00:00:00,Solar,Summer,5069
2022-01-25 00:00:00,Solar,Winter,1114
2023-07-08 00:00:00,Wind,Summer,1136
2021-09-29 00:00:00,Wind,Fall,6686
2020-06-26 00:00:00,Solar,Summer,4861
2022-07-26 00:00:00,Solar,Summer,6546
2022-06-13 00:00:00,Solar,Summer,7174
2021-07-03 00:00:00,Wind,Summer,2116
2024-01-14 00:00:00,Solar,Winter,3571
2024-03-07 00:00:00,Wind,Spring,7880
2021-06-17 00:00:00,Wind,Summer,5129
2025-03-17 00:00:00,Wind,Spring,12710
2023-08-20 00:00:00,Wind,Summer,2891
2021-02-16 00:00:00,Wind,Winter,10321
2022-11-13 00:00:00,Wind,Fall,1605
2020-08-19 00:00:00,Wind,Summer,5719
2024-05-19 00:00:00,Solar,Spring,2867
2022-01-13 00:00:00,Wind,Winter,2891
2025-06-07 00:00:00,Wind,Summer,7180
2021-04-18 00:00:00,Wind,Spring,1954
2021-08-01 00:00:00,Wind,Summer,2357
2021-04-27 00:00:00,Wind,Spring,6406
2023-05-31 00:00:00,Wind,Spring,7949
2023-10-03 00:00:00,Wind,Fall,9763
2020-05-13 00:00:00,Wind,Spring,8135
2023-06-12 00:00:00,Wind,Summer,2753
2022-11-11 00:00:00,Wind,Fall,2858
2021-04-14 00:00:00,Wind,Spring,8978
2023-12-16 00:00:00,Wind,Winter,1986
2021-07-17 00:00:00,Wind,Summer,4501
2024-04-18 00:00:00,Solar,Spring,8128
2025-07-19 00:00:00,Wind,Summer,8795
2023-01-26 00:00:00,Wind,Winter,2238
2022-08-11 00:00:00,Wind,Summer,4852
2024-06-21 00:00:00,Wind,Summer,4798
2023-03-22 00:00:00,Wind,Spring,13652
2025-08-03 00:00:00,Solar,Summer,6657
2020-02-13 00:00:00,Wind,Winter,7835
2021-01-04 00:00:00,Wind,Winter,1699
2022-05-07 00:00:00,Solar,Spring,6711
2020-07-31 00:00:00,Solar,Summer,4357
2024-05-23 00:00:00,Wind,Spring,2688
2021-07-11 00:00:00,Wind,Summer,868
2025-09-26 00:00:00,Wind,Fall,313
2024-05-06 00:00:00,Wind,Spring,3361
2023-09-12 00:00:00,Solar,Fall,4933
2023-05-25 00:00:00,Wind,Spring,7031
2021-11-30 00:00:00,Wind,Fall,12769
2024-05-12 00:00:00,Wind,Spring,6724
2023-11-02 00:00:00,Wind,Fall,15126
2023-08-05 00:00:00,Wind,Summer,2691
2024-02-04 00:00:00,Wind,Winter,7222
2022-06-02 00:00:00,Wind,Summer,3841
2021-01-29 00:00:00,Wind,Winter,14856
2021-10-11 00:00:00,Wind,Fall,2918
2024-08-15 00:00:00,Wind,Summer,1492
2020-04-28 00:00:00,Wind,Spring,2577
2020-05-08 00:00:00,Solar,Spring,3383
2023-11-26 00:00:00,Wind,Fall,3686
2022-11-22 00:00:00,Wind,Fall,8882
2020-12-09 00:00:00,Wind,Winter,2329
2022-04-27 00:00:00,Solar,Spring,9731
2022-11-06 00:00:00,Wind,Fall,8112
2023-06-15 00:00:00,Wind,Summer,3676
2022-05-08 00:00:00,Solar,Spring,6177
2021-10-11 00:00:00,Wind,Fall,3875
2020-06-24 00:00:00,Wind,Summer,4432
2021-05-09 00:00:00,Wind,Spring,9742
2020-05-30 00:00:00,Wind,Spring,4315
2020-11-24 00:00:00,Wind,Fall,1746
2021-12-27 00:00:00,Wind,Winter,8533
2020-10-20 00:00:00,Wind,Fall,10025
2025-06-08 00:00:00,Wind,Summer,2194
2021-02-15 00:00:00,Wind,Winter,10609
2021-03-18 00:00:00,Wind,Spring,3876
2021-05-17 00:00:00,Wind,Spring,15134
2020-01-20 00:00:00,Wind,Winter,5336
2022-04-10 00:00:00,Wind,Spring,1683
2025-10-15 00:00:00,Wind,Fall,5526
2020-01-07 00:00:00,Wind,Winter,4300
2021-08-28 00:00:00,Wind,Summer,3976
2020-12-21 00:00:00,Wind,Winter,12351
2023-10-22 00:00:00,Wind,Fall,6622
2023-09-13 00:00:00,Wind,Fall,1142
2023-03-18 00:00:00,Wind,Spring,6164
2022-11-11 00:00:00,Solar,Fall,6121
2020-08-04 00:00:00,Wind,Summer,1848
2021-09-24 00:00:00,Wind,Fall,811
2023-04-06 00:00:00,Wind,Spring,9974
2025-01-24 00:00:00,Wind,Winter,20266
2024-02-27 00:00:00,Wind,Winter,11863
2024-07-13 00:00:00,Wind,Summer,1314
2025-10-16 00:00:00,Wind,Fall,4569
2023-01-19 00:00:00,Wind,Winter,3941
2020-10-29 00:00:00,Wind,Fall,8304
2023-04-13 00:00:00,Wind,Spring,12488
2020-11-16 00:00:00,Wind,Fall,8614
2023-07-29 00:00:00,Wind,Summer,9214
2025-11-12 00:00:00,Wind,Fall,13981
2025-10-26 00:00:00,Wind,Fall,9488
2025-10-02 00:00:00,Solar,Fall,10562
2020-09-01 00:00:00,Solar,Fall,4322
2024-09-19 00:00:00,Wind,Fall,8099
2021-05-15 00:00:00,Wind,Spring,4140
2021-02-13 00:00:00,Wind,Winter,6179
2023-08-20 00:00:00,Wind,Summer,1018
2025-03-17 00:00:00,Solar,Spring,9414
2023-04-15 00:00:00,Wind,Spring,10025
2022-10-06 00:00:00,Wind,Fall,1907
2023-12-20 00:00:00,Wind,Winter,8716
2025-04-20 00:00:00,Wind,Spring,3971
2024-11-28 00:00:00,Wind,Fall,2505
2025-09-07 00:00:00,Wind,Fall,6061
2024-08-19 00:00:00,Solar,Summer,9521
2022-11-20 00:00:00,Wind,Fall,9046
2021-02-09 00:00:00,Wind,Winter,2115
2021-05-10 00:00:00,Wind,Spring,7215
2020-12-23 00:00:00,Wind,Winter,7054
2020-09-12 00:00:00,Solar,Fall,4331
2024-10-11 00:00:00,Wind,Fall,622
2024-01-21 00:00:00,Wind,Winter,14424
2023-06-30 00:00:00,Wind,Summer,9841
2023-02-17 00:00:00,Wind,Winter,7016
2023-08-03 00:00:00,Wind,Summer,12675
2023-12-28 00:00:00,Wind,Winter,13984
2020-05-10 00:00:00,Wind,Spring,2636
2025-11-03 00:00:00,Wind,Fall,8937
2025-02-03 00:00:00,Wind,Winter,1946
2024-02-24 00:00:00,Wind,Winter,6656
2020-09-06 00:00:00,Wind,Fall,2406
2020-08-19 00:00:00,Wind,Summer,7727
2021-02-22 00:00:00,Wind,Winter,5302
2021-09-06 00:00:00,Solar,Fall,4607
2024-04-05 00:00:00,Wind,Spring,14615
2020-12-24 00:00:00,Wind,Winter,11043
2023-04-11 00:00:00,Wind,Spring,8468
2025-05-06 00:00:00,Wind,Spring,9254
2023-03-10 00:00:00,Wind,Spring,6183
2024-07-27 00:00:00,Solar,Summer,6448
2022-08-15 00:00:00,Wind,Summer,4944
2024-01-24 00:00:00,Wind,Winter,15725
2024-06-11 00:00:00,Wind,Summer,1917
2024-10-05 00:00:00,Wind,Fall,7671
2020-05-22 00:00:00,Wind,Spring,3939
2021-12-31 00:00:00,Wind,Winter,5685
2025-07-26 00:00:00,Wind,Summer,2368
2020-01-25 00:00:00,Solar,Winter,2622
2021-11-30 00:00:00,Wind,Fall,11135
2022-06-02 00:00:00,Wind,Summer,2050
2024-12-12 00:00:00,Wind,Winter,3531
2024-08-25 00:00:00,Solar,Summer,4862
2020-01-02 00:00:00,Wind,Winter,4169
2023-09-07 00:00:00,Wind,Fall,2215
2023-07-17 00:00:00,Wind,Summer,1150
2025-06-04 00:00:00,Solar,Summer,6538
2022-09-12 00:00:00,Wind,Fall,2700
2020-09-16 00:00:00,Wind,Fall,800
2020-04-06 00:00:00,Wind,Spring,6087
2022-03-06 00:00:00,Wind,Spring,7693
2022-12-20 00:00:00,Wind,Winter,13622
2023-03-19 00:00:00,Wind,Spring,3522
2021-05-14 00:00:00,Wind,Spring,3321
2022-03-19 00:00:00,Wind,Spring,9623
2023-04-15 00:00:00,Wind,Spring,12042
2020-11-10 00:00:00,Wind,Fall,1153
2025-10-08 00:00:00,Wind,Fall,584
2025-07-29 00:00:00,Wind,Summer,5792
2021-10-08 00:00:00,Wind,Fall,3432
2022-03-11 00:00:00,Wind,Spring,10430
2025-10-07 00:00:00,Solar,Fall,3781
2025-02-26 00:00:00,Wind,Winter,15275
2023-01-27 00:00:00,Wind,Winter,7462
2024-07-04 00:00:00,Wind,Summer,6505
2025-08-27 00:00:00,Wind,Summer,2086
2020-04-13 00:00:00,Wind,Spring,3469
2020-11-03 00:00:00,Wind,Fall,3597
2025-04-21 00:00:00,Wind,Spring,3158
2021-04-13 00:00:00,Wind,Spring,4444
2024-11-14 00:00:00,Wind,Fall,3238
2022-03-01 00:00:00,Wind,Spring,2865
2023-03-20 00:00:00,Wind,Spring,1690
2024-07-15 00:00:00,Solar,Summer,8737
2025-07-27 00:00:00,Wind,Summer,2172
2022-08-05 00:00:00,Wind,Summer,2957
2024-12-10 00:00:00,Wind,Winter,10560
2023-12-19 00:00:00,Wind,Winter,11260
2022-08-11 00:00:00,Wind,Summer,4398
2021-07-15 00:00:00,Wind,Summer,7253
2025-03-29 00:00:00,Wind,Spring,11249
2025-09-05 00:00:00,Wind,Fall,687
2025-11-11 00:00:00,Wind,Fall,8058
2024-06-18 00:00:00,Solar,Summer,6244
2020-04-04 00:00:00,Wind,Spring,996
2024-03-31 00:00:00,Wind,Spring,10457
2022-08-02 00:00:00,Wind,Summer,957
2025-07-20 00:00:00,Wind,Summer,4506
2023-08-03 00:00:00,Wind,Summer,14771
2025-07-12 00:00:00,Solar,Summer,9607
2020-01-26 00:00:00,Wind,Winter,8371
2022-05-16 00:00:00,Wind,Spring,5803
2021-05-23 00:00:00,Wind,Spring,5905
2021-03-18 00:00:00,Wind,Spring,3524
2021-02-04 00:00:00,Wind,Winter,5125
2020-06-10 00:00:00,Wind,Summer,731
2023-07-09 00:00:00,Solar,Summer,4652
2023-08-13 00:00:00,Wind,Summer,931
2025-03-20 00:00:00,Wind,Spring,6946
2023-08-08 00:00:00,Wind,Summer,1820
2023-07-03 00:00:00,Wind,Summer,11480
2023-09-30 00:00:00,Wind,Fall,663
2020-01-10 00:00:00,Wind,Winter,1571
2024-12-30 00:00:00,Solar,Winter,3281
2021-05-02 00:00:00,Solar,Spring,3016
2021-08-07 00:00:00,Wind,Summer,11586
2021-05-28 00:00:00,Wind,Spring,2572
2022-05-16 00:00:00,Solar,Spring,7699
2020-01-04 00:00:00,Wind,Winter,1931
2020-11-08 00:00:00,Wind,Fall,3916
2023-07-27 00:00:00,Wind,Summer,9065
2024-09-10 00:00:00,Wind,Fall,4683
2021-03-19 00:00:00,Wind,Spring,5907
2020-02-28 00:00:00,Wind,Winter,2643
2023-05-18 00:00:00,Wind,Spring,7850
2020-04-20 00:00:00,Wind,Spring,5296
2020-04-09 00:00:00,Wind,Spring,723
2025-05-03 00:00:00,Solar,Spring,5971
2025-07-30 00:00:00,Wind,Summer,1452
2020-04-28 00:00:00,Wind,Spring,3067
2023-02-26 00:00:00,Wind,Winter,14492
2021-04-11 00:00:00,Wind,Spring,7658
2024-05-08 00:00:00,Solar,Spring,9558
2020-04-08 00:00:00,Wind,Spring,2303
2021-07-04 00:00:00,Wind,Summer,862
2025-01-28 00:00:00,Wind,Winter,19004
2020-11-14 00:00:00,Wind,Fall,11103
2020-07-21 00:00:00,Wind,Summer,4876
2022-10-04 00:00:00,Wind,Fall,1416
2024-08-04 00:00:00,Solar,Summer,6580
2020-01-02 00:00:00,Wind,Winter,6857
2021-07-10 00:00:00,Wind,Summer,2043
2022-02-26 00:00:00,Wind,Winter,9716
2022-11-29 00:00:00,Wind,Fall,1111
2025-06-08 00:00:00,Wind,Summer,8306
2022-04-05 00:00:00,Wind,Spring,8495
2024-03-10 00:00:00,Wind,Spring,2181
2020-08-23 00:00:00,Wind,Summer,4332
2020-11-24 00:00:00,Wind,Fall,1768
2024-07-23 00:00:00,Wind,Summer,5404
2024-05-23 00:00:00,Wind,Spring,2979
2023-04-16 00:00:00,Wind,Spring,5054
2025-06-06 00:00:00,Wind,Summer,7339
2024-01-19 00:00:00,Wind,Winter,2193
2023-12-17 00:00:00,Solar,Winter,3018
2025-03-21 00:00:00,Wind,Spring,8152
2020-09-06 00:00:00,Wind,Fall,1961
2020-12-04 00:00:00,Wind,Winter,12264
2024-07-17 00:00:00,Solar,Summer,6067
2025-10-01 00:00:00,Solar,Fall,10058
2021-03-30 00:00:00,Solar,Spring,4810
2024-05-24 00:00:00,Wind,Spring,703
2023-02-16 00:00:00,Solar,Winter,7999
2025-11-02 00:00:00,Wind,Fall,8643
2024-07-31 00:00:00,Wind,Summer,1578
2024-12-31 00:00:00,Wind,Winter,4218
2023-01-12 00:00:00,Wind,Winter,15968
2024-03-09 00:00:00,Wind,Spring,11075
2025-04-21 00:00:00,Wind,Spring,3806
2022-06-19 00:00:00,Wind,Summer,12018
2022-03-24 00:00:00,Solar,Spring,4911
2023-12-06 00:00:00,Solar,Winter,3145
2020-10-22 00:00:00,Wind,Fall,4372
2022-09-01 00:00:00,Wind,Fall,3514
2023-02-17 00:00:00,Wind,Winter,7645
2025-06-14 00:00:00,Wind,Summer,4111
2025-09-28 00:00:00,Solar,Fall,5298
2025-11-04 00:00:00,Wind,Fall,13899
2021-07-05 00:00:00,Solar,Summer,7806
2022-02-21 00:00:00,Wind,Winter,14976
2025-11-17 00:00:00,Wind,Fall,5188
2024-08-23 00:00:00,Wind,Summer,11855
2022-03-31 00:00:00,Wind,Spring,11938
2021-09-28 00:00:00,Wind,Fall,3222
2024-06-24 00:00:00,Wind,Summer,2733
2021-09-03 00:00:00,Wind,Fall,1704
2022-10-03 00:00:00,Wind,Fall,1114
2022-08-22 00:00:00,Wind,Summer,1373
2022-02-27 00:00:00,Wind,Winter,8949
2022-06-28 00:00:00,Wind,Summer,1723
2025-08-22 00:00:00,Wind,Summer,6431
2023-05-05 00:00:00,Solar,Spring,4662
2022-03-19 00:00:00,Wind,Spring,12710
2021-04-18 00:00:00,Solar,Spring,3757
2025-07-11 00:00:00,Solar,Summer,11291
2025-09-04 00:00:00,Wind,Fall,8069
2022-10-21 00:00:00,Wind,Fall,9441
2020-07-27 00:00:00,Wind,Summer,6801
2020-07-09 00:00:00,Wind,Summer,7247
2023-06-19 00:00:00,Solar,Summer,4302
2020-08-13 00:00:00,Wind,Summer,1791
2023-09-21 00:00:00,Wind,Fall,7242
2022-07-25 00:00:00,Wind,Summer,8474
2023-11-27 00:00:00,Wind,Fall,11622
2022-04-09 00:00:00,Solar,Spring,5360
2022-11-02 00:00:00,Wind,Fall,6705
2022-08-17 00:00:00,Wind,Summer,1436
2021-04-20 00:00:00,Wind,Spring,703
2024-08-15 00:00:00,Wind,Summer,1268
2022-07-11 00:00:00,Wind,Summer,3830
2022-07-02 00:00:00,Wind,Summer,670
2021-05-24 00:00:00,Wind,Spring,8343
2023-02-24 00:00:00,Wind,Winter,5199
2021-04-14 00:00:00,Wind,Spring,9278
2025-04-12 00:00:00,Wind,Spring,8931
2022-12-22 00:00:00,Wind,Winter,12428
2024-01-18 00:00:00,Wind,Winter,7810
2024-05-31 00:00:00,Wind,Spring,7089
2021-09-09 00:00:00,Wind,Fall,5141
2025-04-13 00:00:00,Wind,Spring,4906
2024-03-23 00:00:00,Wind,Spring,9137
2025-02-26 00:00:00,Wind,Winter,8535
2022-08-03 00:00:00,Wind,Summer,1047
2025-04-07 00:00:00,Wind,Spring,5598
2021-09-15 00:00:00,Solar,Fall,3974
2023-03-26 00:00:00,Wind,Spring,9201
2020-02-19 00:00:00,Wind,Winter,8999
2020-09-14 00:00:00,Wind,Fall,3828
2022-07-23 00:00:00,Wind,Summer,1099
2021-06-04 00:00:00,Wind,Summer,2095
2020-04-12 00:00:00,Wind,Spring,748
2021-01-02 00:00:00,Wind,Winter,1281
2025-05-16 00:00:00,Wind,Spring,7218
2024-01-28 00:00:00,Wind,Winter,8152
2021-10-02 00:00:00,Wind,Fall,14843
2020-09-18 00:00:00,Wind,Fall,5286
2020-11-24 00:00:00,Wind,Fall,6481
2022-12-21 00:00:00,Wind,Winter,10235
2021-07-19 00:00:00,Wind,Summer,5773
2022-06-29 00:00:00,Solar,Summer,5357
2023-12-22 00:00:00,Wind,Winter,19987
2024-12-04 00:00:00,Solar,Winter,6363
2021-02-21 00:00:00,Wind,Winter,8829
2022-06-20 00:00:00,Wind,Summer,5728
2020-11-19 00:00:00,Wind,Fall,3854
2025-11-10 00:00:00,Wind,Fall,12666
2024-12-20 00:00:00,Wind,Winter,5569
2025-05-11 00:00:00,Solar,Spring,3967
2024-11-18 00:00:00,Wind,Fall,8530
2025-03-03 00:00:00,Solar,Spring,8311
2021-12-28 00:00:00,Wind,Winter,12013
2021-10-31 00:00:00,Wind,Fall,6221
2020-12-05 00:00:00,Wind,Winter,5385
2024-05-12 00:00:00,Wind,Spring,4245
2022-04-15 00:00:00,Wind,Spring,5750
2024-12-22 00:00:00,Wind,Winter,19398
2021-02-05 00:00:00,Wind,Winter,3021
2022-07-12 00:00:00,Solar,Summer,6997
2020-06-15 00:00:00,Wind,Summer,2022
2023-10-23 00:00:00,Wind,Fall,8658
2023-02-02 00:00:00,Wind,Winter,6057
2024-07-28 00:00:00,Solar,Summer,5654
2024-10-09 00:00:00,Wind,Fall,12421
2023-02-15 00:00:00,Solar,Winter,6270
2021-11-18 00:00:00,Solar,Fall,3326
2022-06-28 00:00:00,Wind,Summer,3348
2024-01-12 00:00:00,Wind,Winter,6624
2020-06-16 00:00:00,Wind,Summer,1461
2020-07-07 00:00:00,Wind,Summer,1906
2022-09-12 00:00:00,Solar,Fall,4987
2023-06-06 00:00:00,Solar,Summer,8282
2023-12-31 00:00:00,Wind,Winter,17690
2025-02-22 00:00:00,Wind,Winter,10776
2020-02-12 00:00:00,Wind,Winter,5618
2025-07-27 00:00:00,Wind,Summer,1887
2023-10-28 00:00:00,Wind,Fall,12258
2025-05-22 00:00:00,Solar,Spring,6175
2024-12-23 00:00:00,Wind,Winter,17302
2025-08-17 00:00:00,Wind,Summer,7604
2024-04-23 00:00:00,Wind,Spring,4610
2021-03-26 00:00:00,Wind,Spring,9646
2021-12-04 00:00:00,Wind,Winter,12295
2021-02-12 00:00:00,Wind,Winter,9320
2023-08-08 00:00:00,Wind,Summer,2130
2021-01-20 00:00:00,Wind,Winter,11737
2025-08-15 00:00:00,Solar,Summer,6084
2025-03-31 00:00:00,Wind,Spring,5157
2022-11-11 00:00:00,Wind,Fall,2683
2022-07-09 00:00:00,Wind,Summer,8525
2023-09-05 00:00:00,Wind,Fall,7414
2022-11-19 00:00:00,Solar,Fall,4418
2023-10-23 00:00:00,Wind,Fall,5596
2023-01-13 00:00:00,Wind,Winter,13913
2020-04-21 00:00:00,Wind,Spring,4642
2020-12-19 00:00:00,Wind,Winter,10820
2021-01-06 00:00:00,Wind,Winter,1187
2025-06-12 00:00:00,Wind,Summer,6737
2020-06-01 00:00:00,Solar,Summer,4570
2020-12-29 00:00:00,Wind,Winter,3005
2023-03-08 00:00:00,Wind,Spring,13908
2020-02-19 00:00:00,Wind,Winter,11122
2023-07-30 00:00:00,Wind,Summer,7195
2025-01-23 00:00:00,Wind,Winter,5894
2025-05-11 00:00:00,Wind,Spring,4469
2020-07-15 00:00:00,Wind,Summer,3632
2021-04-23 00:00:00,Wind,Spring,8565
2023-07-02 00:00:00,Wind,Summer,6804
2022-04-13 00:00:00,Wind,Spring,1032
2021-12-14 00:00:00,Wind,Winter,1053
2021-01-22 00:00:00,Wind,Winter,4478
2024-12-30 00:00:00,Solar,Winter,2676
2020-01-19 00:00:00,Wind,Winter,5048
2021-01-08 00:00:00,Wind,Winter,1507
2023-08-03 00:00:00,Wind,Summer,13262
2025-10-25 00:00:00,Wind,Fall,13923
2023-05-13 00:00:00,Wind,Spring,4856
2023-07-21 00:00:00,Wind,Summer,3097
2024-10-03 00:00:00,Wind,Fall,4843
2023-03-30 00:00:00,Wind,Spring,12402
2022-07-08 00:00:00,Solar,Summer,8283
2021-08-18 00:00:00,Wind,Summer,2488
2023-06-29 00:00:00,Wind,Summer,748
2021-05-28 00:00:00,Wind,Spring,3329
2024-05-11 00:00:00,Wind,Spring,4906
2022-04-08 00:00:00,Wind,Spring,9607
2025-07-27 00:00:00,Wind,Summer,4242
2023-10-14 00:00:00,Solar,Fall,5525
2020-10-12 00:00:00,Solar,Fall,3848
2025-01-18 00:00:00,Wind,Winter,1679
2023-05-31 00:00:00,Wind,Spring,12628
2021-09-21 00:00:00,Solar,Fall,4522
2023-11-21 00:00:00,Wind,Fall,6769
2024-04-12 00:00:00,Solar,Spring,8049
2024-03-17 00:00:00,Wind,Spring,6278
2024-04-05 00:00:00,Wind,Spring,10352
2022-11-01 00:00:00,Wind,Fall,12061
2024-05-27 00:00:00,Wind,Spring,2538
2021-07-15 00:00:00,Wind,Summer,7756
2024-03-05 00:00:00,Wind,Spring,8619
2025-10-10 00:00:00,Solar,Fall,9343
2023-06-21 00:00:00,Solar,Summer,4377
2023-10-29 00:00:00,Wind,Fall,15308
2020-05-21 00:00:00,Solar,Spring,2989
2023-06-10 00:00:00,Wind,Summer,3204
2025-08-20 00:00:00,Wind,Summer,3073
2024-04-16 00:00:00,Wind,Spring,13826
2025-03-05 00:00:00,Solar,Spring,3558
2025-11-15 00:00:00,Solar,Fall,5714
2022-03-12 00:00:00,Wind,Spring,9414
2024-06-04 00:00:00,Wind,Summer,456
2020-07-28 00:00:00,Wind,Summer,6769
2021-11-06 00:00:00,Wind,Fall,6134
2025-04-25 00:00:00,Wind,Spring,3293
2021-07-25 00:00:00,Wind,Summer,2988
2022-11-01 00:00:00,Wind,Fall,15812
2024-11-10 00:00:00,Wind,Fall,1932
2021-04-19 00:00:00,Wind,Spring,1278
2021-03-29 00:00:00,Solar,Spring,5469
2021-03-12 00:00:00,Wind,Spring,9635
2025-06-07 00:00:00,Wind,Summer,12317
2023-09-02 00:00:00,Wind,Fall,4625
2023-10-27 00:00:00,Wind,Fall,9132
2021-08-10 00:00:00,Wind,Summer,590
2021-09-29 00:00:00,Wind,Fall,7118
2022-05-31 00:00:00,Wind,Spring,5487
2021-06-25 00:00:00,Wind,Summer,1451
2022-05-27 00:00:00,Solar,Spring,6179
2024-03-03 00:00:00,Wind,Spring,5144
2022-12-07 00:00:00,Wind,Winter,2507
2021-08-17 00:00:00,Wind,Summer,3684
2020-03-24 00:00:00,Wind,Spring,6133
2025-10-12 00:00:00,Wind,Fall,5244
2023-07-24 00:00:00,Wind,Summer,11156
2024-07-08 00:00:00,Solar,Summer,8159
2022-07-16 00:00:00,Solar,Summer,8810
2024-04-01 00:00:00,Wind,Spring,4949
2024-01-14 00:00:00,Wind,Winter,1253
2020-01-08 00:00:00,Wind,Winter,4927
2021-11-12 00:00:00,Wind,Fall,1575
2024-11-19 00:00:00,Wind,Fall,20597
2020-08-17 00:00:00,Wind,Summer,1750
2023-06-11 00:00:00,Wind,Summer,4575
2025-08-21 00:00:00,Wind,Summer,7365
2021-08-26 00:00:00,Wind,Summer,2542
2020-09-10 00:00:00,Wind,Fall,1247
2021-07-13 00:00:00,Wind,Summer,5065
2022-04-05 00:00:00,Wind,Spring,7386
2020-06-13 00:00:00,Wind,Summer,3366
2023-10-18 00:00:00,Wind,Fall,14535
2020-08-22 00:00:00,Wind,Summer,9129
2021-08-03 00:00:00,Wind,Summer,1153
2023-07-23 00:00:00,Wind,Summer,12004
2021-07-02 00:00:00,Solar,Summer,1628
2022-06-03 00:00:00,Solar,Summer,5923
2021-12-04 00:00:00,Wind,Winter,8370
2023-10-09 00:00:00,Solar,Fall,6407
2021-09-15 00:00:00,Solar,Fall,3648
2021-06-18 00:00:00,Wind,Summer,3517
2025-09-10 00:00:00,Wind,Fall,3815
2020-04-11 00:00:00,Solar,Spring,2530
2024-01-26 00:00:00,Wind,Winter,7990
2025-03-27 00:00:00,Wind,Spring,3169
2025-09-21 00:00:00,Wind,Fall,3184
2024-07-13 00:00:00,Solar,Summer,1101
2021-11-14 00:00:00,Wind,Fall,2421
2022-07-01 00:00:00,Wind,Summer,863
2023-07-10 00:00:00,Wind,Summer,1054
2022-11-23 00:00:00,Wind,Fall,12891
2024-12-12 00:00:00,Wind,Winter,3478
2025-04-27 00:00:00,Wind,Spring,2748
2023-01-17 00:00:00,Wind,Winter,4665
2022-04-03 00:00:00,Wind,Spring,5119
2020-10-18 00:00:00,Wind,Fall,672
2021-10-11 00:00:00,Wind,Fall,4388
2023-11-16 00:00:00,Wind,Fall,13386
2025-03-09 00:00:00,Wind,Spring,9672
2022-12-31 00:00:00,Wind,Winter,17332
2023-08-16 00:00:00,Solar,Summer,6675
2021-01-06 00:00:00,Wind,Winter,495
2025-02-08 00:00:00,Wind,Winter,8261
2022-09-26 00:00:00,Wind,Fall,6086
2025-11-10 00:00:00,Wind,Fall,6004
2020-02-01 00:00:00,Wind,Winter,10703
2022-04-22 00:00:00,Wind,Spring,4256
2023-01-24 00:00:00,Wind,Winter,2611
2025-05-05 00:00:00,Wind,Spring,9361
2020-05-08 00:00:00,Solar,Spring,4778
2021-06-16 00:00:00,Solar,Summer,2085
2020-02-16 00:00:00,Wind,Winter,11230
2023-07-04 00:00:00,Solar,Summer,5603
2023-10-26 00:00:00,Wind,Fall,6529
2024-02-28 00:00:00,Wind,Winter,3223
2022-11-29 00:00:00,Solar,Fall,2249
2020-01-06 00:00:00,Wind,Winter,6469
2025-11-09 00:00:00,Wind,Fall,2430
2024-05-12 00:00:00,Wind,Spring,3904
2021-04-30 00:00:00,Wind,Spring,1359
2023-08-27 00:00:00,Wind,Summer,2263
2024-07-27 00:00:00,Solar,Summer,3124
2025-09-26 00:00:00,Solar,Fall,5213
2022-04-01 00:00:00,Wind,Spring,9699
2020-05-12 00:00:00,Wind,Spring,5747
2024-10-07 00:00:00,Wind,Fall,7311
2022-06-30 00:00:00,Solar,Summer,4931
2024-09-20 00:00:00,Wind,Fall,3245
2024-08-10 00:00:00,Solar,Summer,4012
2023-04-30 00:00:00,Wind,Spring,3814
2025-01-23 00:00:00,Wind,Winter,6304
2022-12-03 00:00:00,Wind,Winter,6285
2025-04-24 00:00:00,Wind,Spring,2699
2025-10-02 00:00:00,Wind,Fall,2959
2020-08-09 00:00:00,Solar,Summer,3372
2020-07-10 00:00:00,Wind,Summer,4171
2023-12-26 00:00:00,Wind,Winter,7229
2024-04-28 00:00:00,Wind,Spring,10556
2024-10-12 00:00:00,Wind,Fall,6790
2022-11-25 00:00:00,Wind,Fall,3351
2023-01-14 00:00:00,Wind,Winter,17545
2022-11-08 00:00:00,Wind,Fall,11901
2024-08-29 00:00:00,Wind,Summer,2703
2025-03-16 00:00:00,Wind,Spring,9888
2020-01-19 00:00:00,Wind,Winter,4619
2025-03-13 00:00:00,Wind,Spring,2661
2024-04-04 00:00:00,Wind,Spring,8108
2023-12-05 00:00:00,Wind,Winter,6714
2020-01-16 00:00:00,Wind,Winter,4609
2025-10-15 00:00:00,Wind,Fall,5080
2020-06-03 00:00:00,Solar,Summer,3604
2024-05-11 00:00:00,Wind,Spring,5428
2020-09-25 00:00:00,Wind,Fall,10168
2022-10-05 00:00:00,Wind,Fall,9771
2024-07-02 00:00:00,Wind,Summer,2631
2023-04-21 00:00:00,Wind,Spring,2543
2024-12-05 00:00:00,Wind,Winter,14145
2025-08-07 00:00:00,Solar,Summer,5653
2020-04-05 00:00:00,Wind,Spring,7848
2024-01-26 00:00:00,Wind,Winter,9936
2023-09-03 00:00:00,Solar,Fall,9204
2022-04-12 00:00:00,Wind,Spring,2275
2020-12-29 00:00:00,Wind,Winter,5165
2023-09-08 00:00:00,Solar,Fall,3666
2024-04-26 00:00:00,Solar,Spring,6436
2024-04-14 00:00:00,Solar,Spring,4067
2020-09-07 00:00:00,Solar,Fall,5438
2022-02-18 00:00:00,Wind,Winter,13040
2020-05-21 00:00:00,Wind,Spring,1502
2020-05-04 00:00:00,Solar,Spring,5337
2023-06-10 00:00:00,Solar,Summer,4098
2024-04-03 00:00:00,Wind,Spring,15839
2020-05-23 00:00:00,Wind,Spring,3360
2020-09-04 00:00:00,Wind,Fall,1232
2020-10-07 00:00:00,Wind,Fall,8717
2023-12-02 00:00:00,Wind,Winter,3249
2024-06-28 00:00:00,Solar,Summer,6716
2021-08-22 00:00:00,Wind,Summer,3345
2023-02-17 00:00:00,Wind,Winter,9868
2022-02-16 00:00:00,Wind,Winter,16745
2022-12-03 00:00:00,Wind,Winter,6803
2021-04-08 00:00:00,Solar,Spring,5202
2025-01-05 00:00:00,Wind,Winter,19348
2024-10-08 00:00:00,Wind,Fall,10350
2022-02-12 00:00:00,Wind,Winter,4558
2023-07-07 00:00:00,Wind,Summer,4486
2020-07-14 00:00:00,Wind,Summer,2101
2022-12-09 00:00:00,Wind,Winter,2064
2022-07-05 00:00:00,Wind,Summer,3667
2021-11-20 00:00:00,Wind,Fall,210
2023-02-09 00:00:00,Wind,Winter,1322
2025-03-01 00:00:00,Wind,Spring,10187
2023-07-25 00:00:00,Wind,Summer,7186
2024-12-25 00:00:00,Solar,Winter,2874
2024-05-08 00:00:00,Wind,Spring,5427
2021-10-03 00:00:00,Wind,Fall,8606
2024-04-18 00:00:00,Wind,Spring,3786
2023-11-04 00:00:00,Wind,Fall,15504
2022-05-25 00:00:00,Wind,Spring,5875
2022-01-22 00:00:00,Wind,Winter,2136
2022-08-18 00:00:00,Solar,Summer,5355
2025-08-14 00:00:00,Solar,Summer,4159
2023-01-01 00:00:00,Wind,Winter,11283
2024-01-20 00:00:00,Wind,Winter,4846
2021-11-17 00:00:00,Wind,Fall,1887
2020-09-29 00:00:00,Wind,Fall,2642
2020-08-08 00:00:00,Wind,Summer,2390
2024-01-18 00:00:00,Wind,Winter,4246
2024-10-18 00:00:00,Wind,Fall,4798
2025-06-27 00:00:00,Wind,Summer,1584
2025-02-11 00:00:00,Wind,Winter,3812
2023-08-25 00:00:00,Wind,Summer,9893
2021-12-02 00:00:00,Wind,Winter,6952
2022-01-25 00:00:00,Wind,Winter,328
2022-09-26 00:00:00,Wind,Fall,15890
2022-12-17 00:00:00,Wind,Winter,2347
2020-02-21 00:00:00,Wind,Winter,4193
2021-09-13 00:00:00,Wind,Fall,1554
2020-07-12 00:00:00,Solar,Summer,5689
2023-05-29 00:00:00,Wind,Spring,9264
2024-08-30 00:00:00,Wind,Summer,2456
2021-07-28 00:00:00,Wind,Summer,10176
2023-03-29 00:00:00,Wind,Spring,4271
2021-05-11 00:00:00,Wind,Spring,6405
2025-01-09 00:00:00,Wind,Winter,10749
2022-01-05 00:00:00,Wind,Winter,7802
2024-08-26 00:00:00,Wind,Summer,2045
2023-02-19 00:00:00,Solar,Winter,7077
2025-06-23 00:00:00,Wind,Summer,12740
2020-08-04 00:00:00,Wind,Summer,2445
2023-02-11 00:00:00,Wind,Winter,2391
2022-09-16 00:00:00,Wind,Fall,1953
2025-10-13 00:00:00,Wind,Fall,6119
2025-07-03 00:00:00,Wind,Summer,5539
2022-12-07 00:00:00,Wind,Winter,1410
2024-02-10 00:00:00,Wind,Winter,4487
2021-07-09 00:00:00,Wind,Summer,1208
2025-02-16 00:00:00,Wind,Winter,4574
2024-11-24 00:00:00,Wind,Fall,21544
2024-12-11 00:00:00,Wind,Winter,5916
2025-05-20 00:00:00,Wind,Spring,5566
2022-01-21 00:00:00,Wind,Winter,5002
2025-01-30 00:00:00,Wind,Winter,5813
2021-01-29 00:00:00,Wind,Winter,12983
2024-04-19 00:00:00,Wind,Spring,9003
2020-12-01 00:00:00,Wind,Winter,8412
2024-02-19 00:00:00,Wind,Winter,4002
2023-09-21 00:00:00,Wind,Fall,6474
2025-03-17 00:00:00,Wind,Spring,5489
2024-08-02 00:00:00,Wind,Summer,7412
2020-07-15 00:00:00,Wind,Summer,1451
2022-10-15 00:00:00,Wind,Fall,8245
2025-05-11 00:00:00,Solar,Spring,3050
2025-01-21 00:00:00,Solar,Winter,5754
2023-08-02 00:00:00,Wind,Summer,15356
2025-10-06 00:00:00,Wind,Fall,2272
2024-03-22 00:00:00,Solar,Spring,7952
2021-04-04 00:00:00,Wind,Spring,6551
2022-11-08 00:00:00,Wind,Fall,13306
2023-09-19 00:00:00,Wind,Fall,7887
2022-05-05 00:00:00,Solar,Spring,6137
2021-03-16 00:00:00,Wind,Spring,3759
2023-03-18 00:00:00,Wind,Spring,4032
2023-01-04 00:00:00,Wind,Winter,13392
2021-01-05 00:00:00,Wind,Winter,1794
2020-12-07 00:00:00,Wind,Winter,3434
2024-04-24 00:00:00,Wind,Spring,11510
2025-04-27 00:00:00,Solar,Spring,3352
2021-10-16 00:00:00,Wind,Fall,1545
2022-04-17 00:00:00,Wind,Spring,6232
2022-11-15 00:00:00,Wind,Fall,10920
2021-01-06 00:00:00,Wind,Winter,1467
2020-06-09 00:00:00,Solar,Summer,4734
2023-03-14 00:00:00,Wind,Spring,10320
2021-01-31 00:00:00,Wind,Winter,5433
2021-01-28 00:00:00,Wind,Winter,9207
2023-02-14 00:00:00,Wind,Winter,4137
2024-08-29 00:00:00,Solar,Summer,5199
2022-10-03 00:00:00,Solar,Fall,5084
2022-02-23 00:00:00,Solar,Winter,3903
2025-08-24 00:00:00,Wind,Summer,3233
2021-02-06 00:00:00,Wind,Winter,3255
2023-04-29 00:00:00,Solar,Spring,4800
2023-04-22 00:00:00,Wind,Spring,4492
2020-05-24 00:00:00,Solar,Spring,5849
2023-02-07 00:00:00,Wind,Winter,6303
2022-07-06 00:00:00,Wind,Summer,3439
2023-11-25 00:00:00,Wind,Fall,3662
2022-12-09 00:00:00,Wind,Winter,3163
2020-12-15 00:00:00,Wind,Winter,5961
2022-03-10 00:00:00,Wind,Spring,6888
2024-06-15 00:00:00,Wind,Summer,10230
2025-10-27 00:00:00,Wind,Fall,20785
2020-07-02 00:00:00,Wind,Summer,3158
2021-09-21 00:00:00,Wind,Fall,2741
2022-04-03 00:00:00,Wind,Spring,1788
2025-01-04 00:00:00,Wind,Winter,10639
2021-09-06 00:00:00,Solar,Fall,4649
2022-01-12 00:00:00,Wind,Winter,3948
2023-03-03 00:00:00,Wind,Spring,5441
2021-11-21 00:00:00,Wind,Fall,3618
2022-07-28 00:00:00,Wind,Summer,1737
2023-01-28 00:00:00,Wind,Winter,2799
2024-12-22 00:00:00,Wind,Winter,19928
2024-03-12 00:00:00,Wind,Spring,4768
2022-11-11 00:00:00,Wind,Fall,2888
2024-11-07 00:00:00,Wind,Fall,3242
2024-06-27 00:00:00,Wind,Summer,839
2020-11-23 00:00:00,Solar,Fall,2374
2025-06-19 00:00:00,Wind,Summer,6052
2024-08-07 00:00:00,Wind,Summer,1802
2020-07-05 00:00:00,Wind,Summer,10632
2023-05-27 00:00:00,Solar,Spring,8746
2021-04-21 00:00:00,Wind,Spring,1068
2024-09-15 00:00:00,Wind,Fall,3333
2025-07-01 00:00:00,Wind,Summer,1421
2024-09-09 00:00:00,Wind,Fall,9339
2021-09-12 00:00:00,Solar,Fall,3552
2022-01-13 00:00:00,Wind,Winter,2645
2025-07-23 00:00:00,Wind,Summer,1307
2023-08-27 00:00:00,Wind,Summer,1781
2024-02-19 00:00:00,Wind,Winter,3287
2022-06-16 00:00:00,Solar,Summer,5124
2025-09-11 00:00:00,Wind,Fall,10615
2021-06-27 00:00:00,Wind,Summer,748
2025-06-13 00:00:00,Wind,Summer,2429
2020-12-10 00:00:00,Wind,Winter,4988
2022-11-29 00:00:00,Wind,Fall,1194
2021-11-13 00:00:00,Wind,Fall,5812
2025-07-22 00:00:00,Wind,Summer,13809
2024-02-21 00:00:00,Wind,Winter,15375
2021-08-07 00:00:00,Wind,Summer,9544
2023-11-24 00:00:00,Wind,Fall,9941
2021-06-03 00:00:00,Wind,Summer,1771
2020-12-02 00:00:00,Wind,Winter,2043
2023-04-29 00:00:00,Wind,Spring,1622
2021-04-16 00:00:00,Solar,Spring,7807
2020-02-13 00:00:00,Wind,Winter,13233
2021-11-21 00:00:00,Wind,Fall,3948
2023-12-18 00:00:00,Wind,Winter,2101
2020-06-01 00:00:00,Solar,Summer,4181
2025-07-24 00:00:00,Solar,Summer,9540
2023-06-24 00:00:00,Solar,Summer,8820
2022-03-07 00:00:00,Wind,Spring,10894
2021-10-21 00:00:00,Wind,Fall,13513
2024-02-11 00:00:00,Wind,Winter,9448
2023-09-07 00:00:00,Solar,Fall,4368
2023-11-25 00:00:00,Wind,Fall,10661
2020-10-02 00:00:00,Wind,Fall,6441
2022-01-05 00:00:00,Wind,Winter,6918
2022-03-28 00:00:00,Wind,Spring,1643
2020-09-01 00:00:00,Wind,Fall,1448
2025-09-19 00:00:00,Solar,Fall,10145
2023-11-03 00:00:00,Wind,Fall,10759
2020-11-25 00:00:00,Wind,Fall,3453
2022-10-01 00:00:00,Wind,Fall,13589
2021-08-02 00:00:00,Wind,Summer,1434
2020-08-08 00:00:00,Solar,Summer,2968
2022-09-14 00:00:00,Wind,Fall,1861
2021-05-31 00:00:00,Wind,Spring,3833
2023-12-27 00:00:00,Wind,Winter,12667
2024-08-01 00:00:00,Wind,Summer,4264
2023-04-04 00:00:00,Wind,Spring,4139
2024-05-03 00:00:00,Wind,Spring,9022
2024-09-15 00:00:00,Wind,Fall,4322
2021-09-13 00:00:00,Wind,Fall,1809
2021-12-07 00:00:00,Wind,Winter,13600
2023-11-30 00:00:00,Wind,Fall,1780
2022-03-10 00:00:00,Wind,Spring,6777
2022-03-30 00:00:00,Solar,Spring,2186
2022-08-09 00:00:00,Wind,Summer,6466
2023-05-04 00:00:00,Wind,Spring,9901
2023-12-13 00:00:00,Wind,Winter,6869
2022-09-29 00:00:00,Solar,Fall,4400
2024-08-28 00:00:00,Solar,Summer,10829
2024-09-17 00:00:00,Wind,Fall,10111
2020-01-06 00:00:00,Wind,Winter,5665
2022-09-07 00:00:00,Wind,Fall,6353
2022-10-21 00:00:00,Wind,Fall,7894
2021-05-26 00:00:00,Wind,Spring,4996
2022-06-26 00:00:00,Wind,Summer,1831
2025-07-13 00:00:00,Wind,Summer,3952
2024-06-29 00:00:00,Wind,Summer,4387
2024-11-08 00:00:00,Solar,Fall,4482
2022-07-11 00:00:00,Solar,Summer,7469
2022-01-10 00:00:00,Wind,Winter,1005
2025-03-21 00:00:00,Wind,Spring,7350
2023-02-15 00:00:00,Solar,Winter,6445
2025-04-17 00:00:00,Wind,Spring,2336
2025-02-15 00:00:00,Wind,Winter,7209
2020-09-28 00:00:00,Wind,Fall,4748
2021-06-30 00:00:00,Wind,Summer,2097
2022-07-20 00:00:00,Wind,Summer,2316
2020-04-22 00:00:00,Wind,Spring,5000
2021-09-23 00:00:00,Wind,Fall,1171
2020-02-27 00:00:00,Wind,Winter,5262
2021-03-26 00:00:00,Wind,Spring,8311
2020-01-13 00:00:00,Wind,Winter,3845
2025-09-22 00:00:00,Wind,Fall,8892
2023-01-13 00:00:00,Wind,Winter,14537
2024-07-16 00:00:00,Wind,Summer,7743
2024-06-04 00:00:00,Wind,Summer,7459
2020-11-02 00:00:00,Wind,Fall,4458
2022-10-07 00:00:00,Solar,Fall,4853
2022-02-24 00:00:00,Wind,Winter,12191
2021-11-27 00:00:00,Wind,Fall,7605
2020-08-07 00:00:00,Solar,Summer,2665
2022-07-10 00:00:00,Wind,Summer,5201
2021-07-13 00:00:00,Wind,Summer,3421
2025-05-01 00:00:00,Wind,Spring,5525
2025-11-30 00:00:00,Wind,Fall,4365
2020-12-25 00:00:00,Wind,Winter,6272
2021-04-19 00:00:00,Solar,Spring,4484
2024-03-29 00:00:00,Wind,Spring,5301
2023-07-29 00:00:00,Wind,Summer,5340
2022-06-05 00:00:00,Wind,Summer,1412
2021-08-11 00:00:00,Wind,Summer,508
2022-11-27 00:00:00,Wind,Fall,8438
2025-06-11 00:00:00,Solar,Summer,5524
2023-06-01 00:00:00,Solar,Summer,8686
2022-10-14 00:00:00,Wind,Fall,5617
2025-05-07 00:00:00,Solar,Spring,11508
2022-03-30 00:00:00,Solar,Spring,3152
2025-03-13 00:00:00,Solar,Spring,5712
2021-09-23 00:00:00,Solar,Fall,5575
2020-02-04 00:00:00,Wind,Winter,10605
2021-05-14 00:00:00,Wind,Spring,5623
2022-05-30 00:00:00,Wind,Spring,4110
2021-01-30 00:00:00,Wind,Winter,5748
2024-06-20 00:00:00,Wind,Summer,4284
2025-08-07 00:00:00,Solar,Summer,3099
2024-08-24 00:00:00,Wind,Summer,6102
2022-09-15 00:00:00,Wind,Fall,1704
2020-07-06 00:00:00,Wind,Summer,6827
2022-08-28 00:00:00,Wind,Summer,3890
2020-09-14 00:00:00,Solar,Fall,4786
2024-05-24 00:00:00,Wind,Spring,645
2025-08-08 00:00:00,Wind,Summer,1464
2020-07-10 00:00:00,Wind,Summer,5130
2020-01-17 00:00:00,Wind,Winter,7402
2024-07-17 00:00:00,Solar,Summer,4046
2023-01-02 00:00:00,Wind,Winter,6552
2021-02-14 00:00:00,Wind,Winter,7245
2025-07-26 00:00:00,Wind,Summer,2295
2020-10-23 00:00:00,Wind,Fall,2714
2024-07-03 00:00:00,Wind,Summer,1771
2024-11-12 00:00:00,Wind,Fall,8223
2025-11-12 00:00:00,Wind,Fall,13595
2024-04-26 00:00:00,Wind,Spring,3091
2023-12-20 00:00:00,Wind,Winter,9752
2024-04-04 00:00:00,Wind,Spring,7001
2025-03-18 00:00:00,Wind,Spring,10105
2020-04-14 00:00:00,Wind,Spring,6515
2020-03-02 00:00:00,Wind,Spring,8448
2020-01-11 00:00:00,Wind,Winter,3308
2022-02-10 00:00:00,Wind,Winter,3020
2024-10-13 00:00:00,Wind,Fall,3330
2024-01-16 00:00:00,Wind,Winter,2197
2020-09-10 00:00:00,Solar,Fall,2293
2025-08-25 00:00:00,Wind,Summer,3906
2024-03-05 00:00:00,Wind,Spring,6764
2022-08-23 00:00:00,Wind,Summer,1085
2021-07-17 00:00:00,Wind,Summer,6467
2025-04-27 00:00:00,Solar,Spring,3596
2020-02-27 00:00:00,Wind,Winter,10596
2024-11-06 00:00:00,Wind,Fall,292
2024-11-22 00:00:00,Wind,Fall,15122
2024-11-19 00:00:00,Wind,Fall,11992
2021-05-26 00:00:00,Wind,Spring,5335
2021-11-29 00:00:00,Wind,Fall,4389
2023-04-09 00:00:00,Wind,Spring,3548
2024-05-20 00:00:00,Solar,Spring,5874
2021-09-06 00:00:00,Solar,Fall,2723
2020-12-16 00:00:00,Wind,Winter,7220
2021-06-11 00:00:00,Solar,Summer,4809
2024-03-15 00:00:00,Wind,Spring,9923
2023-02-20 00:00:00,Wind,Winter,3288
2025-05-02 00:00:00,Wind,Spring,4524
2021-04-30 00:00:00,Wind,Spring,1408
2024-08-30 00:00:00,Wind,Summer,5577
2021-09-30 00:00:00,Wind,Fall,1829
2024-02-13 00:00:00,Wind,Winter,7108
2023-01-10 00:00:00,Wind,Winter,7471
2023-05-20 00:00:00,Wind,Spring,6415
2023-09-01 00:00:00,Wind,Fall,1142
2024-06-06 00:00:00,Solar,Summer,8506
2025-07-13 00:00:00,Solar,Summer,9654
2021-10-18 00:00:00,Wind,Fall,5039
2021-03-01 00:00:00,Wind,Spring,4453
2023-03-18 00:00:00,Wind,Spring,11176
2020-10-21 00:00:00,Wind,Fall,14758
2020-03-02 00:00:00,Wind,Spring,7175
2023-06-30 00:00:00,Wind,Summer,2631
2022-04-19 00:00:00,Solar,Spring,2972
2020-07-25 00:00:00,Wind,Summer,1509
2021-11-03 00:00:00,Wind,Fall,3878
2024-09-20 00:00:00,Wind,Fall,3712
2020-07-06 00:00:00,Wind,Summer,7270
2023-06-18 00:00:00,Wind,Summer,2716
2024-04-22 00:00:00,Solar,Spring,11915
2022-10-31 00:00:00,Wind,Fall,1886
2022-12-08 00:00:00,Wind,Winter,2320
2021-02-19 00:00:00,Wind,Winter,6408
2024-07-04 00:00:00,Wind,Summer,7653
2022-08-12 00:00:00,Solar,Summer,4606
2020-06-22 00:00:00,Wind,Summer,1871
2022-05-14 00:00:00,Wind,Spring,1781
2022-03-14 00:00:00,Wind,Spring,5813
2021-04-28 00:00:00,Solar,Spring,1431
2020-02-22 00:00:00,Wind,Winter,8683
2024-11-01 00:00:00,Solar,Fall,3028
2025-08-31 00:00:00,Wind,Summer,3822
2024-08-21 00:00:00,Solar,Summer,7369
2023-11-10 00:00:00,Wind,Fall,13482
2025-05-04 00:00:00,Wind,Spring,5384
2024-09-21 00:00:00,Solar,Fall,4430
2020-03-19 00:00:00,Wind,Spring,1145
2020-10-02 00:00:00,Wind,Fall,9401
2022-09-25 00:00:00,Wind,Fall,4472
2022-08-25 00:00:00,Wind,Summer,4858
2023-08-10 00:00:00,Wind,Summer,3790
2024-09-21 00:00:00,Wind,Fall,3321
2022-01-22 00:00:00,Wind,Winter,3202
2023-11-09 00:00:00,Wind,Fall,9159
2024-11-25 00:00:00,Wind,Fall,18407
2023-07-08 00:00:00,Wind,Summer,4740
2025-09-11 00:00:00,Wind,Fall,10679
2023-07-15 00:00:00,Wind,Summer,6810
2021-11-03 00:00:00,Wind,Fall,3050
2025-11-23 00:00:00,Wind,Fall,9347
2021-05-18 00:00:00,Wind,Spring,5821
2024-02-04 00:00:00,Wind,Winter,8994
2020-07-16 00:00:00,Wind,Summer,1763
2020-07-03 00:00:00,Wind,Summer,3011
2024-03-04 00:00:00,Solar,Spring,9667
2020-10-15 00:00:00,Wind,Fall,6069
2023-01-25 00:00:00,Wind,Winter,1037
2023-02-04 00:00:00,Wind,Winter,2961
2023-02-03 00:00:00,Wind,Winter,5209
2025-02-24 00:00:00,Wind,Winter,13295
2025-11-11 00:00:00,Wind,Fall,14313
2025-05-07 00:00:00,Wind,Spring,11125
2024-06-18 00:00:00,Solar,Summer,7585
2021-04-13 00:00:00,Solar,Spring,6733
2024-01-06 00:00:00,Wind,Winter,9159
2020-01-19 00:00:00,Wind,Winter,4247
2021-06-01 00:00:00,Wind,Summer,5282
2023-05-28 00:00:00,Wind,Spring,6446
2025-09-19 00:00:00,Solar,Fall,12989
2025-08-17 00:00:00,Wind,Summer,5923
2023-08-29 00:00:00,Solar,Summer,6385
2020-08-13 00:00:00,Wind,Summer,2213
2021-08-30 00:00:00,Wind,Summer,3173
2020-07-26 00:00:00,Wind,Summer,4306
2023-02-25 00:00:00,Wind,Winter,3671
2025-08-16 00:00:00,Wind,Summer,8918
2024-07-15 00:00:00,Wind,Summer,10900
2020-03-06 00:00:00,Wind,Spring,11303
2023-09-02 00:00:00,Wind,Fall,2084
2022-01-21 00:00:00,Solar,Winter,6900
2023-05-06 00:00:00,Wind,Spring,1719
2023-09-21 00:00:00,Wind,Fall,8784
2025-07-17 00:00:00,Solar,Summer,9602
2023-10-05 00:00:00,Solar,Fall,6634
2023-06-13 00:00:00,Wind,Summer,3141
2023-01-08 00:00:00,Wind,Winter,12173
2020-12-10 00:00:00,Wind,Winter,5097
2023-03-21 00:00:00,Wind,Spring,8403
2022-04-25 00:00:00,Solar,Spring,7151
2025-09-14 00:00:00,Wind,Fall,4414
2024-09-29 00:00:00,Wind,Fall,1277
2025-02-06 00:00:00,Wind,Winter,11486
2022-12-20 00:00:00,Wind,Winter,11990
2024-11-26 00:00:00,Wind,Fall,6210
2023-03-13 00:00:00,Wind,Spring,16408
2025-09-03 00:00:00,Wind,Fall,18721
2024-11-09 00:00:00,Wind,Fall,1300
2020-02-23 00:00:00,Wind,Winter,9881
2020-08-03 00:00:00,Wind,Summer,4530
2021-11-03 00:00:00,Wind,Fall,3960
2022-12-10 00:00:00,Solar,Winter,3935
2024-11-22 00:00:00,Wind,Fall,15569
2020-06-15 00:00:00,Wind,Summer,2040
2021-02-22 00:00:00,Wind,Winter,6815
2025-01-28 00:00:00,Wind,Winter,20885
2022-06-05 00:00:00,Wind,Summer,8904
2022-07-30 00:00:00,Wind,Summer,2584
2021-07-29 00:00:00,Wind,Summer,965
2023-09-07 00:00:00,Solar,Fall,2452
2023-11-11 00:00:00,Wind,Fall,6863
2020-03-21 00:00:00,Wind,Spring,7494
2020-10-19 00:00:00,Wind,Fall,1525
2024-03-15 00:00:00,Wind,Spring,14005
2022-02-25 00:00:00,Wind,Winter,7242
2025-05-11 00:00:00,Wind,Spring,3052
2023-04-04 00:00:00,Solar,Spring,11558
2022-02-27 00:00:00,Wind,Winter,6470
2025-06-23 00:00:00,Wind,Summer,5291
2020-10-08 00:00:00,Wind,Fall,6790
2023-07-03 00:00:00,Wind,Summer,11708
2023-02-06 00:00:00,Wind,Winter,7870
2023-03-30 00:00:00,Wind,Spring,18316
2020-05-16 00:00:00,Wind,Spring,3193
2023-10-03 00:00:00,Wind,Fall,9033
2020-11-20 00:00:00,Wind,Fall,2773
2020-08-15 00:00:00,Wind,Summer,384
2024-06-21 00:00:00,Wind,Summer,2878
2021-12-02 00:00:00,Wind,Winter,5934
2020-12-19 00:00:00,Wind,Winter,9422
2021-04-10 00:00:00,Wind,Spring,5393
2022-12-25 00:00:00,Wind,Winter,9466
2023-07-19 00:00:00,Wind,Summer,2823
2024-05-14 00:00:00,Wind,Spring,6999
2020-05-23 00:00:00,Wind,Spring,7862
2021-10-03 00:00:00,Wind,Fall,5964
2024-01-29 00:00:00,Wind,Winter,8687
2021-10-15 00:00:00,Wind,Fall,1124
2021-06-12 00:00:00,Wind,Summer,1829
2020-09-22 00:00:00,Wind,Fall,894
2021-10-19 00:00:00,Wind,Fall,8475
2022-11-07 00:00:00,Wind,Fall,8246
2023-08-21 00:00:00,Wind,Summer,2603
2022-04-08 00:00:00,Wind,Spring,6694
2020-11-10 00:00:00,Solar,Fall,2552
2025-08-30 00:00:00,Wind,Summer,5384
2020-09-26 00:00:00,Wind,Fall,11643
2024-09-03 00:00:00,Wind,Fall,1253
2025-03-10 00:00:00,Wind,Spring,2663
2023-02-16 00:00:00,Wind,Winter,3980
2020-03-11 00:00:00,Wind,Spring,11361
2023-12-27 00:00:00,Wind,Winter,9035
2021-10-15 00:00:00,Solar,Fall,4028
2021-10-14 00:00:00,Wind,Fall,1908
2022-03-11 00:00:00,Wind,Spring,10317
2021-03-08 00:00:00,Wind,Spring,3070
2025-10-23 00:00:00,Wind,Fall,17992
2021-08-22 00:00:00,Wind,Summer,3212
2022-06-19 00:00:00,Solar,Summer,9444
2022-01-02 00:00:00,Wind,Winter,6918
2020-12-17 00:00:00,Wind,Winter,5845
2020-03-08 00:00:00,Wind,Spring,7440
2020-05-22 00:00:00,Wind,Spring,1663
2023-08-01 00:00:00,Wind,Summer,11387
2024-11-12 00:00:00,Wind,Fall,9661
2022-06-26 00:00:00,Solar,Summer,4430
2025-05-13 00:00:00,Wind,Spring,1684
2021-10-12 00:00:00,Wind,Fall,5195
2021-03-26 00:00:00,Wind,Spring,5079
2024-06-20 00:00:00,Wind,Summer,3344
2020-03-03 00:00:00,Wind,Spring,3260
2022-11-18 00:00:00,Wind,Fall,7173
2021-03-14 00:00:00,Wind,Spring,10637
2025-11-17 00:00:00,Wind,Fall,4027
2021-06-25 00:00:00,Wind,Summer,2162
2021-05-16 00:00:00,Wind,Spring,10947
2025-09-22 00:00:00,Wind,Fall,9995
2022-02-17 00:00:00,Wind,Winter,16410
2025-01-08 00:00:00,Wind,Winter,9828
2021-03-08 00:00:00,Wind,Spring,2869
2025-04-08 00:00:00,Solar,Spring,8550
2022-09-25 00:00:00,Wind,Fall,3647
2022-06-17 00:00:00,Solar,Summer,6029
2024-02-24 00:00:00,Wind,Winter,15371
2021-11-07 00:00:00,Wind,Fall,3223
2025-08-23 00:00:00,Wind,Summer,2569
2022-03-01 00:00:00,Wind,Spring,2721
2021-04-03 00:00:00,Wind,Spring,14891
2021-02-13 00:00:00,Wind,Winter,6349
2023-12-26 00:00:00,Wind,Winter,9160
2022-03-13 00:00:00,Wind,Spring,9151
2024-06-22 00:00:00,Wind,Summer,5101
2025-01-15 00:00:00,Solar,Winter,6285
2022-08-14 00:00:00,Wind,Summer,7767
2021-09-13 00:00:00,Wind,Fall,2957
2020-06-04 00:00:00,Wind,Summer,5751
2022-10-06 00:00:00,Wind,Fall,459
2022-12-19 00:00:00,Wind,Winter,12566
2022-03-04 00:00:00,Wind,Spring,4002
2023-05-23 00:00:00,Wind,Spring,8084
2025-10-12 00:00:00,Wind,Fall,5142
2022-04-02 00:00:00,Wind,Spring,9702
2022-03-07 00:00:00,Wind,Spring,9049
2022-11-23 00:00:00,Wind,Fall,8193
2022-01-24 00:00:00,Solar,Winter,4385
2021-01-31 00:00:00,Wind,Winter,4875
2025-10-22 00:00:00,Solar,Fall,7336
2024-09-26 00:00:00,Wind,Fall,12407
2025-08-17 00:00:00,Solar,Summer,9585
2023-05-10 00:00:00,Wind,Spring,7707
2021-03-21 00:00:00,Wind,Spring,8663
2020-01-02 00:00:00,Wind,Winter,6813
2023-07-05 00:00:00,Wind,Summer,12672
2022-07-10 00:00:00,Wind,Summer,4249
2022-11-19 00:00:00,Wind,Fall,3365
2024-02-23 00:00:00,Wind,Winter,15206
2021-06-03 00:00:00,Wind,Summer,1289
2021-04-17 00:00:00,Wind,Spring,8185
2024-05-15 00:00:00,Solar,Spring,4141
2022-10-09 00:00:00,Wind,Fall,4252
2022-12-28 00:00:00,Wind,Winter,15714
2021-05-17 00:00:00,Wind,Spring,11934
2021-03-10 00:00:00,Wind,Spring,10787
2020-03-29 00:00:00,Wind,Spring,12637
2022-12-09 00:00:00,Wind,Winter,3573
2022-07-17 00:00:00,Solar,Summer,6303
2022-02-23 00:00:00,Wind,Winter,1715
2020-05-01 00:00:00,Wind,Spring,8478
2020-02-20 00:00:00,Wind,Winter,12752
2023-09-12 00:00:00,Wind,Fall,1028
2022-05-30 00:00:00,Solar,Spring,2738
2020-03-12 00:00:00,Wind,Spring,8034
2024-12-16 00:00:00,Wind,Winter,3165
2022-02-08 00:00:00,Wind,Winter,2613
2023-02-10 00:00:00,Wind,Winter,1779
2024-12-10 00:00:00,Wind,Winter,11211
2020-03-25 00:00:00,Solar,Spring,5257
2023-01-23 00:00:00,Wind,Winter,4215
2022-03-31 00:00:00,Wind,Spring,3308
2020-08-07 00:00:00,Wind,Summer,2007
2025-02-10 00:00:00,Wind,Winter,6846
2021-07-21 00:00:00,Solar,Summer,6031
2021-09-04 00:00:00,Solar,Fall,2823
2025-06-23 00:00:00,Wind,Summer,4846
2025-02-23 00:00:00,Wind,Winter,13530
2024-09-27 00:00:00,Wind,Fall,10616
2025-03-17 00:00:00,Wind,Spring,5188
2025-06-24 00:00:00,Wind,Summer,2704
2024-12-01 00:00:00,Wind,Winter,7486
2021-07-26 00:00:00,Wind,Summer,1779
2023-01-15 00:00:00,Wind,Winter,19266
2020-11-02 00:00:00,Wind,Fall,9919
2022-02-25 00:00:00,Wind,Winter,2846
2025-01-17 00:00:00,Solar,Winter,5413
2020-09-08 00:00:00,Wind,Fall,895
2021-04-12 00:00:00,Wind,Spring,3967
2021-07-27 00:00:00,Wind,Summer,1566
2020-12-17 00:00:00,Wind,Winter,7100
2023-04-09 00:00:00,Wind,Spring,4433
2022-05-01 00:00:00,Solar,Spring,5604
2023-10-23 00:00:00,Wind,Fall,7230
2024-04-06 00:00:00,Wind,Spring,6760
2021-03-25 00:00:00,Wind,Spring,2424
2020-12-29 00:00:00,Wind,Winter,4941
2020-04-09 00:00:00,Wind,Spring,746
2022-06-06 00:00:00,Wind,Summer,3575
2020-05-08 00:00:00,Wind,Spring,2057
2023-02-06 00:00:00,Wind,Winter,7478
2024-03-25 00:00:00,Wind,Spring,1448
2023-06-11 00:00:00,Wind,Summer,1826
2025-01-14 00:00:00,Solar,Winter,6088
2022-02-15 00:00:00,Wind,Winter,13036
2025-02-06 00:00:00,Wind,Winter,12066
2023-12-22 00:00:00,Wind,Winter,15656
2020-07-07 00:00:00,Solar,Summer,2361
2021-07-20 00:00:00,Wind,Summer,4074
2021-12-02 00:00:00,Wind,Winter,4111
2021-10-19 00:00:00,Wind,Fall,8741
2022-02-02 00:00:00,Wind,Winter,2853
2025-08-14 00:00:00,Wind,Summer,2267
2023-05-23 00:00:00,Wind,Spring,6766
2023-04-24 00:00:00,Wind,Spring,6416
2021-08-30 00:00:00,Wind,Summer,5261
2020-11-10 00:00:00,Solar,Fall,2271
2023-10-17 00:00:00,Wind,Fall,6810
2024-08-03 00:00:00,Solar,Summer,8860
2021-09-16 00:00:00,Wind,Fall,631
2021-05-23 00:00:00,Wind,Spring,5138
2020-02-15 00:00:00,Wind,Winter,6365
2020-03-16 00:00:00,Wind,Spring,3587
2024-04-09 00:00:00,Wind,Spring,13710
2021-05-18 00:00:00,Solar,Spring,5550
2025-08-04 00:00:00,Solar,Summer,13010
2022-01-05 00:00:00,Wind,Winter,3791
2023-12-01 00:00:00,Wind,Winter,4345
2021-07-28 00:00:00,Wind,Summer,3178
2023-02-24 00:00:00,Wind,Winter,5858
2022-07-26 00:00:00,Wind,Summer,4218
2020-03-18 00:00:00,Wind,Spring,380
2025-05-18 00:00:00,Wind,Spring,3318
2023-09-30 00:00:00,Wind,Fall,1568
2020-02-20 00:00:00,Wind,Winter,7848
2022-05-16 00:00:00,Wind,Spring,691
2021-05-27 00:00:00,Wind,Spring,1412
2025-02-12 00:00:00,Solar,Winter,3450
2023-09-13 00:00:00,Wind,Fall,1595
2025-06-24 00:00:00,Wind,Summer,1094
2025-08-21 00:00:00,Wind,Summer,11238
2022-09-29 00:00:00,Wind,Fall,1057
2024-05-01 00:00:00,Wind,Spring,5445
2022-12-09 00:00:00,Wind,Winter,1529
2025-11-25 00:00:00,Wind,Fall,9734
2025-10-23 00:00:00,Wind,Fall,15398
2024-03-21 00:00:00,Wind,Spring,2243
2022-05-03 00:00:00,Solar,Spring,5540
2023-01-14 00:00:00,Wind,Winter,8733
2022-10-03 00:00:00,Wind,Fall,1731
2021-10-06 00:00:00,Wind,Fall,8240
2025-01-17 00:00:00,Wind,Winter,1503
2024-07-11 00:00:00,Wind,Summer,3990
2024-02-19 00:00:00,Wind,Winter,9227
2025-03-08 00:00:00,Wind,Spring,14741
2022-10-05 00:00:00,Wind,Fall,14688
2024-11-24 00:00:00,Wind,Fall,18598
2024-05-06 00:00:00,Wind,Spring,2849
2020-04-10 00:00:00,Wind,Spring,3686
2025-07-22 00:00:00,Wind,Summer,9162
2024-10-23 00:00:00,Wind,Fall,1780
2024-11-06 00:00:00,Wind,Fall,148
2022-10-30 00:00:00,Solar,Fall,5627
2024-02-16 00:00:00,Wind,Winter,9141
2022-10-29 00:00:00,Wind,Fall,9218
2024-06-29 00:00:00,Wind,Summer,5896
2020-10-28 00:00:00,Wind,Fall,11856
2020-11-23 00:00:00,Solar,Fall,2770
2020-08-07 00:00:00,Solar,Summer,2939
2021-04-28 00:00:00,Wind,Spring,4461
2025-10-08 00:00:00,Solar,Fall,4242
2024-09-16 00:00:00,Wind,Fall,8604
2025-09-01 00:00:00,Wind,Fall,8188
2025-04-05 00:00:00,Wind,Spring,6463
2022-03-07 00:00:00,Wind,Spring,7396
2023-02-25 00:00:00,Wind,Winter,8199
2020-01-31 00:00:00,Wind,Winter,5824
2022-08-09 00:00:00,Wind,Summer,7621
2025-04-26 00:00:00,Wind,Spring,4158
2023-12-29 00:00:00,Wind,Winter,10568
2025-07-30 00:00:00,Solar,Summer,9183
2023-03-17 00:00:00,Wind,Spring,8029
2025-02-11 00:00:00,Wind,Winter,5637
2021-02-08 00:00:00,Wind,Winter,1234
2024-03-03 00:00:00,Wind,Spring,2805
2024-02-02 00:00:00,Wind,Winter,3042
2020-08-30 00:00:00,Wind,Summer,3412
2024-08-29 00:00:00,Solar,Summer,6094
2020-11-08 00:00:00,Wind,Fall,4481
2024-02-25 00:00:00,Wind,Winter,11356
2023-11-30 00:00:00,Wind,Fall,1743
2022-11-03 00:00:00,Wind,Fall,10359
2023-01-29 00:00:00,Wind,Winter,2807
2025-03-24 00:00:00,Wind,Spring,3751
2024-03-10 00:00:00,Solar,Spring,4489
2022-07-22 00:00:00,Wind,Summer,2905
2024-02-09 00:00:00,Wind,Winter,9829
2024-12-19 00:00:00,Wind,Winter,17655
2024-01-07 00:00:00,Wind,Winter,7382
2020-12-03 00:00:00,Wind,Winter,12392
2025-08-07 00:00:00,Wind,Summer,930
2025-11-15 00:00:00,Wind,Fall,4692
2022-11-02 00:00:00,Wind,Fall,5751
2024-05-12 00:00:00,Wind,Spring,7203
2021-03-01 00:00:00,Wind,Spring,4546
2025-06-25 00:00:00,Solar,Summer,9154
2022-06-12 00:00:00,Wind,Summer,4471
2024-08-09 00:00:00,Solar,Summer,7538
2022-07-17 00:00:00,Wind,Summer,3664
2023-10-07 00:00:00,Wind,Fall,1842
2025-10-26 00:00:00,Wind,Fall,11977
2024-08-01 00:00:00,Solar,Summer,7736
2022-11-14 00:00:00,Wind,Fall,4986
2025-09-06 00:00:00,Wind,Fall,9528
2023-03-01 00:00:00,Wind,Spring,7633
2024-12-13 00:00:00,Wind,Winter,718
2025-09-26 00:00:00,Wind,Fall,990
2025-06-23 00:00:00,Wind,Summer,5544
2023-02-27 00:00:00,Wind,Winter,16405
2022-01-08 00:00:00,Wind,Winter,15893
2025-01-23 00:00:00,Wind,Winter,7687
2022-03-17 00:00:00,Wind,Spring,5379
2021-12-25 00:00:00,Solar,Winter,2139
2025-07-29 00:00:00,Solar,Summer,11049
2022-05-17 00:00:00,Wind,Spring,3135
2024-02-29 00:00:00,Wind,Winter,7464
2021-12-13 00:00:00,Solar,Winter,1959
2025-01-07 00:00:00,Wind,Winter,6904
2020-06-15 00:00:00,Wind,Summer,3068
2022-02-01 00:00:00,Wind,Winter,9308
2025-07-24 00:00:00,Wind,Summer,7239
2022-03-22 00:00:00,Solar,Spring,8895
2024-01-22 00:00:00,Wind,Winter,16728
2024-08-26 00:00:00,Wind,Summer,1669
2024-06-20 00:00:00,Solar,Summer,5316
2024-05-27 00:00:00,Wind,Spring,8313
2025-03-27 00:00:00,Wind,Spring,4075
2024-09-30 00:00:00,Wind,Fall,17990
2022-11-14 00:00:00,Wind,Fall,6382
2023-07-02 00:00:00,Wind,Summer,2882
2023-08-07 00:00:00,Solar,Summer,8202
2023-04-03 00:00:00,Wind,Spring,11111
2025-07-08 00:00:00,Solar,Summer,12184
2025-09-16 00:00:00,Wind,Fall,9343
2022-04-13 00:00:00,Wind,Spring,1107
2022-06-26 00:00:00,Wind,Summer,2699
2024-10-26 00:00:00,Wind,Fall,2085
2024-05-15 00:00:00,Wind,Spring,2598
2020-08-04 00:00:00,Wind,Summer,2214
2021-09-16 00:00:00,Wind,Fall,842
2024-10-29 00:00:00,Wind,Fall,1733
2025-02-20 00:00:00,Wind,Winter,8149
2023-12-18 00:00:00,Wind,Winter,2271
2025-04-21 00:00:00,Wind,Spring,2788
2022-09-21 00:00:00,Solar,Fall,6437
2025-03-11 00:00:00,Wind,Spring,6371
2023-06-23 00:00:00,Solar,Summer,7189
2023-04-06 00:00:00,Wind,Spring,4765
2025-06-07 00:00:00,Wind,Summer,6797
2025-09-20 00:00:00,Wind,Fall,10122
2022-11-30 00:00:00,Wind,Fall,1058
2025-10-30 00:00:00,Wind,Fall,4783
2025-01-21 00:00:00,Wind,Winter,2522
2024-06-02 00:00:00,Wind,Summer,5303
2025-03-23 00:00:00,Wind,Spring,4373
2024-06-10 00:00:00,Wind,Summer,3938
2025-06-12 00:00:00,Solar,Summer,5717
2025-01-02 00:00:00,Wind,Winter,8804
2021-05-13 00:00:00,Solar,Spring,5509
2022-06-17 00:00:00,Solar,Summer,3404
2025-10-13 00:00:00,Wind,Fall,6944
2020-09-16 00:00:00,Wind,Fall,1013
2022-12-18 00:00:00,Wind,Winter,6542
2024-08-03 00:00:00,Wind,Summer,3203
2020-09-26 00:00:00,Wind,Fall,11741
2020-03-29 00:00:00,Wind,Spring,11027
2020-07-01 00:00:00,Wind,Summer,3679
2023-06-19 00:00:00,Wind,Summer,1807
2021-11-02 00:00:00,Wind,Fall,2889
2022-03-01 00:00:00,Wind,Spring,2612
2021-03-17 00:00:00,Wind,Spring,5240
2022-04-26 00:00:00,Solar,Spring,7982
2021-11-15 00:00:00,Wind,Fall,1107
2023-08-18 00:00:00,Wind,Summer,3018
2025-08-15 00:00:00,Wind,Summer,4269
2020-07-09 00:00:00,Wind,Summer,4573
2022-07-25 00:00:00,Wind,Summer,7106
2023-02-06 00:00:00,Solar,Winter,9036
2025-02-04 00:00:00,Wind,Winter,1737
2020-01-10 00:00:00,Wind,Winter,7774
2023-04-25 00:00:00,Wind,Spring,2753
2024-04-08 00:00:00,Wind,Spring,9139
2020-08-11 00:00:00,Solar,Summer,3542
2025-06-02 00:00:00,Wind,Summer,2742
2022-07-29 00:00:00,Wind,Summer,2125
2024-04-04 00:00:00,Wind,Spring,20481
2021-03-01 00:00:00,Wind,Spring,4978
2025-02-20 00:00:00,Wind,Winter,9773
2020-04-16 00:00:00,Wind,Spring,1414
2025-03-28 00:00:00,Wind,Spring,9362
2021-05-21 00:00:00,Wind,Spring,9817
2020-07-13 00:00:00,Wind,Summer,2341
2024-08-31 00:00:00,Wind,Summer,4579
2024-12-09 00:00:00,Wind,Winter,15224
2023-09-02 00:00:00,Solar,Fall,6760
2024-04-14 00:00:00,Wind,Spring,2636
2020-01-09 00:00:00,Wind,Winter,6309
2020-10-19 00:00:00,Wind,Fall,3178
2023-06-29 00:00:00,Wind,Summer,4840
2022-03-08 00:00:00,Wind,Spring,4726
2025-08-16 00:00:00,Wind,Summer,7037
2022-01-06 00:00:00,Solar,Winter,5505
2021-12-08 00:00:00,Wind,Winter,5949
2023-05-29 00:00:00,Wind,Spring,8702
2022-04-29 00:00:00,Wind,Spring,4185
2024-01-21 00:00:00,Wind,Winter,15113
2021-10-28 00:00:00,Wind,Fall,4894
2025-04-21 00:00:00,Wind,Spring,4219
2020-06-27 00:00:00,Wind,Summer,3501
2025-03-18 00:00:00,Wind,Spring,12324
2025-06-15 00:00:00,Wind,Summer,2950
2023-01-28 00:00:00,Wind,Winter,4875
2024-10-21 00:00:00,Wind,Fall,7969
2023-02-07 00:00:00,Wind,Winter,8915
2021-02-12 00:00:00,Wind,Winter,8474
2025-11-06 00:00:00,Wind,Fall,2204
2025-07-12 00:00:00,Solar,Summer,7623
2021-10-06 00:00:00,Wind,Fall,12605
2025-11-10 00:00:00,Wind,Fall,12527
2023-01-10 00:00:00,Wind,Winter,8206
2022-05-08 00:00:00,Wind,Spring,4571
2024-11-25 00:00:00,Wind,Fall,6940
2020-10-26 00:00:00,Wind,Fall,7511
2022-08-16 00:00:00,Wind,Summer,994
2025-04-25 00:00:00,Solar,Spring,7637
2021-10-06 00:00:00,Wind,Fall,8206
2023-11-01 00:00:00,Wind,Fall,12791
2025-03-27 00:00:00,Wind,Spring,5016
2024-10-05 00:00:00,Wind,Fall,2709
2021-02-26 00:00:00,Wind,Winter,4537
2025-10-08 00:00:00,Wind,Fall,703
2022-05-19 00:00:00,Wind,Spring,5194
2021-09-17 00:00:00,Wind,Fall,638
2021-12-16 00:00:00,Wind,Winter,5347
2023-06-24 00:00:00,Solar,Summer,3126
2023-02-09 00:00:00,Solar,Winter,5239
2024-05-13 00:00:00,Wind,Spring,1791
2025-10-04 00:00:00,Wind,Fall,19412
2025-07-17 00:00:00,Solar,Summer,3408
2022-07-06 00:00:00,Wind,Summer,2998
2020-02-11 00:00:00,Wind,Winter,11863
2024-08-20 00:00:00,Wind,Summer,3228
2022-08-29 00:00:00,Wind,Summer,5234
2021-08-21 00:00:00,Wind,Summer,2289
2022-03-22 00:00:00,Wind,Spring,4874
2024-02-25 00:00:00,Wind,Winter,7291
2025-01-17 00:00:00,Solar,Winter,5260
2022-12-08 00:00:00,Wind,Winter,2074
2024-03-27 00:00:00,Wind,Spring,5339
2022-10-29 00:00:00,Wind,Fall,5791
2023-09-25 00:00:00,Wind,Fall,3360
2025-05-29 00:00:00,Wind,Spring,2576
2021-10-14 00:00:00,Wind,Fall,1743
2023-10-11 00:00:00,Solar,Fall,9015
2023-05-20 00:00:00,Wind,Spring,10266
2022-05-27 00:00:00,Solar,Spring,5628
2020-11-26 00:00:00,Wind,Fall,2773
2021-06-29 00:00:00,Wind,Summer,1489
2023-09-30 00:00:00,Wind,Fall,1029
2023-07-07 00:00:00,Solar,Summer,10199
2021-08-18 00:00:00,Wind,Summer,2082
2020-05-30 00:00:00,Solar,Spring,7142
2023-12-03 00:00:00,Wind,Winter,12003
2024-01-05 00:00:00,Wind,Winter,7892
2024-06-05 00:00:00,Solar,Summer,6522
2020-09-04 00:00:00,Wind,Fall,1556
2023-07-20 00:00:00,Wind,Summer,3428
2020-05-15 00:00:00,Wind,Spring,8261
2021-11-23 00:00:00,Wind,Fall,9773
2021-12-22 00:00:00,Wind,Winter,5802
2023-11-13 00:00:00,Wind,Fall,18876
2023-11-25 00:00:00,Wind,Fall,4410
2023-06-29 00:00:00,Solar,Summer,1265
2025-06-01 00:00:00,Wind,Summer,2320
2023-05-05 00:00:00,Wind,Spring,2941
2021-03-25 00:00:00,Solar,Spring,4960
2021-07-07 00:00:00,Solar,Summer,4779
2022-01-06 00:00:00,Wind,Winter,2049
2024-07-16 00:00:00,Wind,Summer,8767
2024-01-24 00:00:00,Wind,Winter,17178
2020-06-26 00:00:00,Wind,Summer,3797
2020-06-24 00:00:00,Solar,Summer,6632
2023-11-30 00:00:00,Wind,Fall,1216
2020-02-06 00:00:00,Wind,Winter,6009
2022-09-05 00:00:00,Wind,Fall,5892
2025-08-06 00:00:00,Solar,Summer,6728
2023-10-27 00:00:00,Wind,Fall,9172
2023-07-24 00:00:00,Wind,Summer,10535
2021-10-14 00:00:00,Wind,Fall,1373
2023-01-12 00:00:00,Wind,Winter,16129
2021-05-31 00:00:00,Wind,Spring,5070
2021-11-04 00:00:00,Wind,Fall,4199
2024-06-20 00:00:00,Solar,Summer,4899
2023-04-26 00:00:00,Solar,Spring,2020
2025-06-29 00:00:00,Wind,Summer,4676
2020-01-23 00:00:00,Wind,Winter,5287
2022-01-30 00:00:00,Wind,Winter,4507
2022-08-03 00:00:00,Solar,Summer,5552
2024-09-13 00:00:00,Wind,Fall,4252
2023-04-25 00:00:00,Wind,Spring,2273
2022-09-25 00:00:00,Wind,Fall,3110
2025-02-02 00:00:00,Wind,Winter,1338
2024-02-16 00:00:00,Wind,Winter,10687
2025-08-28 00:00:00,Wind,Summer,3117
2023-10-26 00:00:00,Wind,Fall,4654
2021-05-18 00:00:00,Wind,Spring,4730
2020-07-18 00:00:00,Solar,Summer,1804
2024-06-22 00:00:00,Solar,Summer,7746
2025-03-17 00:00:00,Wind,Spring,5414
2021-06-25 00:00:00,Solar,Summer,5149
2022-07-26 00:00:00,Solar,Summer,7335
2025-06-10 00:00:00,Solar,Summer,7100
2025-02-16 00:00:00,Wind,Winter,4873
2022-04-07 00:00:00,Wind,Spring,17696
2020-02-03 00:00:00,Wind,Winter,10771
2024-10-17 00:00:00,Wind,Fall,3165
2024-09-03 00:00:00,Solar,Fall,5281
2024-07-10 00:00:00,Wind,Summer,3100
2023-11-26 00:00:00,Solar,Fall,6070
2024-08-13 00:00:00,Wind,Summer,1141
2024-06-07 00:00:00,Wind,Summer,2329
2025-04-29 00:00:00,Wind,Spring,6877
2024-05-23 00:00:00,Wind,Spring,3036
2021-04-21 00:00:00,Solar,Spring,5592
2020-01-14 00:00:00,Wind,Winter,13814
2025-01-24 00:00:00,Wind,Winter,11590
2020-01-08 00:00:00,Wind,Winter,3069
2023-04-07 00:00:00,Wind,Spring,2704
2020-05-23 00:00:00,Wind,Spring,2524
2020-02-11 00:00:00,Wind,Winter,11631
2020-10-06 00:00:00,Wind,Fall,11206
2022-02-24 00:00:00,Wind,Winter,14179
2023-07-06 00:00:00,Solar,Summer,1340
2025-06-06 00:00:00,Wind,Summer,7508
2021-04-06 00:00:00,Wind,Spring,3992
2025-09-14 00:00:00,Wind,Fall,14751
2023-07-20 00:00:00,Wind,Summer,2071
2021-10-24 00:00:00,Wind,Fall,4056
2025-04-03 00:00:00,Wind,Spring,10072
2025-03-12 00:00:00,Solar,Spring,4529
2020-11-27 00:00:00,Wind,Fall,1662
2022-04-15 00:00:00,Wind,Spring,1294
2023-04-25 00:00:00,Wind,Spring,2620
2024-04-30 00:00:00,Wind,Spring,3529
2025-02-21 00:00:00,Wind,Winter,12234
2022-03-10 00:00:00,Wind,Spring,5858
2023-10-10 00:00:00,Solar,Fall,5527
2025-05-17 00:00:00,Wind,Spring,7119
2023-09-29 00:00:00,Wind,Fall,11544
2024-03-12 00:00:00,Wind,Spring,8268
2022-04-24 00:00:00,Wind,Spring,2801
2025-02-07 00:00:00,Wind,Winter,9209
2022-03-11 00:00:00,Wind,Spring,8811
2021-11-13 00:00:00,Wind,Fall,6028
2025-11-21 00:00:00,Wind,Fall,7003
2024-03-26 00:00:00,Wind,Spring,7721
2025-03-21 00:00:00,Wind,Spring,12665
2024-08-15 00:00:00,Solar,Summer,9758
2025-05-28 00:00:00,Wind,Spring,17702
2023-12-23 00:00:00,Wind,Winter,14387
2022-09-17 00:00:00,Wind,Fall,10410
2024-08-04 00:00:00,Solar,Summer,6165
2024-02-01 00:00:00,Wind,Winter,5460
2023-01-03 00:00:00,Wind,Winter,4994
2022-07-15 00:00:00,Solar,Summer,6073
2020-02-01 00:00:00,Wind,Winter,8897
2022-08-26 00:00:00,Wind,Summer,3140
2024-11-25 00:00:00,Wind,Fall,12182
2023-03-30 00:00:00,Wind,Spring,9358
2025-09-08 00:00:00,Solar,Fall,6288
2020-12-04 00:00:00,Wind,Winter,7773
2024-12-24 00:00:00,Wind,Winter,2401
2023-03-05 00:00:00,Wind,Spring,1899
2020-08-11 00:00:00,Wind,Summer,1697
2022-08-26 00:00:00,Solar,Summer,5642
2022-07-06 00:00:00,Wind,Summer,3478
2024-08-22 00:00:00,Wind,Summer,5770
2022-12-06 00:00:00,Wind,Winter,1862
2020-09-01 00:00:00,Wind,Fall,1006
2023-09-19 00:00:00,Wind,Fall,15144
2021-09-09 00:00:00,Wind,Fall,5383
2022-11-02 00:00:00,Wind,Fall,10158
2025-03-05 00:00:00,Wind,Spring,2008
2023-07-22 00:00:00,Wind,Summer,4175
2020-01-05 00:00:00,Solar,Winter,2952
2025-06-26 00:00:00,Wind,Summer,7668
2023-12-18 00:00:00,Wind,Winter,1948
2025-08-06 00:00:00,Wind,Summer,1318
2021-06-26 00:00:00,Solar,Summer,4649
2022-02-02 00:00:00,Wind,Winter,7485
2024-09-18 00:00:00,Wind,Fall,8921
2025-02-25 00:00:00,Wind,Winter,3638
2022-03-14 00:00:00,Wind,Spring,6052
2022-10-29 00:00:00,Wind,Fall,9396
2024-07-19 00:00:00,Solar,Summer,6264
2022-08-21 00:00:00,Solar,Summer,4951
2023-04-10 00:00:00,Wind,Spring,10159
2023-11-28 00:00:00,Wind,Fall,6161
2021-11-04 00:00:00,Wind,Fall,3133
2020-03-09 00:00:00,Wind,Spring,9741
2020-07-10 00:00:00,Wind,Summer,4992
2025-01-16 00:00:00,Wind,Winter,7073
2025-05-19 00:00:00,Wind,Spring,6109
2022-07-07 00:00:00,Solar,Summer,8621
2020-12-10 00:00:00,Wind,Winter,4035
2023-10-12 00:00:00,Solar,Fall,7762
2024-11-29 00:00:00,Wind,Fall,5912
2021-10-05 00:00:00,Wind,Fall,7372
2025-04-15 00:00:00,Wind,Spring,8585
2021-05-01 00:00:00,Wind,Spring,3890
2025-11-16 00:00:00,Wind,Fall,1691
2023-03-09 00:00:00,Wind,Spring,17554
2024-08-27 00:00:00,Wind,Summer,2062
2021-11-03 00:00:00,Wind,Fall,3955
2022-03-05 00:00:00,Wind,Spring,3949
2020-02-28 00:00:00,Wind,Winter,11274
2023-11-23 00:00:00,Wind,Fall,6141
2020-10-27 00:00:00,Wind,Fall,12379
2024-11-24 00:00:00,Wind,Fall,18615
2021-08-06 00:00:00,Wind,Summer,6003
2020-05-19 00:00:00,Wind,Spring,4187
2025-04-04 00:00:00,Wind,Spring,6856
2025-06-17 00:00:00,Wind,Summer,3635
2025-02-21 00:00:00,Wind,Winter,15847
2022-01-21 00:00:00,Wind,Winter,3197
2024-02-05 00:00:00,Wind,Winter,9118
2021-09-15 00:00:00,Wind,Fall,3067
2025-09-21 00:00:00,Wind,Fall,2363
2024-09-06 00:00:00,Wind,Fall,4227
2024-01-18 00:00:00,Wind,Winter,6778
2020-04-17 00:00:00,Wind,Spring,2302
2023-04-11 00:00:00,Wind,Spring,8115
2023-08-21 00:00:00,Wind,Summer,1191
2023-07-14 00:00:00,Solar,Summer,13917
2025-11-03 00:00:00,Wind,Fall,7218
2021-10-17 00:00:00,Wind,Fall,2556
2024-11-30 00:00:00,Solar,Fall,4832
2023-11-25 00:00:00,Wind,Fall,4113
2021-01-31 00:00:00,Wind,Winter,4830
2023-01-28 00:00:00,Wind,Winter,5832
2024-05-26 00:00:00,Wind,Spring,6474
2024-10-26 00:00:00,Wind,Fall,1387
2025-03-23 00:00:00,Wind,Spring,3278
2022-04-30 00:00:00,Wind,Spring,4322
2022-04-20 00:00:00,Wind,Spring,4805
2021-06-02 00:00:00,Wind,Summer,3681
2024-01-24 00:00:00,Wind,Winter,5801
2023-01-01 00:00:00,Wind,Winter,8841
2023-04-03 00:00:00,Wind,Spring,9447
2024-06-16 00:00:00,Wind,Summer,2819
2025-08-03 00:00:00,Wind,Summer,1935
2023-07-30 00:00:00,Wind,Summer,8461
2024-11-18 00:00:00,Wind,Fall,7512
2024-12-24 00:00:00,Wind,Winter,3896
2023-11-18 00:00:00,Wind,Fall,6173
2023-04-18 00:00:00,Wind,Spring,9947
2020-02-18 00:00:00,Wind,Winter,8878
2025-04-04 00:00:00,Wind,Spring,8435
2022-09-14 00:00:00,Wind,Fall,2222
2020-01-29 00:00:00,Wind,Winter,7788
2024-01-28 00:00:00,Wind,Winter,7220
2023-04-10 00:00:00,Wind,Spring,9987
2025-11-26 00:00:00,Wind,Fall,2667
2021-11-14 00:00:00,Wind,Fall,3983
2020-08-29 00:00:00,Wind,Summer,3146
2021-10-20 00:00:00,Wind,Fall,14105
2022-12-18 00:00:00,Wind,Winter,9866
2023-06-12 00:00:00,Wind,Summer,2822
2020-08-26 00:00:00,Wind,Summer,9996
2024-03-26 00:00:00,Wind,Spring,5861
2021-03-21 00:00:00,Wind,Spring,9194
2021-07-17 00:00:00,Wind,Summer,2997
2021-10-17 00:00:00,Solar,Fall,5154
2022-03-26 00:00:00,Wind,Spring,7484
2022-06-29 00:00:00,Solar,Summer,5599
2020-01-01 00:00:00,Wind,Winter,1181
2024-07-20 00:00:00,Wind,Summer,1022
2020-02-14 00:00:00,Wind,Winter,5436
2025-09-10 00:00:00,Wind,Fall,10232
2025-04-25 00:00:00,Solar,Spring,5940
2021-10-20 00:00:00,Wind,Fall,12501
2021-04-16 00:00:00,Wind,Spring,9475
2022-02-21 00:00:00,Wind,Winter,16981
2025-09-03 00:00:00,Wind,Fall,13651
2020-06-07 00:00:00,Solar,Summer,3557
2023-04-27 00:00:00,Solar,Spring,6242
2021-04-10 00:00:00,Wind,Spring,4730
2021-12-04 00:00:00,Wind,Winter,10684
2020-02-24 00:00:00,Wind,Winter,10886
2021-09-09 00:00:00,Wind,Fall,3730
2020-08-22 00:00:00,Wind,Summer,4830
2023-07-22 00:00:00,Wind,Summer,2780
2022-11-23 00:00:00,Wind,Fall,6841
2024-01-10 00:00:00,Wind,Winter,2553
2025-06-09 00:00:00,Wind,Summer,1980
2022-08-06 00:00:00,Wind,Summer,7359
2024-05-24 00:00:00,Wind,Spring,858
2025-06-07 00:00:00,Wind,Summer,7229
2025-06-04 00:00:00,Wind,Summer,4864
2021-07-07 00:00:00,Wind,Summer,4008
2020-01-21 00:00:00,Wind,Winter,3804
2024-11-18 00:00:00,Wind,Fall,9698
2023-07-15 00:00:00,Wind,Summer,9590
2020-06-11 00:00:00,Wind,Summer,5128
2022-08-31 00:00:00,Solar,Summer,7007
2020-01-23 00:00:00,Wind,Winter,6776
2023-04-23 00:00:00,Wind,Spring,10214
2024-09-14 00:00:00,Solar,Fall,10425
2025-06-14 00:00:00,Wind,Summer,5426
2025-05-10 00:00:00,Solar,Spring,6944
2025-11-24 00:00:00,Wind,Fall,11448
2023-06-01 00:00:00,Solar,Summer,9662
2023-07-16 00:00:00,Wind,Summer,8159
2022-04-21 00:00:00,Wind,Spring,3553
2021-10-13 00:00:00,Wind,Fall,2169
2023-09-12 00:00:00,Solar,Fall,3541
2025-03-03 00:00:00,Solar,Spring,5647
2021-11-18 00:00:00,Wind,Fall,1363
2025-10-02 00:00:00,Solar,Fall,5424
2023-08-15 00:00:00,Solar,Summer,5290
2020-08-21 00:00:00,Wind,Summer,4957
2025-01-18 00:00:00,Solar,Winter,4165
2020-12-18 00:00:00,Wind,Winter,6024
2020-09-08 00:00:00,Wind,Fall,1224
2022-09-19 00:00:00,Wind,Fall,4643
2021-01-07 00:00:00,Wind,Winter,1245
2022-10-15 00:00:00,Wind,Fall,6877
2020-10-22 00:00:00,Wind,Fall,3174
2022-05-10 00:00:00,Wind,Spring,2336
2025-11-19 00:00:00,Wind,Fall,14209
2025-04-22 00:00:00,Wind,Spring,3114
2024-09-19 00:00:00,Wind,Fall,10053
2022-06-14 00:00:00,Solar,Summer,4589
2021-01-14 00:00:00,Wind,Winter,7406
2021-04-14 00:00:00,Solar,Spring,4051
2020-12-17 00:00:00,Wind,Winter,5050
2024-04-17 00:00:00,Wind,Spring,10061
2023-11-24 00:00:00,Wind,Fall,14087
2024-01-27 00:00:00,Wind,Winter,4715
2025-11-28 00:00:00,Wind,Fall,6838
2021-11-29 00:00:00,Wind,Fall,4680
2025-02-15 00:00:00,Solar,Winter,9563
2024-08-03 00:00:00,Wind,Summer,3586
2024-02-26 00:00:00,Wind,Winter,14028
2025-10-15 00:00:00,Wind,Fall,5192
2020-01-25 00:00:00,Wind,Winter,1912
2020-10-27 00:00:00,Wind,Fall,11275
2020-09-24 00:00:00,Wind,Fall,9187
2025-05-11 00:00:00,Wind,Spring,6079
2020-01-04 00:00:00,Wind,Winter,2969
2024-09-05 00:00:00,Wind,Fall,7511
2024-06-12 00:00:00,Wind,Summer,3484
2025-11-18 00:00:00,Solar,Fall,8521
2021-09-30 00:00:00,Solar,Fall,8373
2024-01-18 00:00:00,Wind,Winter,7406
2025-04-10 00:00:00,Wind,Spring,9152
2023-01-21 00:00:00,Wind,Winter,8905
2020-10-14 00:00:00,Wind,Fall,5394
2021-03-02 00:00:00,Wind,Spring,2119
2023-09-01 00:00:00,Wind,Fall,6404
2021-02-28 00:00:00,Wind,Winter,7100
2022-06-05 00:00:00,Wind,Summer,2905
2020-09-27 00:00:00,Wind,Fall,12950
2020-11-29 00:00:00,Wind,Fall,2581
2023-01-13 00:00:00,Wind,Winter,12114
2020-12-12 00:00:00,Wind,Winter,5264
2022-06-10 00:00:00,Solar,Summer,3451
2025-09-05 00:00:00,Wind,Fall,3073
2021-05-28 00:00:00,Solar,Spring,3776
2023-08-13 00:00:00,Solar,Summer,6313
2024-11-13 00:00:00,Wind,Fall,5053
2021-05-27 00:00:00,Wind,Spring,1552
2020-03-14 00:00:00,Wind,Spring,5134
2021-11-10 00:00:00,Wind,Fall,576
2020-03-13 00:00:00,Wind,Spring,6501
2024-07-09 00:00:00,Wind,Summer,2789
2023-08-01 00:00:00,Wind,Summer,15715
2023-01-28 00:00:00,Wind,Winter,3066
2025-11-14 00:00:00,Wind,Fall,12444
2020-06-11 00:00:00,Wind,Summer,3414
2021-07-14 00:00:00,Wind,Summer,8011
2023-04-02 00:00:00,Wind,Spring,6236
2024-09-04 00:00:00,Solar,Fall,4253
2020-10-05 00:00:00,Wind,Fall,9449
2024-08-25 00:00:00,Wind,Summer,2594
2021-10-10 00:00:00,Solar,Fall,4221
2024-06-27 00:00:00,Wind,Summer,3505
2020-11-04 00:00:00,Wind,Fall,1716
2021-07-20 00:00:00,Solar,Summer,6377
2021-08-02 00:00:00,Wind,Summer,1116
2021-09-23 00:00:00,Solar,Fall,2760
2024-01-27 00:00:00,Wind,Winter,3581
2022-12-30 00:00:00,Wind,Winter,15334
2024-11-18 00:00:00,Wind,Fall,9122
2023-12-04 00:00:00,Wind,Winter,12629
2020-01-02 00:00:00,Wind,Winter,1267
2021-09-08 00:00:00,Wind,Fall,5258
2025-06-11 00:00:00,Wind,Summer,6852
2025-08-26 00:00:00,Wind,Summer,4080
2024-05-11 00:00:00,Solar,Spring,6348
2023-05-18 00:00:00,Wind,Spring,5477
2025-08-21 00:00:00,Wind,Summer,3450
2024-10-15 00:00:00,Wind,Fall,10680
2024-05-15 00:00:00,Solar,Spring,5901
2022-05-12 00:00:00,Solar,Spring,6042
2020-04-03 00:00:00,Wind,Spring,1864
2021-10-11 00:00:00,Solar,Fall,5672
2023-02-26 00:00:00,Wind,Winter,17091
2023-03-17 00:00:00,Wind,Spring,8681
2023-10-23 00:00:00,Wind,Fall,9170
2020-04-29 00:00:00,Wind,Spring,4629
2021-10-12 00:00:00,Wind,Fall,3559
2022-12-14 00:00:00,Wind,Winter,2282
2020-11-30 00:00:00,Solar,Fall,3638
2025-02-15 00:00:00,Solar,Winter,8954
2020-09-13 00:00:00,Wind,Fall,2238
2023-05-20 00:00:00,Wind,Spring,6405
2022-01-08 00:00:00,Wind,Winter,7370
2024-02-13 00:00:00,Wind,Winter,10458
2021-08-28 00:00:00,Wind,Summer,4282
2022-11-01 00:00:00,Wind,Fall,11364
2021-10-10 00:00:00,Wind,Fall,1388
2020-11-25 00:00:00,Wind,Fall,6472
2022-06-24 00:00:00,Wind,Summer,7951
2023-09-21 00:00:00,Wind,Fall,6345
2021-03-14 00:00:00,Wind,Spring,10044
2022-09-13 00:00:00,Wind,Fall,4288
2022-09-13 00:00:00,Wind,Fall,1837
2025-10-13 00:00:00,Solar,Fall,12354
2025-01-11 00:00:00,Wind,Winter,1684
2020-09-29 00:00:00,Wind,Fall,1974
2022-09-13 00:00:00,Solar,Fall,6012
2022-05-01 00:00:00,Solar,Spring,6628
2022-04-18 00:00:00,Wind,Spring,3161
2022-12-23 00:00:00,Wind,Winter,13842
2023-06-26 00:00:00,Solar,Summer,10406
2024-08-25 00:00:00,Wind,Summer,5857
2022-06-19 00:00:00,Solar,Summer,10248
2021-07-07 00:00:00,Wind,Summer,1885
2020-08-30 00:00:00,Wind,Summer,2748
2022-06-04 00:00:00,Wind,Summer,4362
2020-03-28 00:00:00,Wind,Spring,2548
2024-05-10 00:00:00,Solar,Spring,11083
2020-03-24 00:00:00,Wind,Spring,6448
2023-03-06 00:00:00,Wind,Spring,1479
2021-11-30 00:00:00,Wind,Fall,6255
2023-01-23 00:00:00,Wind,Winter,7331
2023-08-04 00:00:00,Wind,Summer,7300
2025-09-22 00:00:00,Wind,Fall,8812
2024-04-30 00:00:00,Wind,Spring,3771
2020-07-14 00:00:00,Wind,Summer,1726
2023-12-31 00:00:00,Wind,Winter,18435
2025-03-04 00:00:00,Solar,Spring,4702
2022-01-02 00:00:00,Wind,Winter,11203
2021-08-17 00:00:00,Wind,Summer,1590
2023-04-15 00:00:00,Wind,Spring,7248
2023-09-22 00:00:00,Wind,Fall,8885
2020-12-06 00:00:00,Wind,Winter,3287
2023-09-18 00:00:00,Wind,Fall,6373
2020-06-11 00:00:00,Wind,Summer,4033
2023-08-09 00:00:00,Wind,Summer,2396
2020-08-29 00:00:00,Wind,Summer,4482
2024-05-30 00:00:00,Wind,Spring,12091
2020-06-09 00:00:00,Wind,Summer,3597
2025-09-12 00:00:00,Wind,Fall,6097
2022-02-15 00:00:00,Wind,Winter,13655
2024-11-17 00:00:00,Wind,Fall,4894
2023-12-19 00:00:00,Wind,Winter,8095
2024-02-10 00:00:00,Wind,Winter,7820
2023-10-24 00:00:00,Wind,Fall,3772
2021-06-23 00:00:00,Solar,Summer,3755
2025-01-09 00:00:00,Wind,Winter,12685
2024-02-22 00:00:00,Wind,Winter,17499
2024-06-06 00:00:00,Solar,Summer,8522
2024-09-15 00:00:00,Wind,Fall,3730
2021-12-15 00:00:00,Solar,Winter,3503
2024-10-06 00:00:00,Wind,Fall,8023
2023-08-03 00:00:00,Wind,Summer,4024
2024-10-20 00:00:00,Wind,Fall,8964
2021-03-30 00:00:00,Wind,Spring,1147
2020-09-03 00:00:00,Wind,Fall,2032
2021-10-06 00:00:00,Wind,Fall,8433
2024-01-07 00:00:00,Wind,Winter,11747
2023-12-01 00:00:00,Wind,Winter,2284
2021-03-03 00:00:00,Wind,Spring,1128
2020-04-18 00:00:00,Wind,Spring,1215
2022-04-11 00:00:00,Wind,Spring,9774
2021-12-12 00:00:00,Wind,Winter,5111
2021-08-29 00:00:00,Wind,Summer,6095
2020-03-18 00:00:00,Solar,Spring,3175
2022-06-25 00:00:00,Wind,Summer,2159
2023-04-18 00:00:00,Wind,Spring,11565
2021-04-27 00:00:00,Wind,Spring,1032
2020-02-01 00:00:00,Wind,Winter,11065
2022-09-20 00:00:00,Wind,Fall,2922
2024-01-29 00:00:00,Wind,Winter,9034
2023-09-13 00:00:00,Wind,Fall,1390
2021-10-30 00:00:00,Wind,Fall,4389
2022-09-27 00:00:00,Wind,Fall,6928
2025-01-29 00:00:00,Wind,Winter,13368
2024-07-02 00:00:00,Wind,Summer,3683
2020-10-24 00:00:00,Wind,Fall,6021
2022-06-21 00:00:00,Wind,Summer,5789
2025-02-16 00:00:00,Solar,Winter,7270
2025-11-05 00:00:00,Wind,Fall,12121
2025-03-22 00:00:00,Wind,Spring,8524
2023-11-08 00:00:00,Wind,Fall,12232
2024-10-10 00:00:00,Wind,Fall,2319
2024-09-17 00:00:00,Wind,Fall,14059
2023-10-02 00:00:00,Wind,Fall,5601
2021-02-24 00:00:00,Wind,Winter,8746
2023-06-26 00:00:00,Solar,Summer,6076
2023-02-11 00:00:00,Solar,Winter,5927
2025-06-25 00:00:00,Wind,Summer,5491
2023-08-28 00:00:00,Wind,Summer,3213
2021-01-26 00:00:00,Wind,Winter,3944
2020-12-30 00:00:00,Wind,Winter,3287
2021-12-07 00:00:00,Wind,Winter,8851
2020-04-13 00:00:00,Wind,Spring,10314
2024-08-02 00:00:00,Wind,Summer,4700
2021-12-12 00:00:00,Wind,Winter,1910
2025-05-03 00:00:00,Wind,Spring,5299
2024-11-26 00:00:00,Wind,Fall,3695
2025-06-04 00:00:00,Wind,Summer,3666
2021-05-16 00:00:00,Wind,Spring,4293
2025-09-21 00:00:00,Wind,Fall,7088
2022-06-25 00:00:00,Wind,Summer,2133
2024-04-10 00:00:00,Wind,Spring,6344
2024-06-05 00:00:00,Wind,Summer,1730
2024-09-03 00:00:00,Solar,Fall,4492
2024-01-20 00:00:00,Wind,Winter,8001
2023-12-30 00:00:00,Wind,Winter,12265
2021-10-08 00:00:00,Solar,Fall,5294
2024-11-27 00:00:00,Wind,Fall,11127
2020-12-29 00:00:00,Wind,Winter,4426
2020-01-20 00:00:00,Wind,Winter,6593
2024-05-10 00:00:00,Wind,Spring,4594
2021-06-21 00:00:00,Solar,Summer,4701
2022-01-28 00:00:00,Wind,Winter,3521
2020-06-15 00:00:00,Solar,Summer,4552
2025-10-10 00:00:00,Wind,Fall,4056
2021-04-23 00:00:00,Wind,Spring,5369
2025-02-01 00:00:00,Solar,Winter,6105
2023-03-11 00:00:00,Wind,Spring,4389
2020-03-26 00:00:00,Wind,Spring,8343
2023-11-18 00:00:00,Wind,Fall,11947
2020-05-19 00:00:00,Solar,Spring,5795
2023-02-10 00:00:00,Wind,Winter,629
2021-05-05 00:00:00,Wind,Spring,10312
2024-09-22 00:00:00,Wind,Fall,2722
2020-12-29 00:00:00,Wind,Winter,5039
2020-03-25 00:00:00,Solar,Spring,5870
2020-10-04 00:00:00,Wind,Fall,11028
2024-04-09 00:00:00,Wind,Spring,11478
2021-12-29 00:00:00,Wind,Winter,8302
2024-06-22 00:00:00,Solar,Summer,7321
2025-02-23 00:00:00,Wind,Winter,11852
2024-03-04 00:00:00,Wind,Spring,5856
2021-08-07 00:00:00,Wind,Summer,4137
2024-01-27 00:00:00,Solar,Winter,5520
2024-03-04 00:00:00,Wind,Spring,3881
2024-11-20 00:00:00,Wind,Fall,6132
2020-05-19 00:00:00,Solar,Spring,4412
2021-05-24 00:00:00,Wind,Spring,9548
2024-03-06 00:00:00,Solar,Spring,2257
2022-11-02 00:00:00,Wind,Fall,9453
2024-12-01 00:00:00,Wind,Winter,4016
2024-09-09 00:00:00,Wind,Fall,7981
2024-11-29 00:00:00,Wind,Fall,5147
2023-11-29 00:00:00,Wind,Fall,2256
2022-12-29 00:00:00,Wind,Winter,11907
2025-04-14 00:00:00,Solar,Spring,7730
2023-06-30 00:00:00,Wind,Summer,2493
2022-05-04 00:00:00,Wind,Spring,2101
2020-02-23 00:00:00,Wind,Winter,8085
2020-11-27 00:00:00,Solar,Fall,2867
2023-12-31 00:00:00,Wind,Winter,16903
2022-12-13 00:00:00,Wind,Winter,6726
2025-06-08 00:00:00,Wind,Summer,11586
2021-01-28 00:00:00,Wind,Winter,7021
2020-09-06 00:00:00,Solar,Fall,4167
2020-10-30 00:00:00,Wind,Fall,6293
2023-07-15 00:00:00,Wind,Summer,6081
2020-09-19 00:00:00,Wind,Fall,3664
2021-02-22 00:00:00,Wind,Winter,5226
2022-04-07 00:00:00,Wind,Spring,17815
2022-05-10 00:00:00,Wind,Spring,787
2022-10-26 00:00:00,Wind,Fall,2435
2024-06-19 00:00:00,Solar,Summer,10246
2021-01-16 00:00:00,Wind,Winter,6320
2022-05-28 00:00:00,Wind,Spring,8846
2025-10-29 00:00:00,Wind,Fall,8855
2024-05-10 00:00:00,Solar,Spring,11009
2024-03-05 00:00:00,Wind,Spring,5593
2021-02-08 00:00:00,Wind,Winter,2080
2021-04-05 00:00:00,Wind,Spring,7362
2024-10-25 00:00:00,Wind,Fall,3111
2025-08-09 00:00:00,Solar,Summer,5192
2024-08-13 00:00:00,Wind,Summer,1520
2024-06-17 00:00:00,Solar,Summer,6256
2023-04-16 00:00:00,Wind,Spring,5339
2023-07-02 00:00:00,Wind,Summer,7678
2022-06-26 00:00:00,Wind,Summer,1151
2024-09-17 00:00:00,Wind,Fall,11852
2021-12-31 00:00:00,Wind,Winter,6180
2021-12-20 00:00:00,Wind,Winter,3926
2022-09-30 00:00:00,Wind,Fall,9086
2025-11-04 00:00:00,Wind,Fall,12790
2022-03-19 00:00:00,Wind,Spring,8847
2022-05-29 00:00:00,Wind,Spring,5235
2024-09-24 00:00:00,Wind,Fall,12247
2023-12-16 00:00:00,Wind,Winter,2464
2024-11-03 00:00:00,Wind,Fall,2638
2020-11-29 00:00:00,Wind,Fall,2915
2021-09-16 00:00:00,Solar,Fall,1244
2025-03-29 00:00:00,Wind,Spring,9879
2023-07-10 00:00:00,Solar,Summer,3808
2023-12-28 00:00:00,Wind,Winter,13143
2020-12-02 00:00:00,Wind,Winter,1702
2021-09-11 00:00:00,Wind,Fall,1693
2025-10-20 00:00:00,Wind,Fall,17289
2020-10-04 00:00:00,Wind,Fall,9887
2022-05-22 00:00:00,Wind,Spring,3176
2025-04-21 00:00:00,Wind,Spring,5746
2023-04-29 00:00:00,Solar,Spring,2584
2020-11-13 00:00:00,Wind,Fall,6261
2020-04-26 00:00:00,Wind,Spring,1181
2021-11-18 00:00:00,Wind,Fall,1523
2023-11-04 00:00:00,Wind,Fall,12917
2020-01-06 00:00:00,Wind,Winter,5508
2025-02-11 00:00:00,Wind,Winter,6544
2024-09-23 00:00:00,Wind,Fall,5320
2021-07-24 00:00:00,Wind,Summer,3849
2022-05-25 00:00:00,Wind,Spring,2759
2020-10-02 00:00:00,Wind,Fall,10200
2024-06-16 00:00:00,Wind,Summer,8312
2022-03-17 00:00:00,Wind,Spring,4859
2021-07-25 00:00:00,Wind,Summer,2703
2020-08-14 00:00:00,Wind,Summer,2099
2021-02-05 00:00:00,Wind,Winter,2001
2021-10-23 00:00:00,Solar,Fall,5243
2023-10-14 00:00:00,Wind,Fall,6935
2024-01-09 00:00:00,Wind,Winter,7316
2022-06-01 00:00:00,Wind,Summer,2633
2025-11-13 00:00:00,Wind,Fall,10177
2020-12-23 00:00:00,Wind,Winter,12555
2020-03-28 00:00:00,Wind,Spring,11009
2023-03-22 00:00:00,Wind,Spring,12608
2020-12-14 00:00:00,Wind,Winter,6605
2022-10-16 00:00:00,Wind,Fall,2775
2022-12-25 00:00:00,Wind,Winter,5233
2022-05-28 00:00:00,Wind,Spring,6221
2021-07-29 00:00:00,Wind,Summer,3787
2021-06-09 00:00:00,Solar,Summer,3406
2023-06-29 00:00:00,Wind,Summer,2982
2021-11-28 00:00:00,Wind,Fall,5528
2025-09-06 00:00:00,Solar,Fall,7432
2025-11-22 00:00:00,Wind,Fall,10661
2023-08-21 00:00:00,Wind,Summer,1897
2025-10-01 00:00:00,Wind,Fall,2823
2025-06-20 00:00:00,Solar,Summer,11247
2025-01-31 00:00:00,Wind,Winter,5419
2024-07-02 00:00:00,Solar,Summer,6880
2021-02-03 00:00:00,Wind,Winter,9043
2021-01-25 00:00:00,Wind,Winter,6084
2025-03-03 00:00:00,Wind,Spring,4216
2024-05-04 00:00:00,Wind,Spring,5803
2024-09-09 00:00:00,Wind,Fall,9916
2024-09-16 00:00:00,Wind,Fall,2943
2024-07-12 00:00:00,Wind,Summer,2752
2022-11-28 00:00:00,Wind,Fall,4538
2020-03-22 00:00:00,Wind,Spring,11238
2020-02-05 00:00:00,Wind,Winter,1769
2024-11-05 00:00:00,Wind,Fall,2186
2020-08-15 00:00:00,Wind,Summer,457
2020-09-19 00:00:00,Wind,Fall,4265
2022-09-30 00:00:00,Solar,Fall,4255
2020-11-23 00:00:00,Wind,Fall,620
2024-07-22 00:00:00,Solar,Summer,10243
2024-05-18 00:00:00,Wind,Spring,761
2022-08-09 00:00:00,Wind,Summer,7181
2024-09-19 00:00:00,Wind,Fall,7802
2025-05-16 00:00:00,Wind,Spring,10928
2021-08-29 00:00:00,Wind,Summer,4508
2025-05-26 00:00:00,Wind,Spring,5453
2021-02-27 00:00:00,Wind,Winter,6414
2023-02-01 00:00:00,Wind,Winter,11735
2021-11-19 00:00:00,Wind,Fall,1628
2022-09-03 00:00:00,Wind,Fall,2057
2024-10-19 00:00:00,Wind,Fall,6338
2022-06-08 00:00:00,Wind,Summer,6493
2021-06-25 00:00:00,Solar,Summer,3314
2023-09-29 00:00:00,Wind,Fall,8331
2023-09-26 00:00:00,Wind,Fall,1382
2024-03-23 00:00:00,Wind,Spring,9466
2023-06-24 00:00:00,Solar,Summer,6886
2020-08-30 00:00:00,Wind,Summer,4184
2021-09-25 00:00:00,Solar,Fall,4377
2024-02-09 00:00:00,Wind,Winter,16390
2020-07-28 00:00:00,Wind,Summer,5024
2020-08-12 00:00:00,Wind,Summer,2071
2025-05-22 00:00:00,Wind,Spring,5212
2024-10-19 00:00:00,Wind,Fall,7672
2025-11-20 00:00:00,Wind,Fall,4026
2025-07-18 00:00:00,Solar,Summer,9011
2021-01-03 00:00:00,Wind,Winter,2226
2021-06-26 00:00:00,Solar,Summer,1519
2024-11-18 00:00:00,Wind,Fall,9491
2022-08-01 00:00:00,Wind,Summer,2712
2021-04-19 00:00:00,Wind,Spring,789
2020-06-29 00:00:00,Wind,Summer,8685
2024-06-07 00:00:00,Solar,Summer,6670
2023-10-01 00:00:00,Solar,Fall,6703
2025-05-19 00:00:00,Wind,Spring,5266
2025-07-06 00:00:00,Wind,Summer,6434
2020-06-30 00:00:00,Wind,Summer,3596
2025-03-06 00:00:00,Wind,Spring,9579
2021-04-17 00:00:00,Wind,Spring,6158
2023-04-19 00:00:00,Wind,Spring,7649
2021-02-28 00:00:00,Wind,Winter,5701
2020-01-15 00:00:00,Wind,Winter,4745
2020-10-28 00:00:00,Wind,Fall,11043
2020-10-12 00:00:00,Wind,Fall,3991
2023-01-06 00:00:00,Wind,Winter,8096
2020-06-02 00:00:00,Solar,Summer,2473
2025-07-16 00:00:00,Solar,Summer,16316
2020-04-07 00:00:00,Solar,Spring,5040
2020-08-17 00:00:00,Wind,Summer,1498
2023-09-27 00:00:00,Wind,Fall,480
2022-04-28 00:00:00,Wind,Spring,7345
2023-05-15 00:00:00,Wind,Spring,2885
2022-03-30 00:00:00,Wind,Spring,3581
2025-05-15 00:00:00,Wind,Spring,6342
2021-12-31 00:00:00,Wind,Winter,5824
2025-06-02 00:00:00,Solar,Summer,6203
2021-11-30 00:00:00,Wind,Fall,12500
2022-05-28 00:00:00,Wind,Spring,8020
2024-12-19 00:00:00,Wind,Winter,15633
2024-04-20 00:00:00,Wind,Spring,6858
2021-07-04 00:00:00,Wind,Summer,2638
2021-10-24 00:00:00,Wind,Fall,4189
2025-11-29 00:00:00,Wind,Fall,7062
2024-03-25 00:00:00,Wind,Spring,8777
2022-06-05 00:00:00,Wind,Summer,3380
2020-12-21 00:00:00,Wind,Winter,12640
2021-10-18 00:00:00,Wind,Fall,2664
2022-08-17 00:00:00,Solar,Summer,3428
2022-05-08 00:00:00,Solar,Spring,7322
2025-04-30 00:00:00,Wind,Spring,7318
2022-01-31 00:00:00,Wind,Winter,8147
2022-05-19 00:00:00,Wind,Spring,4815
2020-12-15 00:00:00,Wind,Winter,5470
2024-05-01 00:00:00,Wind,Spring,2385
2022-10-14 00:00:00,Wind,Fall,8105
2024-09-12 00:00:00,Wind,Fall,4725
2021-07-17 00:00:00,Wind,Summer,2929
2023-04-23 00:00:00,Wind,Spring,16075
2022-09-25 00:00:00,Solar,Fall,6161
2024-12-01 00:00:00,Wind,Winter,10028
2024-01-21 00:00:00,Wind,Winter,16235
2024-12-31 00:00:00,Wind,Winter,10602
2025-08-02 00:00:00,Wind,Summer,4160
2022-11-09 00:00:00,Wind,Fall,7650
2024-06-16 00:00:00,Wind,Summer,2549
2020-05-28 00:00:00,Solar,Spring,7591
2025-11-24 00:00:00,Wind,Fall,11121
2021-06-23 00:00:00,Wind,Summer,2688
2022-09-04 00:00:00,Solar,Fall,4056
2021-11-21 00:00:00,Wind,Fall,569
2023-05-27 00:00:00,Solar,Spring,6146
2025-09-16 00:00:00,Wind,Fall,3074
2020-03-07 00:00:00,Wind,Spring,3332
2022-09-16 00:00:00,Wind,Fall,4896
2025-04-01 00:00:00,Wind,Spring,18978
2024-03-20 00:00:00,Solar,Spring,7394
2020-04-09 00:00:00,Solar,Spring,4576
2024-05-18 00:00:00,Solar,Spring,3058
2021-10-28 00:00:00,Wind,Fall,5836
2021-03-23 00:00:00,Wind,Spring,1340
2023-05-22 00:00:00,Wind,Spring,5407
2022-06-25 00:00:00,Wind,Summer,4491
2024-04-17 00:00:00,Wind,Spring,13351
2021-07-18 00:00:00,Wind,Summer,6890
2020-04-19 00:00:00,Wind,Spring,3193
2023-10-12 00:00:00,Wind,Fall,4319
2022-03-15 00:00:00,Wind,Spring,2580
2025-01-11 00:00:00,Wind,Winter,2507
2023-10-13 00:00:00,Wind,Fall,17641
2021-03-12 00:00:00,Wind,Spring,10511
2022-04-20 00:00:00,Wind,Spring,4689
2025-11-17 00:00:00,Wind,Fall,8101
2025-04-28 00:00:00,Solar,Spring,4939
2020-05-17 00:00:00,Wind,Spring,2263
2024-04-02 00:00:00,Wind,Spring,8880
2022-05-19 00:00:00,Solar,Spring,7748
2023-12-14 00:00:00,Wind,Winter,7008
2025-07-20 00:00:00,Wind,Summer,4069
2020-07-08 00:00:00,Solar,Summer,5097
2024-04-26 00:00:00,Wind,Spring,3763
2023-08-29 00:00:00,Solar,Summer,5120
2022-11-17 00:00:00,Wind,Fall,8902
2025-11-20 00:00:00,Wind,Fall,7695
2023-07-11 00:00:00,Wind,Summer,1935
2021-01-27 00:00:00,Wind,Winter,4009
2020-10-09 00:00:00,Wind,Fall,4222
2021-11-25 00:00:00,Wind,Fall,3710
2020-12-13 00:00:00,Wind,Winter,7343
2020-06-24 00:00:00,Wind,Summer,3291
2020-10-18 00:00:00,Wind,Fall,1059
2020-04-17 00:00:00,Wind,Spring,2220
2022-10-25 00:00:00,Wind,Fall,5694
2023-03-24 00:00:00,Wind,Spring,17590
2022-09-30 00:00:00,Wind,Fall,6940
2024-06-01 00:00:00,Wind,Summer,5758
2025-11-10 00:00:00,Wind,Fall,9768
2024-02-22 00:00:00,Wind,Winter,17056
2021-09-24 00:00:00,Solar,Fall,3933
2023-11-08 00:00:00,Wind,Fall,14862
2022-07-15 00:00:00,Wind,Summer,3844
2024-04-04 00:00:00,Wind,Spring,18160
2025-08-03 00:00:00,Wind,Summer,1968
2020-08-16 00:00:00,Wind,Summer,1831
2023-10-26 00:00:00,Wind,Fall,5403
2023-07-02 00:00:00,Wind,Summer,2703
2022-12-11 00:00:00,Wind,Winter,1499
2022-12-07 00:00:00,Wind,Winter,2427
2025-05-28 00:00:00,Wind,Spring,14628
2024-07-04 00:00:00,Wind,Summer,11596
2020-06-20 00:00:00,Solar,Summer,4334
2025-10-27 00:00:00,Wind,Fall,9625
2021-02-21 00:00:00,Wind,Winter,9016
2025-01-03 00:00:00,Wind,Winter,5219
2025-02-13 00:00:00,Wind,Winter,1016
2021-06-23 00:00:00,Wind,Summer,4314
2020-08-17 00:00:00,Wind,Summer,2055
2023-08-12 00:00:00,Solar,Summer,7944
2025-01-22 00:00:00,Wind,Winter,6748
2025-09-14 00:00:00,Wind,Fall,7618
2021-11-08 00:00:00,Solar,Fall,3832
2021-01-03 00:00:00,Wind,Winter,2060
2021-06-15 00:00:00,Wind,Summer,1647
2024-11-01 00:00:00,Solar,Fall,1612
2024-11-25 00:00:00,Wind,Fall,12852
2021-02-21 00:00:00,Wind,Winter,5918
2020-05-15 00:00:00,Wind,Spring,5825
2023-11-19 00:00:00,Wind,Fall,11783
2021-06-10 00:00:00,Wind,Summer,1475
2022-07-18 00:00:00,Solar,Summer,7346
2021-11-22 00:00:00,Wind,Fall,8247
2022-01-18 00:00:00,Wind,Winter,4530
2025-07-16 00:00:00,Wind,Summer,7222
2022-01-27 00:00:00,Wind,Winter,3833
2024-03-29 00:00:00,Wind,Spring,10394
2025-08-23 00:00:00,Solar,Summer,5153
2023-03-04 00:00:00,Wind,Spring,3414
2022-04-25 00:00:00,Wind,Spring,3390
2020-05-25 00:00:00,Wind,Spring,2713
2025-06-06 00:00:00,Wind,Summer,7272
2020-01-06 00:00:00,Wind,Winter,2280
2023-06-30 00:00:00,Wind,Summer,8277
2024-09-03 00:00:00,Solar,Fall,1421
2024-08-10 00:00:00,Solar,Summer,4442
2024-02-12 00:00:00,Wind,Winter,3368
2023-07-16 00:00:00,Wind,Summer,2997
2025-04-05 00:00:00,Wind,Spring,6203
2022-08-15 00:00:00,Solar,Summer,7560
2021-03-28 00:00:00,Wind,Spring,2629
2024-07-02 00:00:00,Wind,Summer,3140
2021-10-14 00:00:00,Wind,Fall,3533
2020-03-22 00:00:00,Wind,Spring,9398
2021-04-12 00:00:00,Solar,Spring,6529
2020-04-03 00:00:00,Wind,Spring,2592
2022-11-28 00:00:00,Wind,Fall,4959
2020-10-22 00:00:00,Wind,Fall,5024
2021-03-15 00:00:00,Wind,Spring,10923
2025-11-13 00:00:00,Wind,Fall,12001
2022-04-05 00:00:00,Wind,Spring,6452
2021-04-28 00:00:00,Solar,Spring,4079
2022-07-24 00:00:00,Wind,Summer,969
2020-09-14 00:00:00,Wind,Fall,2828
2020-06-15 00:00:00,Wind,Summer,2126
2020-11-01 00:00:00,Wind,Fall,11879
2022-08-16 00:00:00,Solar,Summer,2904
2021-07-26 00:00:00,Wind,Summer,1922
2022-04-04 00:00:00,Wind,Spring,11731
2024-12-13 00:00:00,Solar,Winter,2515
2020-05-28 00:00:00,Wind,Spring,7608
2022-09-18 00:00:00,Wind,Fall,2221
2024-08-22 00:00:00,Solar,Summer,7995
2022-05-26 00:00:00,Solar,Spring,6717
2025-09-14 00:00:00,Wind,Fall,4181
2020-09-14 00:00:00,Wind,Fall,3313
2025-03-16 00:00:00,Wind,Spring,5740
2021-10-01 00:00:00,Wind,Fall,4953
2023-04-21 00:00:00,Wind,Spring,3355
2022-09-06 00:00:00,Solar,Fall,6967
2020-03-13 00:00:00,Wind,Spring,1697
2022-04-10 00:00:00,Wind,Spring,1338
2022-01-30 00:00:00,Solar,Winter,2888
2022-10-21 00:00:00,Wind,Fall,8982
2021-03-04 00:00:00,Solar,Spring,1941
2024-01-22 00:00:00,Wind,Winter,16804
2025-01-16 00:00:00,Wind,Winter,3652
2021-11-13 00:00:00,Wind,Fall,5041
2022-06-23 00:00:00,Wind,Summer,1923
2023-12-16 00:00:00,Solar,Winter,4910
2022-04-11 00:00:00,Wind,Spring,9882
2021-10-29 00:00:00,Wind,Fall,11979
2020-07-09 00:00:00,Wind,Summer,1479
2021-04-25 00:00:00,Wind,Spring,8987
2020-10-09 00:00:00,Wind,Fall,2696
2021-11-19 00:00:00,Solar,Fall,3762
2022-12-30 00:00:00,Wind,Winter,11436
2023-06-13 00:00:00,Wind,Summer,5004
2020-03-10 00:00:00,Wind,Spring,12278
2025-04-14 00:00:00,Solar,Spring,6031
2024-04-30 00:00:00,Solar,Spring,7683
2022-09-12 00:00:00,Solar,Fall,5140
2022-10-20 00:00:00,Wind,Fall,8558
2023-11-30 00:00:00,Wind,Fall,2128
2020-01-06 00:00:00,Wind,Winter,5850
2021-06-13 00:00:00,Solar,Summer,3933
2024-12-07 00:00:00,Wind,Winter,19810
2025-04-10 00:00:00,Wind,Spring,10031
2021-02-21 00:00:00,Wind,Winter,9217
2022-09-20 00:00:00,Wind,Fall,2045
2025-09-14 00:00:00,Wind,Fall,15838
2020-06-25 00:00:00,Solar,Summer,5081
2022-03-10 00:00:00,Wind,Spring,4082
2025-06-14 00:00:00,Solar,Summer,4291
2021-10-20 00:00:00,Wind,Fall,10970
2021-08-08 00:00:00,Wind,Summer,3163
2023-02-05 00:00:00,Wind,Winter,4222
2021-08-09 00:00:00,Wind,Summer,2945
2025-05-12 00:00:00,Solar,Spring,3901
2024-04-19 00:00:00,Wind,Spring,5665
2025-04-18 00:00:00,Wind,Spring,9612
2023-01-06 00:00:00,Wind,Winter,6433
2020-07-17 00:00:00,Wind,Summer,2771
2023-07-26 00:00:00,Wind,Summer,3577
2024-01-23 00:00:00,Wind,Winter,12747
2020-06-25 00:00:00,Solar,Summer,3414
2024-06-01 00:00:00,Wind,Summer,6915
2024-04-23 00:00:00,Wind,Spring,4892
2020-07-16 00:00:00,Wind,Summer,1388
2020-05-28 00:00:00,Wind,Spring,3981
2020-04-05 00:00:00,Wind,Spring,7671
2020-01-11 00:00:00,Wind,Winter,2912
2021-06-25 00:00:00,Solar,Summer,5806
2020-01-27 00:00:00,Wind,Winter,9340
2022-06-12 00:00:00,Solar,Summer,3891
2024-09-05 00:00:00,Solar,Fall,7606
2021-10-12 00:00:00,Wind,Fall,3046
2025-05-29 00:00:00,Wind,Spring,1207
2022-05-31 00:00:00,Wind,Spring,2019
2025-10-18 00:00:00,Wind,Fall,6350
2021-02-23 00:00:00,Wind,Winter,9360
2021-07-05 00:00:00,Solar,Summer,7031
2025-09-13 00:00:00,Wind,Fall,12059
2024-03-22 00:00:00,Solar,Spring,4072
2024-12-24 00:00:00,Wind,Winter,3075
2024-06-09 00:00:00,Wind,Summer,3734
2021-01-09 00:00:00,Wind,Winter,6317
2020-06-05 00:00:00,Wind,Summer,13242
2025-09-04 00:00:00,Wind,Fall,14863
2023-12-18 00:00:00,Wind,Winter,2994
2025-07-09 00:00:00,Wind,Summer,1676
2024-09-14 00:00:00,Solar,Fall,7606
2025-06-20 00:00:00,Wind,Summer,4544
2022-02-11 00:00:00,Wind,Winter,1753
2020-04-14 00:00:00,Wind,Spring,8019
2023-11-23 00:00:00,Solar,Fall,7232
2023-05-06 00:00:00,Solar,Spring,2948
2021-06-09 00:00:00,Wind,Summer,1569
2020-08-25 00:00:00,Wind,Summer,3959
2022-02-28 00:00:00,Solar,Winter,5659
2024-03-12 00:00:00,Wind,Spring,10459
2024-07-23 00:00:00,Wind,Summer,2927
2024-07-19 00:00:00,Wind,Summer,1662
2024-02-23 00:00:00,Wind,Winter,15612
2022-09-03 00:00:00,Solar,Fall,4020
2023-03-13 00:00:00,Wind,Spring,14233
2024-04-13 00:00:00,Wind,Spring,2307
2021-07-30 00:00:00,Wind,Summer,8655
2025-01-22 00:00:00,Wind,Winter,6315
2022-11-06 00:00:00,Wind,Fall,11081
2022-05-15 00:00:00,Solar,Spring,5538
2024-10-09 00:00:00,Wind,Fall,11747
2020-03-24 00:00:00,Wind,Spring,4898
2023-12-29 00:00:00,Wind,Winter,15847
2024-07-01 00:00:00,Wind,Summer,2760
2021-11-24 00:00:00,Wind,Fall,2095
2024-07-13 00:00:00,Wind,Summer,334
2021-12-01 00:00:00,Wind,Winter,11647
2020-04-26 00:00:00,Wind,Spring,457
2024-08-16 00:00:00,Wind,Summer,1612
2025-04-14 00:00:00,Solar,Spring,9083
2021-05-17 00:00:00,Wind,Spring,13497
2021-09-19 00:00:00,Solar,Fall,5286
2025-10-24 00:00:00,Wind,Fall,14144
2023-10-02 00:00:00,Solar,Fall,7676
2020-04-14 00:00:00,Wind,Spring,6514
2020-02-05 00:00:00,Solar,Winter,3963
2025-10-21 00:00:00,Wind,Fall,6166
2022-04-01 00:00:00,Wind,Spring,9016
2020-03-21 00:00:00,Wind,Spring,7299
2023-01-02 00:00:00,Wind,Winter,6422
2021-02-20 00:00:00,Wind,Winter,12255
2025-08-24 00:00:00,Solar,Summer,4112
2022-05-06 00:00:00,Solar,Spring,6911
2024-11-12 00:00:00,Wind,Fall,10329
2022-12-08 00:00:00,Wind,Winter,1250
2020-04-30 00:00:00,Wind,Spring,11566
2021-05-08 00:00:00,Wind,Spring,5551
2020-04-20 00:00:00,Wind,Spring,5535
2022-01-18 00:00:00,Wind,Winter,2430
2025-02-09 00:00:00,Wind,Winter,3868
2023-12-28 00:00:00,Wind,Winter,13513
2022-01-29 00:00:00,Wind,Winter,9867
2022-11-23 00:00:00,Wind,Fall,9532
2025-10-19 00:00:00,Wind,Fall,10350
2025-05-14 00:00:00,Solar,Spring,1719
2023-11-19 00:00:00,Wind,Fall,11829
2022-10-22 00:00:00,Wind,Fall,5156
2025-07-28 00:00:00,Wind,Summer,4437
2023-08-19 00:00:00,Wind,Summer,3735
2024-12-15 00:00:00,Wind,Winter,4485
2021-01-11 00:00:00,Wind,Winter,2139
2021-05-02 00:00:00,Wind,Spring,1824
2022-11-12 00:00:00,Solar,Fall,5330
2024-05-18 00:00:00,Solar,Spring,4830
2020-01-24 00:00:00,Wind,Winter,2178
2024-08-07 00:00:00,Solar,Summer,7806
2023-12-19 00:00:00,Wind,Winter,7637
2022-07-29 00:00:00,Solar,Summer,1886
2024-04-10 00:00:00,Wind,Spring,3567
2021-01-08 00:00:00,Wind,Winter,934
2024-11-10 00:00:00,Wind,Fall,728
2021-03-23 00:00:00,Wind,Spring,2297
2024-03-18 00:00:00,Wind,Spring,2408
2023-07-18 00:00:00,Wind,Summer,3248
2025-05-15 00:00:00,Wind,Spring,11522
2022-05-06 00:00:00,Solar,Spring,6812
2025-05-17 00:00:00,Solar,Spring,5378
2023-01-25 00:00:00,Wind,Winter,1865
2023-11-06 00:00:00,Wind,Fall,9476
2023-06-04 00:00:00,Solar,Summer,7001
2023-04-17 00:00:00,Solar,Spring,10082
2021-02-21 00:00:00,Wind,Winter,7525
2021-02-15 00:00:00,Wind,Winter,11289
2023-08-03 00:00:00,Wind,Summer,12714
2025-05-27 00:00:00,Wind,Spring,13251
2023-05-24 00:00:00,Wind,Spring,6672
2024-12-16 00:00:00,Wind,Winter,7127
2022-09-02 00:00:00,Wind,Fall,1940
2025-04-16 00:00:00,Solar,Spring,7798
2020-06-06 00:00:00,Wind,Summer,10873
2024-08-20 00:00:00,Solar,Summer,6256
2024-11-13 00:00:00,Wind,Fall,5201
2023-03-21 00:00:00,Wind,Spring,4145
2022-04-29 00:00:00,Solar,Spring,6673
2023-03-18 00:00:00,Wind,Spring,10327
2020-05-27 00:00:00,Solar,Spring,6923
2020-11-08 00:00:00,Wind,Fall,2718
2022-09-14 00:00:00,Wind,Fall,1837
2021-12-15 00:00:00,Wind,Winter,1197
2020-12-08 00:00:00,Wind,Winter,2543
2025-07-29 00:00:00,Wind,Summer,2489
2020-12-26 00:00:00,Wind,Winter,3607
2020-11-06 00:00:00,Wind,Fall,6681
2023-03-31 00:00:00,Wind,Spring,21624
2023-04-02 00:00:00,Wind,Spring,7144
2022-01-11 00:00:00,Wind,Winter,2621
2020-03-16 00:00:00,Wind,Spring,1348
2021-08-26 00:00:00,Solar,Summer,8454
2023-07-05 00:00:00,Wind,Summer,10340
2022-05-03 00:00:00,Wind,Spring,3293
2021-08-10 00:00:00,Wind,Summer,1235
2020-08-22 00:00:00,Wind,Summer,11599
2022-05-06 00:00:00,Wind,Spring,3327
2025-08-26 00:00:00,Solar,Summer,10719
2021-09-24 00:00:00,Solar,Fall,2890
2023-01-03 00:00:00,Wind,Winter,8994
2023-10-09 00:00:00,Wind,Fall,1140
2022-03-15 00:00:00,Wind,Spring,4205
2022-10-25 00:00:00,Wind,Fall,4686
2024-12-30 00:00:00,Solar,Winter,2963
2023-03-10 00:00:00,Wind,Spring,11697
2023-05-06 00:00:00,Solar,Spring,7109
2020-10-10 00:00:00,Wind,Fall,2717
2023-02-19 00:00:00,Wind,Winter,2222
2022-09-13 00:00:00,Solar,Fall,5433
2023-10-15 00:00:00,Wind,Fall,2777
2022-01-01 00:00:00,Wind,Winter,3210
2021-05-14 00:00:00,Wind,Spring,7647
2025-11-04 00:00:00,Wind,Fall,12730
2024-01-29 00:00:00,Wind,Winter,7443
2025-01-13 00:00:00,Wind,Winter,7719
2023-07-06 00:00:00,Wind,Summer,868
2020-03-14 00:00:00,Wind,Spring,3347
2023-12-24 00:00:00,Wind,Winter,17075
2025-04-06 00:00:00,Wind,Spring,9135
2024-10-03 00:00:00,Wind,Fall,5240
2022-03-06 00:00:00,Wind,Spring,7705
2022-09-07 00:00:00,Wind,Fall,4483
2024-01-04 00:00:00,Wind,Winter,11934
2021-03-24 00:00:00,Solar,Spring,2756
2023-03-31 00:00:00,Wind,Spring,20332
2021-02-14 00:00:00,Wind,Winter,9781
2020-11-29 00:00:00,Wind,Fall,2194
2025-05-23 00:00:00,Wind,Spring,3654
2024-02-28 00:00:00,Wind,Winter,3872
2020-08-13 00:00:00,Wind,Summer,1977
2022-02-10 00:00:00,Wind,Winter,5427
2020-05-22 00:00:00,Wind,Spring,2791
2020-03-07 00:00:00,Wind,Spring,2626
2025-02-28 00:00:00,Wind,Winter,7187
2023-06-17 00:00:00,Solar,Summer,5207
2022-10-08 00:00:00,Wind,Fall,2338
2020-04-26 00:00:00,Solar,Spring,2886
2025-01-21 00:00:00,Wind,Winter,7139
2024-05-18 00:00:00,Solar,Spring,5382
2023-10-24 00:00:00,Wind,Fall,5052
2025-09-27 00:00:00,Wind,Fall,475
2025-06-02 00:00:00,Wind,Summer,3073
2021-10-13 00:00:00,Wind,Fall,2129
2022-02-25 00:00:00,Wind,Winter,8739
2023-12-24 00:00:00,Wind,Winter,17796
2025-11-19 00:00:00,Wind,Fall,11799
2023-04-29 00:00:00,Wind,Spring,2588
2023-04-23 00:00:00,Wind,Spring,15150
2021-09-13 00:00:00,Solar,Fall,3635
2020-08-17 00:00:00,Wind,Summer,1804
2020-03-13 00:00:00,Wind,Spring,5262
2021-07-18 00:00:00,Wind,Summer,9318
2025-09-01 00:00:00,Wind,Fall,10390
2020-05-25 00:00:00,Solar,Spring,5450
2024-11-10 00:00:00,Wind,Fall,1524
2022-09-30 00:00:00,Solar,Fall,7262
2021-05-18 00:00:00,Wind,Spring,3940
2024-08-10 00:00:00,Wind,Summer,1226
2021-03-25 00:00:00,Wind,Spring,1928
2025-10-30 00:00:00,Solar,Fall,9665
2022-10-26 00:00:00,Wind,Fall,7207
2020-08-27 00:00:00,Solar,Summer,6251
2021-04-27 00:00:00,Solar,Spring,3324
2025-05-07 00:00:00,Wind,Spring,7619
2024-06-26 00:00:00,Solar,Summer,6737
2023-08-09 00:00:00,Wind,Summer,1969
2022-01-25 00:00:00,Solar,Winter,267
2020-09-03 00:00:00,Wind,Fall,978
2020-02-11 00:00:00,Wind,Winter,9400
2022-07-09 00:00:00,Wind,Summer,3653
2024-08-04 00:00:00,Solar,Summer,4818
2022-06-25 00:00:00,Wind,Summer,3209
2024-12-07 00:00:00,Wind,Winter,18556
2020-09-04 00:00:00,Wind,Fall,1720
2022-01-01 00:00:00,Wind,Winter,5238
2023-05-08 00:00:00,Wind,Spring,1701
2021-04-22 00:00:00,Wind,Spring,5590
2021-02-17 00:00:00,Wind,Winter,9265
2020-03-03 00:00:00,Wind,Spring,4440
2023-11-08 00:00:00,Wind,Fall,16223
2023-08-14 00:00:00,Wind,Summer,1693
2023-01-10 00:00:00,Wind,Winter,7343
2021-12-22 00:00:00,Wind,Winter,5561
2024-08-10 00:00:00,Wind,Summer,1755
2023-11-14 00:00:00,Wind,Fall,16988
2024-03-17 00:00:00,Solar,Spring,6096
2021-09-07 00:00:00,Wind,Fall,6840
2025-11-16 00:00:00,Wind,Fall,4414
2020-07-15 00:00:00,Wind,Summer,1874
2025-10-08 00:00:00,Wind,Fall,2608
2025-06-09 00:00:00,Wind,Summer,605
2020-07-14 00:00:00,Wind,Summer,2443
2022-10-09 00:00:00,Wind,Fall,4887
2020-05-28 00:00:00,Wind,Spring,5340
2021-12-25 00:00:00,Solar,Winter,1223
2023-08-02 00:00:00,Wind,Summer,15855
2021-01-09 00:00:00,Wind,Winter,5323
2022-02-07 00:00:00,Wind,Winter,4802
2022-10-24 00:00:00,Wind,Fall,7058
2025-05-24 00:00:00,Wind,Spring,14446
2022-01-11 00:00:00,Wind,Winter,2912
2022-12-21 00:00:00,Wind,Winter,5032
2024-12-17 00:00:00,Wind,Winter,5491
2021-01-30 00:00:00,Wind,Winter,8786
2020-10-04 00:00:00,Wind,Fall,11664
2025-05-29 00:00:00,Solar,Spring,8272
2024-11-25 00:00:00,Wind,Fall,12969
2020-01-26 00:00:00,Wind,Winter,4437
2023-03-03 00:00:00,Wind,Spring,5574
2025-06-02 00:00:00,Solar,Summer,6266
2022-06-24 00:00:00,Wind,Summer,1971
2024-03-20 00:00:00,Wind,Spring,1924
2023-10-12 00:00:00,Wind,Fall,5820
2022-09-24 00:00:00,Wind,Fall,1028
2020-02-06 00:00:00,Wind,Winter,5819
2024-06-09 00:00:00,Wind,Summer,3682
2020-04-19 00:00:00,Wind,Spring,2602
2022-09-28 00:00:00,Wind,Fall,6080
2025-11-28 00:00:00,Wind,Fall,8799
2024-10-05 00:00:00,Wind,Fall,8967
2020-07-24 00:00:00,Wind,Summer,1760
2022-10-16 00:00:00,Wind,Fall,6721
2020-11-06 00:00:00,Wind,Fall,7139
2021-07-02 00:00:00,Wind,Summer,1585
2022-04-13 00:00:00,Solar,Spring,3628
2025-08-02 00:00:00,Solar,Summer,12313
2023-06-25 00:00:00,Wind,Summer,5338
2024-11-30 00:00:00,Wind,Fall,3505
2023-10-02 00:00:00,Wind,Fall,2764
2021-04-14 00:00:00,Wind,Spring,5104
2025-11-07 00:00:00,Wind,Fall,6222
2020-02-01 00:00:00,Wind,Winter,9608
2020-04-05 00:00:00,Wind,Spring,8682
2022-12-27 00:00:00,Wind,Winter,4483
2022-12-28 00:00:00,Wind,Winter,11901
2024-01-06 00:00:00,Wind,Winter,6893
2021-03-22 00:00:00,Solar,Spring,6284
2022-11-26 00:00:00,Wind,Fall,6123
2025-06-09 00:00:00,Solar,Summer,4475
2021-11-01 00:00:00,Wind,Fall,8845
2023-07-18 00:00:00,Solar,Summer,6978
2022-01-22 00:00:00,Wind,Winter,3284
2021-06-02 00:00:00,Wind,Summer,4114
2025-09-30 00:00:00,Wind,Fall,2032
2022-12-05 00:00:00,Solar,Winter,2037
2022-02-25 00:00:00,Wind,Winter,7621
2021-11-05 00:00:00,Wind,Fall,2977
2025-02-20 00:00:00,Wind,Winter,12416
2024-04-30 00:00:00,Wind,Spring,3046
2024-10-04 00:00:00,Wind,Fall,5064
2022-04-30 00:00:00,Solar,Spring,8450
2020-02-09 00:00:00,Wind,Winter,7722
2024-03-09 00:00:00,Wind,Spring,10327
2025-06-24 00:00:00,Solar,Summer,6338
2020-06-21 00:00:00,Wind,Summer,2762
2022-04-22 00:00:00,Wind,Spring,5531
2025-10-26 00:00:00,Wind,Fall,10764
2024-12-09 00:00:00,Wind,Winter,13556
2024-01-02 00:00:00,Wind,Winter,18685
2023-05-01 00:00:00,Wind,Spring,1652
2020-05-10 00:00:00,Wind,Spring,2008
2025-11-01 00:00:00,Wind,Fall,9691
2023-07-04 00:00:00,Wind,Summer,10440
2023-05-13 00:00:00,Wind,Spring,10482
2020-06-25 00:00:00,Solar,Summer,2861
2020-01-09 00:00:00,Wind,Winter,12336
2024-08-28 00:00:00,Wind,Summer,2229
2022-02-28 00:00:00,Wind,Winter,3898
2021-07-13 00:00:00,Wind,Summer,5260
2020-12-05 00:00:00,Wind,Winter,6409
2020-03-12 00:00:00,Wind,Spring,8370
2021-04-30 00:00:00,Wind,Spring,1412
2022-09-18 00:00:00,Solar,Fall,4392
2025-10-29 00:00:00,Wind,Fall,7423
2023-04-16 00:00:00,Wind,Spring,3665
2024-05-09 00:00:00,Wind,Spring,5021
2020-09-30 00:00:00,Wind,Fall,3257
2022-04-29 00:00:00,Solar,Spring,5493
2023-11-10 00:00:00,Wind,Fall,15079
2025-08-18 00:00:00,Wind,Summer,7156
2020-05-12 00:00:00,Wind,Spring,4993
2022-09-03 00:00:00,Wind,Fall,1685
2021-08-09 00:00:00,Wind,Summer,5509
2020-03-13 00:00:00,Wind,Spring,7874
2022-05-12 00:00:00,Wind,Spring,3488
2024-08-08 00:00:00,Solar,Summer,9623
2025-10-30 00:00:00,Wind,Fall,8417
2021-09-15 00:00:00,Wind,Fall,1024
2024-04-12 00:00:00,Solar,Spring,4676
2020-06-09 00:00:00,Wind,Summer,3222
2021-11-12 00:00:00,Wind,Fall,4225
2025-03-01 00:00:00,Wind,Spring,6922
2022-05-21 00:00:00,Solar,Spring,2628
2025-08-28 00:00:00,Wind,Summer,2454
2025-07-27 00:00:00,Wind,Summer,1786
2021-07-20 00:00:00,Solar,Summer,5834
2022-06-28 00:00:00,Wind,Summer,1388
2025-09-21 00:00:00,Wind,Fall,5062
2024-11-03 00:00:00,Wind,Fall,3552
2024-11-19 00:00:00,Wind,Fall,18956
2024-10-22 00:00:00,Wind,Fall,3568
2020-04-22 00:00:00,Wind,Spring,2865
2023-10-13 00:00:00,Wind,Fall,15112
2023-10-12 00:00:00,Solar,Fall,8411
2022-05-05 00:00:00,Solar,Spring,6026
2020-12-22 00:00:00,Wind,Winter,6752
2024-07-07 00:00:00,Solar,Summer,5126
2022-04-28 00:00:00,Wind,Spring,5002
2022-03-19 00:00:00,Wind,Spring,9680
2025-02-05 00:00:00,Wind,Winter,3259
2020-03-30 00:00:00,Wind,Spring,12305
2024-10-06 00:00:00,Wind,Fall,8224
2025-07-18 00:00:00,Wind,Summer,3802
2021-06-22 00:00:00,Wind,Summer,7084
2025-03-09 00:00:00,Wind,Spring,2682
2020-07-06 00:00:00,Wind,Summer,5654
2023-01-21 00:00:00,Wind,Winter,5918
2025-10-20 00:00:00,Wind,Fall,11753
2021-05-09 00:00:00,Wind,Spring,11238
2023-09-10 00:00:00,Wind,Fall,2358
2024-08-04 00:00:00,Wind,Summer,1962
2023-02-20 00:00:00,Wind,Winter,3465
2025-10-06 00:00:00,Solar,Fall,4871
2020-10-31 00:00:00,Wind,Fall,1716
2022-06-02 00:00:00,Wind,Summer,4245
2021-07-01 00:00:00,Wind,Summer,1001
2024-10-05 00:00:00,Solar,Fall,8795
2023-08-21 00:00:00,Solar,Summer,6981
2023-10-31 00:00:00,Wind,Fall,10888
2020-12-24 00:00:00,Wind,Winter,9299
2024-10-29 00:00:00,Wind,Fall,2034
2020-01-20 00:00:00,Wind,Winter,5969
2022-07-27 00:00:00,Wind,Summer,2863
2023-09-23 00:00:00,Wind,Fall,1134
2023-05-17 00:00:00,Wind,Spring,7154
2021-05-15 00:00:00,Wind,Spring,10329
2021-10-24 00:00:00,Wind,Fall,3903
2025-05-23 00:00:00,Wind,Spring,3940
2023-07-31 00:00:00,Wind,Summer,16164
2023-10-11 00:00:00,Wind,Fall,2966
2022-05-01 00:00:00,Solar,Spring,3553
2025-07-10 00:00:00,Wind,Summer,2663
2024-01-05 00:00:00,Wind,Winter,10179
2020-09-08 00:00:00,Wind,Fall,1596
2023-03-23 00:00:00,Wind,Spring,13963
2023-04-01 00:00:00,Wind,Spring,16591
2025-02-18 00:00:00,Wind,Winter,9155
2020-10-14 00:00:00,Wind,Fall,5761
2024-08-21 00:00:00,Wind,Summer,7150
2025-11-13 00:00:00,Wind,Fall,11401
2022-09-19 00:00:00,Solar,Fall,7972
2023-07-26 00:00:00,Wind,Summer,2678
2021-01-14 00:00:00,Wind,Winter,7248
2020-12-01 00:00:00,Wind,Winter,7535
2024-02-27 00:00:00,Wind,Winter,11867
2020-01-13 00:00:00,Wind,Winter,2719
2022-01-07 00:00:00,Wind,Winter,9092
2022-10-03 00:00:00,Solar,Fall,5116
2022-11-15 00:00:00,Wind,Fall,6758
2022-09-01 00:00:00,Wind,Fall,2865
2021-07-27 00:00:00,Wind,Summer,1685
2021-07-11 00:00:00,Solar,Summer,5042
2022-03-29 00:00:00,Solar,Spring,3254
2024-04-03 00:00:00,Wind,Spring,18128
2023-04-19 00:00:00,Wind,Spring,6823
2021-10-25 00:00:00,Wind,Fall,2690
2023-06-18 00:00:00,Wind,Summer,4451
2023-02-14 00:00:00,Wind,Winter,4662
2025-03-23 00:00:00,Wind,Spring,1259
2025-06-27 00:00:00,Solar,Summer,9125
2022-08-28 00:00:00,Solar,Summer,8898
2023-07-11 00:00:00,Wind,Summer,1999
2020-09-09 00:00:00,Wind,Fall,1078
2024-06-28 00:00:00,Solar,Summer,4290
2020-07-29 00:00:00,Solar,Summer,2120
2023-07-09 00:00:00,Solar,Summer,6674
2024-03-16 00:00:00,Wind,Spring,1211
2023-05-14 00:00:00,Solar,Spring,6013
2025-06-13 00:00:00,Wind,Summer,1801
2022-11-09 00:00:00,Wind,Fall,8441
2022-04-06 00:00:00,Wind,Spring,5141
2025-08-08 00:00:00,Solar,Summer,4706
2025-10-04 00:00:00,Wind,Fall,17338
2020-10-25 00:00:00,Wind,Fall,10696
2021-07-18 00:00:00,Wind,Summer,4398
2021-08-13 00:00:00,Solar,Summer,2862
2023-11-04 00:00:00,Wind,Fall,14865
2020-10-27 00:00:00,Wind,Fall,10606
2023-03-05 00:00:00,Wind,Spring,1000
2022-11-14 00:00:00,Wind,Fall,3434
2020-09-10 00:00:00,Wind,Fall,2229
2024-04-20 00:00:00,Wind,Spring,8412
2021-02-15 00:00:00,Wind,Winter,12188
2024-04-24 00:00:00,Wind,Spring,9813
2023-03-14 00:00:00,Wind,Spring,17911
2022-02-08 00:00:00,Wind,Winter,4263
2025-01-08 00:00:00,Wind,Winter,12406
2023-12-04 00:00:00,Wind,Winter,13067
2025-06-29 00:00:00,Wind,Summer,2788
2025-11-21 00:00:00,Wind,Fall,4327
2021-07-18 00:00:00,Solar,Summer,7976
2024-12-18 00:00:00,Wind,Winter,13902
2024-12-28 00:00:00,Solar,Winter,4030
2020-08-04 00:00:00,Solar,Summer,5530
2024-09-21 00:00:00,Solar,Fall,7327
2020-03-25 00:00:00,Wind,Spring,6439
2021-05-09 00:00:00,Wind,Spring,11507
2023-07-30 00:00:00,Wind,Summer,12058
2022-07-04 00:00:00,Solar,Summer,5745
2021-07-05 00:00:00,Wind,Summer,4747
2023-02-13 00:00:00,Solar,Winter,6722
2020-09-27 00:00:00,Wind,Fall,11489
2025-08-26 00:00:00,Wind,Summer,2770
2025-01-28 00:00:00,Wind,Winter,19186
2023-09-05 00:00:00,Wind,Fall,1711
2020-06-06 00:00:00,Wind,Summer,7194
2023-09-21 00:00:00,Wind,Fall,11271
2021-01-06 00:00:00,Wind,Winter,1309
2021-06-21 00:00:00,Solar,Summer,4642
2020-04-30 00:00:00,Wind,Spring,6717
2024-12-05 00:00:00,Wind,Winter,11663
2022-08-11 00:00:00,Wind,Summer,4434
2023-04-03 00:00:00,Wind,Spring,10376
2024-10-09 00:00:00,Wind,Fall,11147
2021-11-05 00:00:00,Solar,Fall,3837
2020-02-19 00:00:00,Wind,Winter,7030
2024-03-21 00:00:00,Solar,Spring,6064
2021-05-04 00:00:00,Wind,Spring,13060
2020-07-20 00:00:00,Wind,Summer,2745
2020-04-21 00:00:00,Wind,Spring,5274
2021-09-28 00:00:00,Wind,Fall,5083
2023-11-16 00:00:00,Wind,Fall,8890
2023-11-16 00:00:00,Wind,Fall,10601
2021-09-05 00:00:00,Solar,Fall,4826
2024-10-30 00:00:00,Solar,Fall,4815
2021-10-14 00:00:00,Wind,Fall,1998
2024-11-27 00:00:00,Wind,Fall,18995
2022-07-19 00:00:00,Solar,Summer,11456
2020-03-18 00:00:00,Wind,Spring,920
2020-08-02 00:00:00,Wind,Summer,3476
2023-10-08 00:00:00,Wind,Fall,914
2021-01-18 00:00:00,Wind,Winter,2046
2023-05-01 00:00:00,Wind,Spring,2281
2023-03-27 00:00:00,Solar,Spring,7984
2024-09-12 00:00:00,Wind,Fall,9890
2021-06-27 00:00:00,Solar,Summer,2797
2023-04-29 00:00:00,Solar,Spring,3294
2020-02-14 00:00:00,Wind,Winter,5101
2020-05-28 00:00:00,Wind,Spring,4584
2020-10-23 00:00:00,Wind,Fall,5272
2021-02-09 00:00:00,Wind,Winter,3261
2020-05-18 00:00:00,Solar,Spring,4683
2020-02-16 00:00:00,Wind,Winter,11933
2021-01-17 00:00:00,Wind,Winter,5132
2020-08-22 00:00:00,Wind,Summer,11377
2023-12-02 00:00:00,Wind,Winter,3287
2024-11-19 00:00:00,Wind,Fall,17507
2022-01-20 00:00:00,Wind,Winter,5476
2021-08-12 00:00:00,Wind,Summer,537
2022-04-12 00:00:00,Wind,Spring,2391
2024-09-20 00:00:00,Wind,Fall,6934
2020-07-24 00:00:00,Wind,Summer,1623
2023-07-31 00:00:00,Wind,Summer,10483
2021-05-07 00:00:00,Solar,Spring,5300
2022-06-19 00:00:00,Wind,Summer,12780
2020-04-26 00:00:00,Wind,Spring,507
2023-05-02 00:00:00,Solar,Spring,5328
2021-11-06 00:00:00,Solar,Fall,4862
2022-01-11 00:00:00,Wind,Winter,3441
2023-05-26 00:00:00,Solar,Spring,12036
2024-09-22 00:00:00,Wind,Fall,3944
2023-09-04 00:00:00,Wind,Fall,7654
2022-05-03 00:00:00,Wind,Spring,5334
2025-06-15 00:00:00,Solar,Summer,3841
2021-12-18 00:00:00,Wind,Winter,6087
2021-08-02 00:00:00,Solar,Summer,4320
2025-08-16 00:00:00,Wind,Summer,7143
2025-06-29 00:00:00,Solar,Summer,4565
2022-02-21 00:00:00,Wind,Winter,14866
2025-06-07 00:00:00,Wind,Summer,11062
2025-04-20 00:00:00,Wind,Spring,4558
2023-07-23 00:00:00,Wind,Summer,9075
2025-02-21 00:00:00,Wind,Winter,15714
2022-10-19 00:00:00,Wind,Fall,7944
2024-01-27 00:00:00,Wind,Winter,1873
2021-02-11 00:00:00,Wind,Winter,6113
2023-02-13 00:00:00,Wind,Winter,2677
2024-12-06 00:00:00,Wind,Winter,13192
2023-01-29 00:00:00,Wind,Winter,1135
2023-04-22 00:00:00,Wind,Spring,4828
2025-02-14 00:00:00,Wind,Winter,7129
2021-10-24 00:00:00,Wind,Fall,3283
2025-09-29 00:00:00,Wind,Fall,2578
2020-01-20 00:00:00,Wind,Winter,6095
2022-01-26 00:00:00,Solar,Winter,3768
2020-04-06 00:00:00,Wind,Spring,7724
2020-01-31 00:00:00,Wind,Winter,7998
2022-08-31 00:00:00,Wind,Summer,2234
2023-04-01 00:00:00,Wind,Spring,16915
2022-11-01 00:00:00,Wind,Fall,13662
2024-07-30 00:00:00,Wind,Summer,2503
2025-04-08 00:00:00,Wind,Spring,2749
2024-09-10 00:00:00,Wind,Fall,11651
2020-10-31 00:00:00,Wind,Fall,8194
2024-05-07 00:00:00,Solar,Spring,5090
2021-04-19 00:00:00,Wind,Spring,1780
2023-03-12 00:00:00,Wind,Spring,9795
2023-11-19 00:00:00,Wind,Fall,13588
2023-02-14 00:00:00,Solar,Winter,6281
2020-10-08 00:00:00,Wind,Fall,3679
2024-12-04 00:00:00,Wind,Winter,3938
2022-08-02 00:00:00,Wind,Summer,1216
2021-09-05 00:00:00,Wind,Fall,570
2024-01-03 00:00:00,Wind,Winter,17729
2023-06-02 00:00:00,Solar,Summer,10821
2024-12-05 00:00:00,Wind,Winter,16998
2022-05-29 00:00:00,Wind,Spring,6015
2023-08-03 00:00:00,Wind,Summer,9503
2020-08-31 00:00:00,Solar,Summer,4591
2021-01-27 00:00:00,Wind,Winter,5439
2020-08-01 00:00:00,Wind,Summer,2389
2021-07-13 00:00:00,Wind,Summer,2739
2021-12-05 00:00:00,Wind,Winter,7154
2022-11-04 00:00:00,Wind,Fall,6038
2022-10-10 00:00:00,Solar,Fall,4346
2023-12-08 00:00:00,Wind,Winter,4441
2023-11-19 00:00:00,Wind,Fall,12031
2024-02-19 00:00:00,Wind,Winter,4808
2024-03-11 00:00:00,Wind,Spring,6774
2022-12-02 00:00:00,Wind,Winter,6439
2024-09-15 00:00:00,Solar,Fall,6509
2025-05-13 00:00:00,Solar,Spring,4040
2024-08-16 00:00:00,Wind,Summer,3495
2022-07-04 00:00:00,Solar,Summer,4726
2021-12-17 00:00:00,Wind,Winter,7175
2022-05-03 00:00:00,Wind,Spring,4686
2022-11-01 00:00:00,Wind,Fall,11571
2025-10-23 00:00:00,Wind,Fall,18781
2020-06-02 00:00:00,Wind,Summer,1582
2023-07-30 00:00:00,Wind,Summer,5034
2024-10-18 00:00:00,Wind,Fall,3726
2021-01-24 00:00:00,Wind,Winter,7785
2024-06-07 00:00:00,Solar,Summer,3850
2022-09-17 00:00:00,Wind,Fall,5298
2023-08-01 00:00:00,Wind,Summer,16261
2024-08-09 00:00:00,Wind,Summer,4379
2025-04-01 00:00:00,Wind,Spring,10918
2020-10-12 00:00:00,Wind,Fall,1885
2021-12-29 00:00:00,Wind,Winter,13972
2025-09-20 00:00:00,Wind,Fall,14676
2023-01-20 00:00:00,Wind,Winter,5568
2025-10-16 00:00:00,Wind,Fall,4675
2024-10-24 00:00:00,Wind,Fall,6471
2021-11-19 00:00:00,Wind,Fall,1780
2021-12-16 00:00:00,Wind,Winter,5603
2022-05-08 00:00:00,Wind,Spring,3729
2024-11-18 00:00:00,Wind,Fall,8868
2024-07-22 00:00:00,Wind,Summer,3600
2021-11-10 00:00:00,Solar,Fall,1404
2021-04-30 00:00:00,Wind,Spring,1194
2024-11-15 00:00:00,Wind,Fall,1734
2021-06-04 00:00:00,Wind,Summer,1719
2020-03-16 00:00:00,Wind,Spring,1639
2022-01-20 00:00:00,Wind,Winter,5362
2022-03-12 00:00:00,Wind,Spring,6226
2025-10-29 00:00:00,Wind,Fall,8314
2021-09-26 00:00:00,Wind,Fall,2237
2022-07-08 00:00:00,Solar,Summer,9095
2021-12-04 00:00:00,Wind,Winter,9482
2023-10-13 00:00:00,Wind,Fall,14400
2023-11-18 00:00:00,Wind,Fall,12095
2023-11-07 00:00:00,Wind,Fall,6851
2022-09-02 00:00:00,Wind,Fall,1443
2024-02-23 00:00:00,Wind,Winter,15039
2020-09-05 00:00:00,Wind,Fall,2634
2025-11-01 00:00:00,Wind,Fall,14454
2025-11-18 00:00:00,Wind,Fall,7882
2021-05-27 00:00:00,Solar,Spring,3912
2021-02-11 00:00:00,Wind,Winter,8683
2022-08-31 00:00:00,Wind,Summer,2951
2023-06-21 00:00:00,Solar,Summer,4753
2022-08-30 00:00:00,Wind,Summer,3271
2021-10-11 00:00:00,Wind,Fall,3153
2023-10-07 00:00:00,Wind,Fall,3526
2020-08-27 00:00:00,Wind,Summer,7497
2021-07-22 00:00:00,Solar,Summer,2992
2024-08-01 00:00:00,Wind,Summer,1611
2021-06-01 00:00:00,Wind,Summer,3763
2021-09-21 00:00:00,Solar,Fall,5163
2024-09-09 00:00:00,Wind,Fall,8521
2025-01-31 00:00:00,Wind,Winter,8937
2025-06-03 00:00:00,Wind,Summer,2426
2021-06-25 00:00:00,Solar,Summer,5768
2022-06-18 00:00:00,Wind,Summer,2323
2023-02-26 00:00:00,Wind,Winter,15728
2022-03-11 00:00:00,Wind,Spring,10519
2022-06-01 00:00:00,Solar,Summer,5214
2022-06-19 00:00:00,Wind,Summer,6948
2022-09-08 00:00:00,Wind,Fall,8695
2022-08-02 00:00:00,Wind,Summer,1310
2024-11-26 00:00:00,Wind,Fall,6445
2023-12-13 00:00:00,Wind,Winter,7828
2025-07-12 00:00:00,Wind,Summer,3909
2022-10-16 00:00:00,Wind,Fall,4704
2020-04-12 00:00:00,Wind,Spring,2322
2023-12-25 00:00:00,Wind,Winter,12230
2021-06-18 00:00:00,Wind,Summer,9367
2023-10-18 00:00:00,Wind,Fall,10499
2022-01-12 00:00:00,Solar,Winter,4584
2023-04-29 00:00:00,Wind,Spring,2714
2021-09-21 00:00:00,Wind,Fall,3306
2023-08-08 00:00:00,Solar,Summer,9733
2021-08-01 00:00:00,Wind,Summer,2348
2020-02-10 00:00:00,Wind,Winter,12959
2020-10-31 00:00:00,Wind,Fall,3069
2024-12-31 00:00:00,Wind,Winter,9036
2023-10-28 00:00:00,Wind,Fall,11930
2025-07-19 00:00:00,Wind,Summer,4635
2023-09-15 00:00:00,Wind,Fall,2659
2021-07-12 00:00:00,Wind,Summer,2324
2020-11-28 00:00:00,Wind,Fall,3710
2023-01-10 00:00:00,Wind,Winter,15777
2021-12-13 00:00:00,Wind,Winter,1678
2021-12-23 00:00:00,Wind,Winter,8130
2024-12-13 00:00:00,Wind,Winter,2960
2022-04-19 00:00:00,Wind,Spring,2818
2023-08-30 00:00:00,Wind,Summer,3483
2023-03-14 00:00:00,Wind,Spring,5023
2022-05-06 00:00:00,Wind,Spring,4837
2025-03-23 00:00:00,Wind,Spring,5996
2022-01-16 00:00:00,Wind,Winter,1801
2023-08-26 00:00:00,Wind,Summer,2861
2025-04-17 00:00:00,Wind,Spring,2565
2025-04-10 00:00:00,Solar,Spring,10273
2021-08-23 00:00:00,Wind,Summer,5030
2023-11-21 00:00:00,Wind,Fall,7176
2024-08-18 00:00:00,Wind,Summer,5352
2024-11-04 00:00:00,Wind,Fall,2776
2021-08-07 00:00:00,Wind,Summer,3294
2022-11-27 00:00:00,Wind,Fall,6839
2021-03-27 00:00:00,Wind,Spring,9516
2022-03-12 00:00:00,Wind,Spring,9748
2025-10-17 00:00:00,Wind,Fall,5096
2025-04-10 00:00:00,Solar,Spring,10743
2022-08-21 00:00:00,Wind,Summer,791
2021-02-11 00:00:00,Wind,Winter,5196
2021-03-31 00:00:00,Wind,Spring,1435
2020-06-19 00:00:00,Wind,Summer,1906
2020-02-26 00:00:00,Wind,Winter,13169
2023-10-21 00:00:00,Wind,Fall,20374
2023-11-07 00:00:00,Wind,Fall,8207
2025-07-29 00:00:00,Wind,Summer,3104
2020-02-19 00:00:00,Wind,Winter,7379
2023-04-03 00:00:00,Wind,Spring,11458
2021-02-25 00:00:00,Wind,Winter,1854
2021-02-25 00:00:00,Wind,Winter,5371
2024-09-28 00:00:00,Solar,Fall,8533
2023-02-22 00:00:00,Wind,Winter,3581
2025-03-05 00:00:00,Solar,Spring,9526
2023-09-11 00:00:00,Wind,Fall,2249
2020-12-06 00:00:00,Wind,Winter,1761
2025-10-03 00:00:00,Wind,Fall,11497
2022-11-28 00:00:00,Wind,Fall,4489
2020-05-03 00:00:00,Wind,Spring,705
2021-02-19 00:00:00,Wind,Winter,8744
2020-01-16 00:00:00,Wind,Winter,9123
2021-11-18 00:00:00,Solar,Fall,3746
2022-12-13 00:00:00,Wind,Winter,6219
2021-05-26 00:00:00,Wind,Spring,10892
2020-05-28 00:00:00,Wind,Spring,6074
2022-05-16 00:00:00,Wind,Spring,599
2021-02-08 00:00:00,Wind,Winter,2084
2022-08-25 00:00:00,Solar,Summer,6443
2024-03-12 00:00:00,Wind,Spring,5402
2022-03-08 00:00:00,Wind,Spring,5703
2025-04-06 00:00:00,Wind,Spring,10147
2023-12-01 00:00:00,Wind,Winter,5091
2024-02-01 00:00:00,Wind,Winter,3991
2021-03-19 00:00:00,Wind,Spring,5515
2020-11-22 00:00:00,Wind,Fall,2036
2023-01-29 00:00:00,Wind,Winter,1089
2020-02-03 00:00:00,Wind,Winter,10296
2025-08-22 00:00:00,Wind,Summer,3100
2023-12-30 00:00:00,Wind,Winter,14946
2020-06-14 00:00:00,Wind,Summer,2981
2025-05-20 00:00:00,Solar,Spring,7909
2021-05-27 00:00:00,Solar,Spring,1951
2024-11-28 00:00:00,Solar,Fall,5112
2025-06-12 00:00:00,Wind,Summer,2592
2021-12-02 00:00:00,Wind,Winter,6595
2023-04-06 00:00:00,Wind,Spring,1240
2022-08-29 00:00:00,Wind,Summer,5149
2024-04-22 00:00:00,Wind,Spring,7693
2022-04-07 00:00:00,Wind,Spring,13300
2020-08-17 00:00:00,Wind,Summer,2329
2020-04-08 00:00:00,Wind,Spring,3294
2022-06-27 00:00:00,Wind,Summer,1132
2022-11-08 00:00:00,Wind,Fall,13921
2024-07-27 00:00:00,Wind,Summer,418
2025-08-05 00:00:00,Wind,Summer,7613
2020-05-01 00:00:00,Wind,Spring,8012
2022-06-22 00:00:00,Wind,Summer,3322
2020-01-10 00:00:00,Wind,Winter,9719
2024-02-26 00:00:00,Wind,Winter,9462
2023-08-03 00:00:00,Wind,Summer,7651
2020-11-06 00:00:00,Wind,Fall,7462
2025-05-12 00:00:00,Solar,Spring,4886
2023-02-04 00:00:00,Wind,Winter,2724
2021-09-08 00:00:00,Wind,Fall,5846
2023-02-16 00:00:00,Wind,Winter,7525
2022-05-12 00:00:00,Solar,Spring,1922
2025-11-12 00:00:00,Wind,Fall,13071
2020-07-07 00:00:00,Solar,Summer,4694
2021-03-18 00:00:00,Wind,Spring,6015
2020-08-02 00:00:00,Wind,Summer,2829
2020-01-28 00:00:00,Wind,Winter,12847
2023-10-06 00:00:00,Wind,Fall,1366
2024-06-27 00:00:00,Solar,Summer,5860
2024-08-30 00:00:00,Solar,Summer,8694
2025-11-22 00:00:00,Wind,Fall,4673
2024-01-08 00:00:00,Wind,Winter,11588
2025-08-10 00:00:00,Solar,Summer,4763
2024-04-30 00:00:00,Wind,Spring,6800
2024-09-05 00:00:00,Solar,Fall,7713
2024-06-18 00:00:00,Wind,Summer,2850
2020-08-11 00:00:00,Wind,Summer,1326
2024-11-18 00:00:00,Wind,Fall,9025
2025-03-03 00:00:00,Wind,Spring,4149
2020-06-16 00:00:00,Solar,Summer,2228
2023-11-05 00:00:00,Wind,Fall,19077
2020-07-10 00:00:00,Wind,Summer,4371
2023-10-29 00:00:00,Wind,Fall,12320
2020-06-25 00:00:00,Wind,Summer,3877
2023-11-27 00:00:00,Wind,Fall,7464
2023-09-10 00:00:00,Wind,Fall,2837
2024-03-25 00:00:00,Wind,Spring,8875
2021-11-11 00:00:00,Wind,Fall,1151
2020-09-21 00:00:00,Solar,Fall,1691
2021-01-17 00:00:00,Wind,Winter,2503
2024-06-16 00:00:00,Wind,Summer,3886
2020-05-25 00:00:00,Wind,Spring,2382
2025-09-30 00:00:00,Wind,Fall,1558
2025-02-19 00:00:00,Wind,Winter,8798
2022-11-18 00:00:00,Wind,Fall,3150
2021-01-04 00:00:00,Wind,Winter,2038
2022-06-04 00:00:00,Solar,Summer,5744
2021-12-14 00:00:00,Solar,Winter,2182
2025-06-14 00:00:00,Wind,Summer,5142
2024-07-11 00:00:00,Solar,Summer,2417
2025-03-31 00:00:00,Solar,Spring,12362
2025-01-06 00:00:00,Wind,Winter,18722
2021-12-16 00:00:00,Wind,Winter,2732
2021-06-12 00:00:00,Wind,Summer,2432
2020-07-09 00:00:00,Wind,Summer,6646
2022-02-18 00:00:00,Wind,Winter,13238
2021-02-13 00:00:00,Wind,Winter,9991
2021-12-16 00:00:00,Wind,Winter,2497
2024-12-15 00:00:00,Wind,Winter,6048
2021-07-10 00:00:00,Solar,Summer,3276
2025-11-29 00:00:00,Wind,Fall,10196
2021-02-10 00:00:00,Wind,Winter,4420
2024-07-29 00:00:00,Solar,Summer,10129
2023-01-20 00:00:00,Wind,Winter,3401
2022-09-10 00:00:00,Solar,Fall,7701
2022-12-23 00:00:00,Wind,Winter,15011
2023-12-09 00:00:00,Wind,Winter,9880
2023-03-19 00:00:00,Wind,Spring,6813
2020-11-30 00:00:00,Wind,Fall,1329
2021-05-24 00:00:00,Wind,Spring,8666
2022-01-27 00:00:00,Wind,Winter,5055
2022-10-19 00:00:00,Wind,Fall,5532
2023-01-17 00:00:00,Wind,Winter,4973
2025-10-13 00:00:00,Wind,Fall,7387
2025-05-01 00:00:00,Solar,Spring,5191
2020-07-02 00:00:00,Wind,Summer,3656
2022-05-14 00:00:00,Solar,Spring,5901
2024-09-04 00:00:00,Wind,Fall,1022
2021-05-16 00:00:00,Wind,Spring,4872
2022-02-24 00:00:00,Wind,Winter,9070
2025-11-06 00:00:00,Wind,Fall,8939
2023-01-28 00:00:00,Wind,Winter,3752
2023-04-05 00:00:00,Wind,Spring,2623
2024-03-08 00:00:00,Wind,Spring,9798
2022-09-09 00:00:00,Wind,Fall,8652
2025-06-23 00:00:00,Wind,Summer,7643
2024-03-04 00:00:00,Wind,Spring,3900
2025-02-21 00:00:00,Wind,Winter,13537
2023-10-31 00:00:00,Wind,Fall,9320
2024-08-11 00:00:00,Wind,Summer,3520
2023-12-12 00:00:00,Wind,Winter,11858
2021-01-18 00:00:00,Wind,Winter,2493
2024-08-03 00:00:00,Wind,Summer,3502
2025-05-17 00:00:00,Solar,Spring,6696
2021-11-14 00:00:00,Wind,Fall,4424
2023-06-20 00:00:00,Wind,Summer,3307
2022-03-21 00:00:00,Wind,Spring,4387
2020-04-19 00:00:00,Wind,Spring,3115
2024-07-06 00:00:00,Wind,Summer,8305
2023-05-14 00:00:00,Wind,Spring,4043
2022-12-19 00:00:00,Wind,Winter,12288
2020-09-23 00:00:00,Wind,Fall,8545
2024-04-20 00:00:00,Wind,Spring,6904
2020-07-21 00:00:00,Wind,Summer,4406
2020-04-25 00:00:00,Wind,Spring,1779
2023-06-10 00:00:00,Wind,Summer,2713
2024-02-11 00:00:00,Wind,Winter,12006
2022-07-06 00:00:00,Solar,Summer,7683
2022-02-05 00:00:00,Wind,Winter,9947
2020-05-28 00:00:00,Wind,Spring,6736
2025-09-17 00:00:00,Wind,Fall,2575
2025-08-08 00:00:00,Solar,Summer,3228
2020-03-09 00:00:00,Wind,Spring,8872
2024-03-11 00:00:00,Wind,Spring,6066
2025-05-14 00:00:00,Solar,Spring,7679
2020-02-04 00:00:00,Wind,Winter,10533
2020-08-11 00:00:00,Solar,Summer,2040
2023-10-13 00:00:00,Wind,Fall,15965
2022-06-16 00:00:00,Solar,Summer,1895
2020-12-08 00:00:00,Wind,Winter,2188
2021-03-29 00:00:00,Solar,Spring,5986
2025-06-15 00:00:00,Solar,Summer,3778
2024-01-20 00:00:00,Solar,Winter,6835
2025-02-17 00:00:00,Wind,Winter,3993
2021-12-03 00:00:00,Wind,Winter,6171
2023-05-30 00:00:00,Wind,Spring,9640
2020-02-03 00:00:00,Wind,Winter,8538
2025-01-22 00:00:00,Wind,Winter,6417
2021-12-27 00:00:00,Wind,Winter,12569
2020-11-08 00:00:00,Wind,Fall,3996
2023-09-20 00:00:00,Wind,Fall,10365
2024-03-11 00:00:00,Wind,Spring,8030
2024-07-16 00:00:00,Wind,Summer,11662
2025-03-26 00:00:00,Wind,Spring,3745
2023-02-18 00:00:00,Wind,Winter,5595
2024-07-18 00:00:00,Solar,Summer,7212
2020-05-08 00:00:00,Wind,Spring,2082
2023-09-18 00:00:00,Wind,Fall,14252
2023-08-10 00:00:00,Solar,Summer,7330
2020-09-07 00:00:00,Wind,Fall,2004
2020-10-03 00:00:00,Wind,Fall,6727
2021-05-26 00:00:00,Wind,Spring,5529
2022-01-23 00:00:00,Wind,Winter,1749
2022-06-14 00:00:00,Solar,Summer,4214
2021-01-20 00:00:00,Wind,Winter,12999
2025-04-01 00:00:00,Wind,Spring,10967
2020-02-15 00:00:00,Wind,Winter,11448
2022-03-24 00:00:00,Solar,Spring,5742
2025-09-05 00:00:00,Wind,Fall,4105
2023-01-12 00:00:00,Wind,Winter,18306
2022-11-06 00:00:00,Wind,Fall,11005
2022-03-08 00:00:00,Wind,Spring,3785
2020-12-24 00:00:00,Wind,Winter,7846
2020-09-10 00:00:00,Solar,Fall,2992
2024-04-28 00:00:00,Wind,Spring,10254
2020-05-09 00:00:00,Wind,Spring,2676
2020-12-03 00:00:00,Wind,Winter,9711
2024-07-20 00:00:00,Wind,Summer,1818
2021-08-10 00:00:00,Wind,Summer,1225
2024-04-25 00:00:00,Solar,Spring,7534
2021-10-12 00:00:00,Wind,Fall,3353
2020-06-13 00:00:00,Wind,Summer,4955
2023-07-31 00:00:00,Wind,Summer,9176
2020-02-07 00:00:00,Wind,Winter,5046
2025-04-08 00:00:00,Wind,Spring,2900
2022-10-29 00:00:00,Wind,Fall,6799
2020-03-17 00:00:00,Solar,Spring,2613
2025-07-16 00:00:00,Wind,Summer,7811
2025-11-09 00:00:00,Wind,Fall,5570
2021-08-15 00:00:00,Wind,Summer,8013
2020-08-31 00:00:00,Wind,Summer,2550
2020-02-10 00:00:00,Wind,Winter,11091
2022-03-20 00:00:00,Wind,Spring,5262
2022-02-16 00:00:00,Wind,Winter,14791
2022-10-17 00:00:00,Wind,Fall,1822
2025-03-28 00:00:00,Wind,Spring,2114
2020-06-07 00:00:00,Wind,Summer,3654
2020-08-17 00:00:00,Wind,Summer,1922
2025-04-22 00:00:00,Solar,Spring,2305
2021-09-06 00:00:00,Wind,Fall,1319
2024-09-04 00:00:00,Wind,Fall,1181
2025-01-20 00:00:00,Wind,Winter,1179
2020-07-13 00:00:00,Solar,Summer,4705
2021-06-03 00:00:00,Solar,Summer,3805
2025-04-09 00:00:00,Wind,Spring,5564
2024-07-25 00:00:00,Solar,Summer,9796
2020-09-13 00:00:00,Wind,Fall,1634
2024-07-18 00:00:00,Wind,Summer,2282
2024-06-16 00:00:00,Wind,Summer,7228
2025-01-15 00:00:00,Wind,Winter,2998
2023-04-12 00:00:00,Wind,Spring,11551
2023-09-30 00:00:00,Solar,Fall,6238
2025-10-31 00:00:00,Wind,Fall,13978
2025-02-20 00:00:00,Wind,Winter,10442
2021-12-07 00:00:00,Wind,Winter,5875
2021-12-19 00:00:00,Wind,Winter,3858
2021-09-11 00:00:00,Wind,Fall,1304
2022-07-13 00:00:00,Wind,Summer,1284
2025-07-26 00:00:00,Wind,Summer,2898
2025-05-06 00:00:00,Wind,Spring,15086
2022-12-20 00:00:00,Wind,Winter,13290
2020-08-28 00:00:00,Wind,Summer,2992
2023-01-20 00:00:00,Wind,Winter,2459
2024-02-19 00:00:00,Wind,Winter,5970
2021-06-26 00:00:00,Solar,Summer,4853
2024-05-29 00:00:00,Wind,Spring,11061
2021-06-13 00:00:00,Wind,Summer,3335
2024-08-26 00:00:00,Wind,Summer,2474
2021-06-10 00:00:00,Wind,Summer,1433
2020-09-12 00:00:00,Wind,Fall,1498
2022-02-14 00:00:00,Wind,Winter,13708
2022-07-14 00:00:00,Solar,Summer,9365
2022-09-01 00:00:00,Wind,Fall,3710
2023-07-25 00:00:00,Wind,Summer,6136
2025-06-27 00:00:00,Solar,Summer,11359
2024-05-26 00:00:00,Wind,Spring,4941
2022-04-04 00:00:00,Wind,Spring,1493
2021-10-24 00:00:00,Wind,Fall,4122
2021-11-11 00:00:00,Wind,Fall,870
2020-12-15 00:00:00,Wind,Winter,4872
2022-01-08 00:00:00,Wind,Winter,15073
2020-07-23 00:00:00,Wind,Summer,1571
2020-07-18 00:00:00,Wind,Summer,1461
2021-12-12 00:00:00,Wind,Winter,2570
2022-04-05 00:00:00,Wind,Spring,6905
2023-07-17 00:00:00,Wind,Summer,2324
2020-04-20 00:00:00,Wind,Spring,5618
2021-01-18 00:00:00,Wind,Winter,2566
2021-08-24 00:00:00,Wind,Summer,11067
2021-01-28 00:00:00,Wind,Winter,13948
2020-02-27 00:00:00,Wind,Winter,7033
2025-05-04 00:00:00,Wind,Spring,7299
2020-09-01 00:00:00,Solar,Fall,2103
2024-11-11 00:00:00,Wind,Fall,3528
2021-10-24 00:00:00,Solar,Fall,6109
2022-11-11 00:00:00,Wind,Fall,3169
2020-01-08 00:00:00,Wind,Winter,5852
2021-01-13 00:00:00,Wind,Winter,3236
2021-08-10 00:00:00,Solar,Summer,5787
2025-04-02 00:00:00,Wind,Spring,15114
2021-03-01 00:00:00,Wind,Spring,3239
2022-11-30 00:00:00,Wind,Fall,2060
2020-01-14 00:00:00,Wind,Winter,12733
2020-10-12 00:00:00,Solar,Fall,3235
2024-03-29 00:00:00,Wind,Spring,5982
2025-10-12 00:00:00,Solar,Fall,11438
2020-12-21 00:00:00,Wind,Winter,6804
2024-09-16 00:00:00,Solar,Fall,10670
2023-04-07 00:00:00,Solar,Spring,7303
2024-07-21 00:00:00,Wind,Summer,8390
2024-10-31 00:00:00,Solar,Fall,4724
2020-02-21 00:00:00,Wind,Winter,8359
2021-09-01 00:00:00,Wind,Fall,6601
2024-03-10 00:00:00,Wind,Spring,1487
2020-08-12 00:00:00,Wind,Summer,3514
2023-08-26 00:00:00,Wind,Summer,3719
2022-03-02 00:00:00,Wind,Spring,3208
2022-01-03 00:00:00,Wind,Winter,9363
2025-02-13 00:00:00,Solar,Winter,4235
2024-04-10 00:00:00,Wind,Spring,3966
2021-03-22 00:00:00,Wind,Spring,2676
2025-01-10 00:00:00,Wind,Winter,5399
2023-10-06 00:00:00,Solar,Fall,6868
2024-04-29 00:00:00,Solar,Spring,7027
2024-07-13 00:00:00,Wind,Summer,896
2021-11-14 00:00:00,Wind,Fall,4245
2023-12-10 00:00:00,Wind,Winter,14883
2022-06-13 00:00:00,Wind,Summer,2895
2024-09-21 00:00:00,Wind,Fall,3743
2025-07-09 00:00:00,Wind,Summer,1777
2024-08-18 00:00:00,Solar,Summer,10781
2023-02-03 00:00:00,Wind,Winter,6517
2021-12-12 00:00:00,Wind,Winter,2137
2021-05-10 00:00:00,Wind,Spring,7851
2022-06-24 00:00:00,Wind,Summer,6156
2020-03-17 00:00:00,Wind,Spring,1308
2024-07-24 00:00:00,Solar,Summer,2606
2023-10-27 00:00:00,Wind,Fall,8707
2025-08-17 00:00:00,Solar,Summer,9267
2020-09-17 00:00:00,Wind,Fall,8119
2025-09-30 00:00:00,Wind,Fall,1392
2024-10-03 00:00:00,Wind,Fall,7039
2021-03-28 00:00:00,Wind,Spring,3564
2025-07-17 00:00:00,Wind,Summer,1610
2022-02-26 00:00:00,Solar,Winter,7670
2025-07-03 00:00:00,Solar,Summer,9564
2025-03-07 00:00:00,Wind,Spring,5888
2024-08-08 00:00:00,Wind,Summer,1215
2023-09-23 00:00:00,Wind,Fall,3488
2021-04-28 00:00:00,Solar,Spring,2519
2022-09-10 00:00:00,Solar,Fall,8766
2025-03-31 00:00:00,Wind,Spring,5433
2024-07-16 00:00:00,Wind,Summer,8021
2025-08-20 00:00:00,Wind,Summer,7286
2023-01-06 00:00:00,Wind,Winter,8675
2023-08-17 00:00:00,Wind,Summer,1803
2024-03-15 00:00:00,Wind,Spring,9919
2020-12-04 00:00:00,Wind,Winter,12195
2021-12-21 00:00:00,Wind,Winter,2850
2024-06-09 00:00:00,Wind,Summer,5084
2022-06-14 00:00:00,Solar,Summer,3413
2023-08-27 00:00:00,Wind,Summer,2812
2025-01-06 00:00:00,Wind,Winter,18898
2020-03-06 00:00:00,Wind,Spring,4508
2021-12-30 00:00:00,Wind,Winter,9277
2022-12-06 00:00:00,Wind,Winter,1632
2024-06-21 00:00:00,Wind,Summer,1325
2025-02-01 00:00:00,Wind,Winter,4191
2020-07-14 00:00:00,Wind,Summer,4409
2020-07-01 00:00:00,Wind,Summer,5201
2023-03-21 00:00:00,Wind,Spring,8110
2025-04-14 00:00:00,Solar,Spring,2139
2022-02-27 00:00:00,Wind,Winter,10044
2020-11-05 00:00:00,Wind,Fall,6887
2020-03-10 00:00:00,Wind,Spring,12041
2025-06-01 00:00:00,Solar,Summer,3175
2025-01-26 00:00:00,Wind,Winter,9972
2020-04-30 00:00:00,Wind,Spring,11987
2024-12-14 00:00:00,Wind,Winter,1157
2025-04-15 00:00:00,Wind,Spring,7968
2020-10-30 00:00:00,Wind,Fall,7489
2021-02-08 00:00:00,Wind,Winter,1406
2022-03-09 00:00:00,Wind,Spring,3581
2022-02-22 00:00:00,Wind,Winter,14388
2024-01-16 00:00:00,Wind,Winter,3128
2023-11-30 00:00:00,Wind,Fall,2419
2022-01-21 00:00:00,Wind,Winter,6986
2022-10-13 00:00:00,Wind,Fall,1361
2022-06-17 00:00:00,Wind,Summer,1592
2024-11-17 00:00:00,Wind,Fall,3941
2020-07-18 00:00:00,Wind,Summer,1339
2024-09-25 00:00:00,Wind,Fall,5967
2022-03-29 00:00:00,Wind,Spring,2891
2020-06-17 00:00:00,Wind,Summer,2095
2024-06-29 00:00:00,Wind,Summer,6554
2020-10-30 00:00:00,Wind,Fall,7419
2021-02-19 00:00:00,Wind,Winter,7404
2024-01-01 00:00:00,Wind,Winter,8838
2022-12-27 00:00:00,Wind,Winter,4019
2021-11-01 00:00:00,Wind,Fall,10079
2020-08-28 00:00:00,Wind,Summer,3247
2020-08-27 00:00:00,Wind,Summer,6475
2022-10-05 00:00:00,Wind,Fall,7845
2020-02-06 00:00:00,Wind,Winter,2972
2024-02-09 00:00:00,Wind,Winter,13564
2024-05-17 00:00:00,Wind,Spring,679
2021-04-08 00:00:00,Solar,Spring,3570
2025-11-04 00:00:00,Wind,Fall,8203
2022-11-18 00:00:00,Wind,Fall,7697
2020-03-24 00:00:00,Wind,Spring,5924
2020-02-24 00:00:00,Wind,Winter,3562
2020-09-09 00:00:00,Wind,Fall,935
2025-08-03 00:00:00,Solar,Summer,6177
2023-01-24 00:00:00,Wind,Winter,2989
2020-10-31 00:00:00,Wind,Fall,2492
2024-08-14 00:00:00,Solar,Summer,6071
2024-04-27 00:00:00,Wind,Spring,11873
2024-04-26 00:00:00,Wind,Spring,4435
2020-05-11 00:00:00,Wind,Spring,9243
2022-07-02 00:00:00,Wind,Summer,1275
2023-11-02 00:00:00,Wind,Fall,15875
2021-08-15 00:00:00,Wind,Summer,8032
2020-07-10 00:00:00,Wind,Summer,5447
2020-02-18 00:00:00,Wind,Winter,8247
2025-01-17 00:00:00,Wind,Winter,2010
2025-09-29 00:00:00,Solar,Fall,9018
2025-02-10 00:00:00,Wind,Winter,3590
2024-11-02 00:00:00,Wind,Fall,1203
2023-01-07 00:00:00,Wind,Winter,14522
2022-12-30 00:00:00,Wind,Winter,13456
2020-02-29 00:00:00,Wind,Winter,11760
2021-03-17 00:00:00,Wind,Spring,5952
2025-04-15 00:00:00,Wind,Spring,9714
2023-06-20 00:00:00,Wind,Summer,1917
2021-02-20 00:00:00,Wind,Winter,12274
2022-05-25 00:00:00,Wind,Spring,8041
2021-12-27 00:00:00,Wind,Winter,7212
2024-10-20 00:00:00,Wind,Fall,3018
2025-05-14 00:00:00,Wind,Spring,6080
2022-02-20 00:00:00,Wind,Winter,17314
2021-04-18 00:00:00,Wind,Spring,4779
2024-01-30 00:00:00,Wind,Winter,8113
2021-02-07 00:00:00,Wind,Winter,5123
2025-10-31 00:00:00,Wind,Fall,9628
2025-07-03 00:00:00,Wind,Summer,4571
2022-05-26 00:00:00,Wind,Spring,4299
2024-04-09 00:00:00,Wind,Spring,9097
2020-08-13 00:00:00,Wind,Summer,4931
2024-10-31 00:00:00,Wind,Fall,1060
2025-04-25 00:00:00,Solar,Spring,10245
2024-12-11 00:00:00,Wind,Winter,7435
2022-05-20 00:00:00,Wind,Spring,3605
2020-05-31 00:00:00,Wind,Spring,8533
2024-12-21 00:00:00,Wind,Winter,7750
2022-11-01 00:00:00,Wind,Fall,11756
2022-06-12 00:00:00,Wind,Summer,3211
2022-01-03 00:00:00,Wind,Winter,7791
2025-08-13 00:00:00,Wind,Summer,3943
2021-07-06 00:00:00,Wind,Summer,9578
2025-10-12 00:00:00,Solar,Fall,12629
2024-06-07 00:00:00,Wind,Summer,1472
2022-12-09 00:00:00,Wind,Winter,3667
2021-03-15 00:00:00,Wind,Spring,5856
2023-02-08 00:00:00,Solar,Winter,6888
2022-07-09 00:00:00,Solar,Summer,5963
2025-03-02 00:00:00,Solar,Spring,9877
2023-07-16 00:00:00,Wind,Summer,5414
2022-01-06 00:00:00,Wind,Winter,2549
2022-08-29 00:00:00,Wind,Summer,4856
2025-04-21 00:00:00,Wind,Spring,4052
2025-08-14 00:00:00,Wind,Summer,2821
2023-11-02 00:00:00,Wind,Fall,15676
2024-05-02 00:00:00,Wind,Spring,9667
2023-08-03 00:00:00,Wind,Summer,12494
2020-03-05 00:00:00,Wind,Spring,5038
2024-01-06 00:00:00,Wind,Winter,8024
2022-05-19 00:00:00,Wind,Spring,3839
2024-01-28 00:00:00,Wind,Winter,9911
2021-01-23 00:00:00,Wind,Winter,6788
2024-01-05 00:00:00,Wind,Winter,11144
2020-03-29 00:00:00,Wind,Spring,13938
2020-11-13 00:00:00,Wind,Fall,5605
2025-08-30 00:00:00,Wind,Summer,4869
2022-08-17 00:00:00,Wind,Summer,2033
2022-05-31 00:00:00,Solar,Spring,1676
2022-10-18 00:00:00,Wind,Fall,3002
2020-12-03 00:00:00,Wind,Winter,5211
2022-01-11 00:00:00,Solar,Winter,5143
2022-02-24 00:00:00,Wind,Winter,4329
2021-09-02 00:00:00,Wind,Fall,5745
2020-09-10 00:00:00,Wind,Fall,1794
2022-05-02 00:00:00,Solar,Spring,6127
2025-03-08 00:00:00,Wind,Spring,10697
2024-10-16 00:00:00,Wind,Fall,11010
2025-07-17 00:00:00,Wind,Summer,1801
2023-12-01 00:00:00,Wind,Winter,3234
2023-11-12 00:00:00,Wind,Fall,9888
2023-09-03 00:00:00,Wind,Fall,6935
2022-01-17 00:00:00,Solar,Winter,2716
2023-04-26 00:00:00,Wind,Spring,2693
2021-04-01 00:00:00,Wind,Spring,6463
2023-05-28 00:00:00,Solar,Spring,5108
2022-03-27 00:00:00,Solar,Spring,6871
2025-04-13 00:00:00,Wind,Spring,9132
2021-10-18 00:00:00,Wind,Fall,4845
2022-09-09 00:00:00,Wind,Fall,5803
2025-11-14 00:00:00,Wind,Fall,12793
2020-02-27 00:00:00,Wind,Winter,5876
2020-07-07 00:00:00,Solar,Summer,5278
2023-12-18 00:00:00,Wind,Winter,3980
2023-09-28 00:00:00,Wind,Fall,4548
2024-06-28 00:00:00,Wind,Summer,2990
2020-10-20 00:00:00,Wind,Fall,9659
2021-04-27 00:00:00,Wind,Spring,4738
2024-04-06 00:00:00,Wind,Spring,8363
2021-04-28 00:00:00,Wind,Spring,4670
2025-10-02 00:00:00,Solar,Fall,4982
2020-09-14 00:00:00,Solar,Fall,5167
2023-06-24 00:00:00,Wind,Summer,2771
2020-10-21 00:00:00,Wind,Fall,15183
2025-08-01 00:00:00,Wind,Summer,11333
2022-02-23 00:00:00,Wind,Winter,3212
2021-07-24 00:00:00,Solar,Summer,5662
2023-12-10 00:00:00,Wind,Winter,14688
2020-04-19 00:00:00,Wind,Spring,2422
2021-04-24 00:00:00,Wind,Spring,7172
2020-04-21 00:00:00,Wind,Spring,5012
2023-10-12 00:00:00,Wind,Fall,8100
2025-11-16 00:00:00,Wind,Fall,2155
2022-01-07 00:00:00,Wind,Winter,12803
2023-11-16 00:00:00,Wind,Fall,4723
2020-06-18 00:00:00,Wind,Summer,1643
2024-08-03 00:00:00,Wind,Summer,2972
2024-06-24 00:00:00,Solar,Summer,4072
2023-05-18 00:00:00,Wind,Spring,9570
2020-04-24 00:00:00,Solar,Spring,3015
2024-09-19 00:00:00,Wind,Fall,8303
2021-12-18 00:00:00,Wind,Winter,6095
2024-08-09 00:00:00,Wind,Summer,6545
2025-01-31 00:00:00,Wind,Winter,9041
2021-03-28 00:00:00,Solar,Spring,6562
2024-06-08 00:00:00,Wind,Summer,3640
2024-10-16 00:00:00,Wind,Fall,10396
2020-03-03 00:00:00,Wind,Spring,2627
2024-11-21 00:00:00,Wind,Fall,6234
2020-12-06 00:00:00,Wind,Winter,2388
2022-04-21 00:00:00,Solar,Spring,7316
2023-09-01 00:00:00,Solar,Fall,9763
2023-01-29 00:00:00,Solar,Winter,4709
2022-04-27 00:00:00,Solar,Spring,9899
2023-12-06 00:00:00,Solar,Winter,4011
2023-02-11 00:00:00,Wind,Winter,1810
2021-05-23 00:00:00,Wind,Spring,7087
2023-01-13 00:00:00,Wind,Winter,17620
2020-10-21 00:00:00,Wind,Fall,12602
2021-11-11 00:00:00,Solar,Fall,2291
2023-02-28 00:00:00,Wind,Winter,6877
2023-03-10 00:00:00,Wind,Spring,20267
2021-11-15 00:00:00,Wind,Fall,3350
2022-08-27 00:00:00,Solar,Summer,7247
2025-09-26 00:00:00,Wind,Fall,408
2025-10-18 00:00:00,Solar,Fall,10166
2022-09-04 00:00:00,Wind,Fall,2242
2020-05-14 00:00:00,Wind,Spring,8480
2021-11-20 00:00:00,Wind,Fall,256
2022-03-19 00:00:00,Wind,Spring,11653
2023-07-27 00:00:00,Wind,Summer,7081
2022-09-29 00:00:00,Solar,Fall,3391
2020-10-30 00:00:00,Wind,Fall,2316
2020-01-18 00:00:00,Wind,Winter,1821
2023-11-18 00:00:00,Wind,Fall,10478
2025-04-28 00:00:00,Wind,Spring,4874
2022-08-25 00:00:00,Wind,Summer,2568
2020-01-29 00:00:00,Wind,Winter,8131
2024-02-28 00:00:00,Wind,Winter,2938
2021-08-14 00:00:00,Wind,Summer,1499
2025-02-01 00:00:00,Wind,Winter,3300
2025-01-08 00:00:00,Wind,Winter,15551
2020-07-19 00:00:00,Wind,Summer,717
2024-04-15 00:00:00,Wind,Spring,2526
2020-10-07 00:00:00,Wind,Fall,8655
2021-05-13 00:00:00,Wind,Spring,6445
2024-08-21 00:00:00,Wind,Summer,3751
2023-01-09 00:00:00,Wind,Winter,16471
2021-07-12 00:00:00,Solar,Summer,4206
2021-07-17 00:00:00,Wind,Summer,2660
2021-02-08 00:00:00,Wind,Winter,2189
2024-12-21 00:00:00,Wind,Winter,17785
2023-08-11 00:00:00,Solar,Summer,4743
2025-10-26 00:00:00,Wind,Fall,9938
2020-10-17 00:00:00,Wind,Fall,554
2025-11-11 00:00:00,Wind,Fall,7784
2021-04-25 00:00:00,Wind,Spring,8220
2022-08-13 00:00:00,Wind,Summer,3130
2023-10-23 00:00:00,Wind,Fall,5937
2021-06-08 00:00:00,Wind,Summer,1392
2021-02-07 00:00:00,Wind,Winter,6165
2025-05-12 00:00:00,Solar,Spring,4127
2024-01-20 00:00:00,Wind,Winter,3446
2022-04-05 00:00:00,Wind,Spring,10520
2023-06-09 00:00:00,Solar,Summer,7100
2025-04-05 00:00:00,Wind,Spring,9012
2025-11-22 00:00:00,Wind,Fall,12287
2025-07-22 00:00:00,Wind,Summer,11630
2022-11-05 00:00:00,Wind,Fall,3089
2021-09-17 00:00:00,Wind,Fall,696
2020-10-13 00:00:00,Wind,Fall,6661
2025-04-08 00:00:00,Wind,Spring,4246
2025-03-08 00:00:00,Wind,Spring,12302
2025-10-14 00:00:00,Wind,Fall,6169
2022-12-07 00:00:00,Wind,Winter,2533
2020-05-29 00:00:00,Wind,Spring,4079
2021-10-04 00:00:00,Wind,Fall,6850
2024-12-15 00:00:00,Wind,Winter,9368
2025-04-26 00:00:00,Wind,Spring,5053
2020-08-19 00:00:00,Wind,Summer,4393
2022-01-17 00:00:00,Wind,Winter,1708
2021-07-02 00:00:00,Wind,Summer,434
2024-04-09 00:00:00,Wind,Spring,12447
2022-11-10 00:00:00,Wind,Fall,3646
2023-02-12 00:00:00,Wind,Winter,3488
2022-07-13 00:00:00,Solar,Summer,4749
2025-04-24 00:00:00,Solar,Spring,9198
2021-12-20 00:00:00,Wind,Winter,3168
2024-05-29 00:00:00,Wind,Spring,6284
2024-02-03 00:00:00,Wind,Winter,5376
2021-09-01 00:00:00,Wind,Fall,7759
2023-08-19 00:00:00,Wind,Summer,1054
2022-09-22 00:00:00,Wind,Fall,2751
2020-01-18 00:00:00,Solar,Winter,2528
2021-04-08 00:00:00,Wind,Spring,851
2023-10-05 00:00:00,Solar,Fall,3037
2022-08-31 00:00:00,Wind,Summer,2669
2022-03-12 00:00:00,Wind,Spring,8732
2022-07-20 00:00:00,Wind,Summer,1815
2023-04-29 00:00:00,Wind,Spring,2892
2022-07-30 00:00:00,Wind,Summer,1439
2021-05-13 00:00:00,Wind,Spring,2605
2021-10-16 00:00:00,Wind,Fall,1291
2020-10-15 00:00:00,Wind,Fall,3910
2023-06-06 00:00:00,Solar,Summer,8646
2025-08-08 00:00:00,Wind,Summer,1437
2025-07-26 00:00:00,Solar,Summer,7998
2022-02-20 00:00:00,Wind,Winter,11206
2025-11-28 00:00:00,Wind,Fall,8628
2021-06-28 00:00:00,Solar,Summer,3922
2021-09-19 00:00:00,Wind,Fall,3519
2023-09-28 00:00:00,Wind,Fall,2552
2024-05-13 00:00:00,Solar,Spring,6831
2021-05-18 00:00:00,Wind,Spring,5406
2024-08-01 00:00:00,Solar,Summer,8661
2024-09-12 00:00:00,Wind,Fall,4472
2022-02-05 00:00:00,Wind,Winter,5210
2021-08-15 00:00:00,Wind,Summer,1301
2025-07-31 00:00:00,Wind,Summer,2301
2021-01-27 00:00:00,Wind,Winter,4041
2022-11-09 00:00:00,Wind,Fall,8537
2020-12-22 00:00:00,Wind,Winter,12189
2023-12-08 00:00:00,Wind,Winter,7878
2021-11-10 00:00:00,Solar,Fall,1760
2021-05-11 00:00:00,Wind,Spring,4076
2022-02-15 00:00:00,Wind,Winter,13683
2020-04-08 00:00:00,Wind,Spring,2012
2021-04-10 00:00:00,Wind,Spring,4391
2021-06-07 00:00:00,Wind,Summer,1350
2021-05-13 00:00:00,Wind,Spring,4479
2021-03-08 00:00:00,Wind,Spring,2882
2020-11-06 00:00:00,Wind,Fall,6743
2025-03-16 00:00:00,Wind,Spring,10187
2020-09-26 00:00:00,Wind,Fall,12730
2025-11-23 00:00:00,Wind,Fall,15669
2023-03-24 00:00:00,Wind,Spring,15698
2022-01-22 00:00:00,Solar,Winter,5027
2022-02-08 00:00:00,Wind,Winter,2415
2024-04-27 00:00:00,Wind,Spring,4743
2024-01-24 00:00:00,Wind,Winter,16218
2022-09-20 00:00:00,Wind,Fall,2499
2024-07-19 00:00:00,Solar,Summer,7392
2025-11-13 00:00:00,Wind,Fall,10392
2022-02-13 00:00:00,Wind,Winter,16782
2022-01-22 00:00:00,Wind,Winter,3190
2024-12-19 00:00:00,Wind,Winter,17216
2020-01-18 00:00:00,Wind,Winter,3050
2025-02-06 00:00:00,Wind,Winter,13224
2021-03-08 00:00:00,Solar,Spring,4523
2020-01-20 00:00:00,Wind,Winter,4934
2020-08-29 00:00:00,Wind,Summer,3457
2024-09-17 00:00:00,Wind,Fall,17409
2023-05-15 00:00:00,Wind,Spring,9747
2023-04-26 00:00:00,Solar,Spring,4918
2022-08-07 00:00:00,Wind,Summer,7089
2021-11-18 00:00:00,Wind,Fall,1529
2022-07-28 00:00:00,Solar,Summer,5339
2024-09-29 00:00:00,Wind,Fall,3181
2025-07-27 00:00:00,Wind,Summer,3635
2022-12-07 00:00:00,Wind,Winter,1713
2022-06-04 00:00:00,Wind,Summer,3214
2022-04-11 00:00:00,Wind,Spring,7879
2025-07-18 00:00:00,Solar,Summer,6389
2025-10-28 00:00:00,Wind,Fall,11636
2024-01-15 00:00:00,Wind,Winter,6809
2021-03-07 00:00:00,Solar,Spring,3169
2024-01-10 00:00:00,Wind,Winter,3793
2024-05-08 00:00:00,Wind,Spring,6559
2024-09-28 00:00:00,Wind,Fall,6407
2021-05-25 00:00:00,Wind,Spring,9546
2021-08-02 00:00:00,Wind,Summer,1153
2025-06-13 00:00:00,Wind,Summer,2021
2022-06-10 00:00:00,Solar,Summer,8508
2025-01-10 00:00:00,Wind,Winter,4286
2023-07-20 00:00:00,Solar,Summer,6951
2020-02-28 00:00:00,Wind,Winter,11014
2024-06-18 00:00:00,Solar,Summer,7785
2024-01-31 00:00:00,Wind,Winter,6085
2023-01-27 00:00:00,Wind,Winter,6094
2020-08-15 00:00:00,Solar,Summer,3086
2022-10-04 00:00:00,Wind,Fall,988
2024-01-29 00:00:00,Wind,Winter,8472
2022-04-12 00:00:00,Wind,Spring,7935
2022-01-11 00:00:00,Wind,Winter,2090
2025-05-11 00:00:00,Wind,Spring,4808
2023-10-14 00:00:00,Wind,Fall,10187
2021-10-01 00:00:00,Wind,Fall,3707
2024-10-04 00:00:00,Wind,Fall,2835
2024-12-31 00:00:00,Wind,Winter,7306
2020-03-23 00:00:00,Wind,Spring,7482
2022-02-25 00:00:00,Wind,Winter,7548
2022-02-11 00:00:00,Solar,Winter,3615
2025-07-01 00:00:00,Solar,Summer,9839
2021-09-10 00:00:00,Wind,Fall,2131
2024-11-20 00:00:00,Wind,Fall,6181
2021-09-13 00:00:00,Wind,Fall,2426
2025-02-14 00:00:00,Solar,Winter,9119
2023-09-30 00:00:00,Wind,Fall,547
2020-07-03 00:00:00,Wind,Summer,6832
2022-12-16 00:00:00,Wind,Winter,5658
2025-06-29 00:00:00,Solar,Summer,4495
2025-03-21 00:00:00,Wind,Spring,10695
2023-09-22 00:00:00,Wind,Fall,13602
2024-01-26 00:00:00,Wind,Winter,2003
2023-05-29 00:00:00,Wind,Spring,10422
2024-01-18 00:00:00,Wind,Winter,4652
2023-08-17 00:00:00,Wind,Summer,2474
2021-02-18 00:00:00,Wind,Winter,11280
2025-11-28 00:00:00,Wind,Fall,7122
2025-06-05 00:00:00,Wind,Summer,9135
2025-07-05 00:00:00,Wind,Summer,7083
2023-08-30 00:00:00,Wind,Summer,4070
2020-01-24 00:00:00,Solar,Winter,1733
2021-01-30 00:00:00,Wind,Winter,8960
2021-01-26 00:00:00,Wind,Winter,5086
2020-07-22 00:00:00,Wind,Summer,2730
2025-09-10 00:00:00,Solar,Fall,8381
2021-05-20 00:00:00,Solar,Spring,7459
2020-08-30 00:00:00,Wind,Summer,6972
2021-04-30 00:00:00,Wind,Spring,1497
2024-07-20 00:00:00,Wind,Summer,1366
2024-06-25 00:00:00,Wind,Summer,4860
2020-06-16 00:00:00,Wind,Summer,1572
2025-03-20 00:00:00,Wind,Spring,7815
2021-10-08 00:00:00,Wind,Fall,3732
2023-03-11 00:00:00,Wind,Spring,4561
2022-01-09 00:00:00,Wind,Winter,11382
2023-12-15 00:00:00,Solar,Winter,2984
2023-12-02 00:00:00,Wind,Winter,2993
2020-04-12 00:00:00,Solar,Spring,4478
2021-01-16 00:00:00,Wind,Winter,2609
2020-11-07 00:00:00,Wind,Fall,6495
2025-01-16 00:00:00,Wind,Winter,5370
2023-12-11 00:00:00,Wind,Winter,13313
2025-03-26 00:00:00,Wind,Spring,2924
2025-03-09 00:00:00,Wind,Spring,6097
2021-01-31 00:00:00,Wind,Winter,3917
2023-01-18 00:00:00,Wind,Winter,5795
2022-08-11 00:00:00,Wind,Summer,5915
2020-10-17 00:00:00,Wind,Fall,823
2023-11-06 00:00:00,Wind,Fall,11710
2020-01-31 00:00:00,Wind,Winter,7383
2022-11-22 00:00:00,Wind,Fall,12118
2020-01-14 00:00:00,Wind,Winter,12686
2024-06-05 00:00:00,Wind,Summer,1825
2020-05-24 00:00:00,Solar,Spring,4591
2025-10-17 00:00:00,Wind,Fall,5063
2023-12-01 00:00:00,Wind,Winter,5670
2023-11-30 00:00:00,Wind,Fall,2294
2023-05-28 00:00:00,Wind,Spring,8135
2025-08-06 00:00:00,Solar,Summer,4823
2022-09-03 00:00:00,Wind,Fall,1584
2024-05-12 00:00:00,Wind,Spring,2710
2022-08-25 00:00:00,Wind,Summer,2157
2024-07-09 00:00:00,Wind,Summer,5041
2023-10-28 00:00:00,Wind,Fall,17291
2021-12-26 00:00:00,Wind,Winter,3943
2023-04-26 00:00:00,Wind,Spring,1227
2020-08-12 00:00:00,Wind,Summer,2887
2024-06-08 00:00:00,Wind,Summer,2653
2020-10-30 00:00:00,Wind,Fall,7672
2024-04-10 00:00:00,Solar,Spring,9317
2020-01-22 00:00:00,Wind,Winter,3220
2025-06-26 00:00:00,Wind,Summer,9162
2023-09-25 00:00:00,Wind,Fall,2754
2021-10-02 00:00:00,Wind,Fall,4880
2021-05-21 00:00:00,Wind,Spring,11117
2021-05-21 00:00:00,Wind,Spring,9502
2020-06-07 00:00:00,Wind,Summer,1627
2023-09-06 00:00:00,Solar,Fall,2948
2023-04-27 00:00:00,Wind,Spring,1219
2020-03-14 00:00:00,Wind,Spring,7209
2024-02-27 00:00:00,Wind,Winter,6228
2020-09-19 00:00:00,Solar,Fall,4468
2022-04-01 00:00:00,Wind,Spring,15285
2023-03-16 00:00:00,Wind,Spring,6637
2025-09-22 00:00:00,Wind,Fall,8440
2020-11-24 00:00:00,Wind,Fall,6160
2020-11-10 00:00:00,Wind,Fall,672
2023-12-05 00:00:00,Wind,Winter,4052
2023-04-21 00:00:00,Wind,Spring,3321
2021-02-26 00:00:00,Wind,Winter,5705
2025-01-16 00:00:00,Wind,Winter,7756
2022-11-29 00:00:00,Wind,Fall,1649
2024-12-01 00:00:00,Wind,Winter,10231
2022-05-01 00:00:00,Wind,Spring,3175
2021-05-13 00:00:00,Wind,Spring,5102
2023-07-31 00:00:00,Wind,Summer,18635
2024-10-25 00:00:00,Solar,Fall,5922
2022-09-25 00:00:00,Solar,Fall,6087
2025-03-25 00:00:00,Solar,Spring,7289
2021-01-05 00:00:00,Wind,Winter,1973
2021-09-25 00:00:00,Wind,Fall,1010
2023-06-27 00:00:00,Solar,Summer,3093
2021-09-12 00:00:00,Wind,Fall,797
2024-09-13 00:00:00,Wind,Fall,4812
2023-07-14 00:00:00,Wind,Summer,547
2024-12-22 00:00:00,Wind,Winter,18787
2024-12-22 00:00:00,Wind,Winter,16227
2020-10-18 00:00:00,Solar,Fall,3259
2021-05-04 00:00:00,Wind,Spring,13750
2021-07-24 00:00:00,Wind,Summer,4791
2021-03-18 00:00:00,Wind,Spring,5839
2025-07-08 00:00:00,Wind,Summer,6696
2025-04-30 00:00:00,Solar,Spring,9156
2021-07-27 00:00:00,Wind,Summer,3168
2020-06-11 00:00:00,Wind,Summer,5028
2024-07-18 00:00:00,Solar,Summer,8281
2025-01-01 00:00:00,Wind,Winter,14963
2023-05-16 00:00:00,Wind,Spring,7536
2025-11-16 00:00:00,Wind,Fall,5090
2023-05-02 00:00:00,Wind,Spring,3235
2022-10-29 00:00:00,Wind,Fall,8339
2021-05-12 00:00:00,Solar,Spring,2820
2023-12-08 00:00:00,Wind,Winter,4446
2022-01-02 00:00:00,Wind,Winter,5445
2025-01-06 00:00:00,Wind,Winter,17822
2022-05-22 00:00:00,Wind,Spring,2793
2022-06-15 00:00:00,Wind,Summer,4126
2023-04-06 00:00:00,Wind,Spring,11427
2024-09-15 00:00:00,Wind,Fall,3840
2023-04-08 00:00:00,Wind,Spring,3512
2021-03-26 00:00:00,Wind,Spring,2924
2020-01-04 00:00:00,Wind,Winter,3266
2025-08-25 00:00:00,Wind,Summer,2945
2020-05-18 00:00:00,Solar,Spring,4062
2024-11-18 00:00:00,Wind,Fall,8644
2025-03-15 00:00:00,Wind,Spring,10081
2023-07-10 00:00:00,Wind,Summer,749
2024-09-07 00:00:00,Wind,Fall,3605
2022-07-02 00:00:00,Solar,Summer,6897
2020-03-14 00:00:00,Wind,Spring,3134
2020-04-23 00:00:00,Solar,Spring,824
2025-01-29 00:00:00,Wind,Winter,13112
2024-01-26 00:00:00,Wind,Winter,12588
2025-08-12 00:00:00,Wind,Summer,1049
2020-03-20 00:00:00,Wind,Spring,7648
2022-12-11 00:00:00,Wind,Winter,2254
2021-10-13 00:00:00,Solar,Fall,4854
2024-11-05 00:00:00,Wind,Fall,1674
2024-09-18 00:00:00,Wind,Fall,14521
2020-01-10 00:00:00,Wind,Winter,1558
2023-06-16 00:00:00,Wind,Summer,2330
2023-06-15 00:00:00,Solar,Summer,7754
2022-08-08 00:00:00,Wind,Summer,6072
2022-07-30 00:00:00,Wind,Summer,902
2020-10-08 00:00:00,Wind,Fall,7127
2020-09-30 00:00:00,Wind,Fall,2517
2022-11-09 00:00:00,Wind,Fall,9942
2020-05-23 00:00:00,Wind,Spring,4797
2023-04-19 00:00:00,Wind,Spring,7997
2020-09-21 00:00:00,Wind,Fall,888
2023-04-20 00:00:00,Wind,Spring,7921
2021-07-07 00:00:00,Wind,Summer,3466
2023-01-08 00:00:00,Wind,Winter,11145
2025-03-03 00:00:00,Wind,Spring,2963
2024-06-29 00:00:00,Wind,Summer,4092
2021-03-10 00:00:00,Wind,Spring,2969
2020-12-02 00:00:00,Wind,Winter,3015
2022-12-16 00:00:00,Wind,Winter,6354
2021-01-15 00:00:00,Wind,Winter,2717
2022-12-02 00:00:00,Wind,Winter,2745
2024-12-16 00:00:00,Wind,Winter,3164
2020-10-14 00:00:00,Wind,Fall,2018
2021-08-29 00:00:00,Wind,Summer,7543
2024-11-22 00:00:00,Wind,Fall,16386
2023-03-23 00:00:00,Wind,Spring,12237
2023-05-13 00:00:00,Wind,Spring,5812
2022-02-25 00:00:00,Wind,Winter,3550
2020-10-17 00:00:00,Wind,Fall,625
2024-02-04 00:00:00,Wind,Winter,10856
2025-05-14 00:00:00,Solar,Spring,4558
2022-10-04 00:00:00,Solar,Fall,5982
2020-10-18 00:00:00,Solar,Fall,3881
2020-05-31 00:00:00,Wind,Spring,5688
2021-04-19 00:00:00,Solar,Spring,4504
2021-08-11 00:00:00,Wind,Summer,647
2023-02-17 00:00:00,Wind,Winter,7540
2023-10-06 00:00:00,Solar,Fall,3802
2021-04-06 00:00:00,Wind,Spring,5819
2023-05-02 00:00:00,Solar,Spring,3648
2025-09-08 00:00:00,Wind,Fall,2384
2020-04-04 00:00:00,Wind,Spring,2989
2023-03-13 00:00:00,Wind,Spring,18710
2020-06-08 00:00:00,Wind,Summer,3865
2025-04-16 00:00:00,Wind,Spring,5633
2025-03-19 00:00:00,Wind,Spring,11296
2022-12-29 00:00:00,Wind,Winter,13942
2024-03-16 00:00:00,Solar,Spring,7993
2023-01-29 00:00:00,Solar,Winter,2890
2021-06-30 00:00:00,Wind,Summer,2095
2024-08-06 00:00:00,Wind,Summer,1463
2020-03-08 00:00:00,Wind,Spring,9809
2024-08-31 00:00:00,Solar,Summer,8353
2023-04-20 00:00:00,Wind,Spring,7599
2020-10-29 00:00:00,Wind,Fall,6611
2025-01-21 00:00:00,Wind,Winter,6958
2023-02-17 00:00:00,Wind,Winter,7175
2024-10-21 00:00:00,Wind,Fall,3853
2020-08-24 00:00:00,Wind,Summer,1813
2024-05-25 00:00:00,Solar,Spring,7169
2020-09-22 00:00:00,Wind,Fall,1549
2023-02-05 00:00:00,Wind,Winter,13787
2024-02-17 00:00:00,Wind,Winter,2438
2025-01-20 00:00:00,Wind,Winter,2887
2021-06-12 00:00:00,Wind,Summer,2973
2025-09-09 00:00:00,Wind,Fall,2454
2025-03-25 00:00:00,Wind,Spring,3267
2021-04-17 00:00:00,Wind,Spring,7013
2023-08-22 00:00:00,Wind,Summer,2173
2023-05-18 00:00:00,Wind,Spring,6054
2024-04-11 00:00:00,Wind,Spring,1174
2023-10-09 00:00:00,Wind,Fall,1159
2020-01-10 00:00:00,Wind,Winter,7579
2022-10-18 00:00:00,Solar,Fall,5088
2022-01-04 00:00:00,Wind,Winter,5941
2021-04-22 00:00:00,Solar,Spring,8368
2021-08-04 00:00:00,Solar,Summer,3531
2024-06-16 00:00:00,Wind,Summer,8152
2020-02-25 00:00:00,Wind,Winter,12118
2024-06-14 00:00:00,Wind,Summer,7031
2020-07-21 00:00:00,Solar,Summer,5891
2025-03-13 00:00:00,Wind,Spring,3662
2021-03-11 00:00:00,Wind,Spring,15750
2022-10-10 00:00:00,Solar,Fall,5312
2022-10-20 00:00:00,Wind,Fall,5478
2024-08-05 00:00:00,Solar,Summer,8358
2021-07-12 00:00:00,Wind,Summer,2435
2024-01-12 00:00:00,Wind,Winter,6694
2023-03-18 00:00:00,Wind,Spring,7054
2020-05-13 00:00:00,Wind,Spring,7957
2023-09-30 00:00:00,Solar,Fall,5200
2025-02-05 00:00:00,Wind,Winter,2583
2023-09-19 00:00:00,Wind,Fall,10341
2024-02-02 00:00:00,Wind,Winter,2260
2021-11-17 00:00:00,Wind,Fall,1957
2023-10-01 00:00:00,Solar,Fall,4581
2021-06-24 00:00:00,Solar,Summer,3658
2022-07-27 00:00:00,Solar,Summer,6815
2024-04-12 00:00:00,Wind,Spring,939
2020-08-22 00:00:00,Wind,Summer,11094
2022-11-12 00:00:00,Wind,Fall,3769
2022-07-21 00:00:00,Wind,Summer,1574
2023-09-08 00:00:00,Wind,Fall,1554
2024-05-31 00:00:00,Wind,Spring,10050
2020-01-19 00:00:00,Wind,Winter,4998
2021-06-25 00:00:00,Wind,Summer,1787
2020-02-07 00:00:00,Wind,Winter,5494
2021-03-15 00:00:00,Wind,Spring,7372
2025-05-13 00:00:00,Solar,Spring,3863
2022-04-27 00:00:00,Wind,Spring,5614
2021-06-18 00:00:00,Wind,Summer,6927
2024-03-15 00:00:00,Wind,Spring,11274
2024-12-29 00:00:00,Wind,Winter,541
2023-12-24 00:00:00,Wind,Winter,10213
2022-06-28 00:00:00,Solar,Summer,4992
2023-09-05 00:00:00,Wind,Fall,6596
2022-09-01 00:00:00,Solar,Fall,3556
2022-08-16 00:00:00,Wind,Summer,1494
2024-04-23 00:00:00,Wind,Spring,4518
2022-03-19 00:00:00,Wind,Spring,10970
2024-04-22 00:00:00,Wind,Spring,7378
2025-09-30 00:00:00,Wind,Fall,3305
2022-10-04 00:00:00,Wind,Fall,1565
2024-08-28 00:00:00,Wind,Summer,4269
2025-03-11 00:00:00,Wind,Spring,1454
2023-07-19 00:00:00,Solar,Summer,8862
2023-01-28 00:00:00,Wind,Winter,5921
2022-06-14 00:00:00,Wind,Summer,4735
2020-08-16 00:00:00,Wind,Summer,1256
2023-04-18 00:00:00,Wind,Spring,6470
2020-08-30 00:00:00,Wind,Summer,2802
2025-06-03 00:00:00,Wind,Summer,4656
2024-06-13 00:00:00,Wind,Summer,5847
2022-08-26 00:00:00,Wind,Summer,3321
2020-05-05 00:00:00,Wind,Spring,2773
2020-04-27 00:00:00,Solar,Spring,3089
2020-04-28 00:00:00,Wind,Spring,3698
2022-09-13 00:00:00,Wind,Fall,3807
2025-11-20 00:00:00,Wind,Fall,5905
2025-03-14 00:00:00,Wind,Spring,3380
2021-10-13 00:00:00,Solar,Fall,4842
2024-08-07 00:00:00,Wind,Summer,1433
2021-12-24 00:00:00,Wind,Winter,3052
2020-06-21 00:00:00,Wind,Summer,2554
2023-07-31 00:00:00,Wind,Summer,10874
2020-02-07 00:00:00,Wind,Winter,5386
2025-02-03 00:00:00,Solar,Winter,5983
2020-06-24 00:00:00,Wind,Summer,4258
2023-02-02 00:00:00,Wind,Winter,6733
2023-01-23 00:00:00,Wind,Winter,8749
2023-12-14 00:00:00,Wind,Winter,3583
2025-09-21 00:00:00,Wind,Fall,4374
2021-03-15 00:00:00,Wind,Spring,10812
2020-11-22 00:00:00,Wind,Fall,925
2020-02-22 00:00:00,Wind,Winter,8470
2025-06-17 00:00:00,Wind,Summer,3347
2022-08-05 00:00:00,Wind,Summer,2607
2020-10-14 00:00:00,Wind,Fall,6263
2025-02-26 00:00:00,Wind,Winter,15050
2025-06-21 00:00:00,Wind,Summer,4743
2020-06-05 00:00:00,Wind,Summer,14060
2020-10-27 00:00:00,Wind,Fall,11411
2020-06-04 00:00:00,Wind,Summer,5749
2024-09-04 00:00:00,Wind,Fall,798
2021-01-19 00:00:00,Wind,Winter,12386
2025-10-23 00:00:00,Wind,Fall,11928
2025-03-30 00:00:00,Wind,Spring,6357
2020-04-06 00:00:00,Wind,Spring,5353
2023-03-31 00:00:00,Wind,Spring,21589
2020-03-31 00:00:00,Wind,Spring,6377
2020-05-23 00:00:00,Wind,Spring,1673
2022-02-11 00:00:00,Wind,Winter,3510
2025-01-23 00:00:00,Wind,Winter,16773
2021-11-09 00:00:00,Solar,Fall,4387
2025-10-26 00:00:00,Wind,Fall,10464
2024-12-09 00:00:00,Wind,Winter,14088
2024-06-10 00:00:00,Wind,Summer,5131
2020-04-10 00:00:00,Solar,Spring,3344
2021-10-31 00:00:00,Wind,Fall,4378
2020-11-20 00:00:00,Solar,Fall,4045
2025-09-25 00:00:00,Solar,Fall,6701
2021-12-12 00:00:00,Wind,Winter,5288
2022-01-13 00:00:00,Wind,Winter,3069
2025-01-12 00:00:00,Wind,Winter,4835
2023-12-06 00:00:00,Wind,Winter,2647
2021-01-16 00:00:00,Wind,Winter,1799
2020-01-03 00:00:00,Wind,Winter,8817
2025-09-01 00:00:00,Wind,Fall,5057
2021-10-18 00:00:00,Solar,Fall,5076
2022-05-07 00:00:00,Wind,Spring,4532
2022-06-16 00:00:00,Solar,Summer,6428
2022-10-23 00:00:00,Wind,Fall,13466
2024-07-08 00:00:00,Solar,Summer,7115
2022-03-23 00:00:00,Wind,Spring,3526
2024-09-23 00:00:00,Solar,Fall,9458
2020-12-26 00:00:00,Wind,Winter,11446
2023-05-12 00:00:00,Wind,Spring,3360
2021-09-06 00:00:00,Wind,Fall,1817
2024-01-19 00:00:00,Solar,Winter,3115
2020-04-13 00:00:00,Wind,Spring,11013
2021-02-10 00:00:00,Wind,Winter,3960
2020-02-04 00:00:00,Wind,Winter,8718
2020-12-11 00:00:00,Wind,Winter,6300
2022-12-22 00:00:00,Wind,Winter,12425
2020-01-04 00:00:00,Wind,Winter,2808
2024-08-02 00:00:00,Wind,Summer,1432
2020-05-29 00:00:00,Wind,Spring,4294
2021-05-04 00:00:00,Wind,Spring,10640
2021-04-14 00:00:00,Wind,Spring,4370
2022-03-15 00:00:00,Wind,Spring,4813
2023-11-07 00:00:00,Wind,Fall,7909
2020-02-28 00:00:00,Wind,Winter,2660
2023-07-15 00:00:00,Wind,Summer,10085
2025-08-12 00:00:00,Solar,Summer,6220
2022-06-16 00:00:00,Wind,Summer,1497
2025-02-03 00:00:00,Wind,Winter,1611
2023-11-16 00:00:00,Wind,Fall,3875
2025-03-06 00:00:00,Wind,Spring,7274
2021-03-26 00:00:00,Wind,Spring,9140
2025-11-21 00:00:00,Wind,Fall,8584
2020-03-27 00:00:00,Solar,Spring,4295
2023-10-13 00:00:00,Wind,Fall,12357
2022-10-14 00:00:00,Wind,Fall,6926
2022-11-13 00:00:00,Solar,Fall,4217
2020-05-14 00:00:00,Wind,Spring,10073
2024-06-19 00:00:00,Wind,Summer,9445
2022-01-05 00:00:00,Wind,Winter,7302
2021-07-28 00:00:00,Wind,Summer,3851
2023-07-15 00:00:00,Wind,Summer,14187
2024-10-26 00:00:00,Wind,Fall,2823
2023-03-06 00:00:00,Solar,Spring,6220
2020-12-04 00:00:00,Wind,Winter,4944
2020-08-25 00:00:00,Wind,Summer,8081
2024-09-02 00:00:00,Wind,Fall,641
2023-08-10 00:00:00,Wind,Summer,2594
2025-08-07 00:00:00,Wind,Summer,1015
2021-04-01 00:00:00,Wind,Spring,7740
2024-02-20 00:00:00,Wind,Winter,6371
2024-02-22 00:00:00,Wind,Winter,16997
2023-02-14 00:00:00,Solar,Winter,5994
2020-06-20 00:00:00,Wind,Summer,2174
2025-05-25 00:00:00,Wind,Spring,9778
2024-02-11 00:00:00,Wind,Winter,15331
2024-09-09 00:00:00,Wind,Fall,8239
2020-08-08 00:00:00,Solar,Summer,1256
2025-04-09 00:00:00,Wind,Spring,4689
2021-04-06 00:00:00,Wind,Spring,4806
2025-02-14 00:00:00,Wind,Winter,4219
2021-09-12 00:00:00,Solar,Fall,4404
2021-04-10 00:00:00,Wind,Spring,5953
2025-08-01 00:00:00,Solar,Summer,9032
2023-04-19 00:00:00,Solar,Spring,10069
2024-01-21 00:00:00,Wind,Winter,12404
2024-04-06 00:00:00,Wind,Spring,16321
2021-04-29 00:00:00,Wind,Spring,2471
2020-12-02 00:00:00,Wind,Winter,3088
2021-11-28 00:00:00,Wind,Fall,8670
2023-03-11 00:00:00,Wind,Spring,3908
2024-06-04 00:00:00,Solar,Summer,8950
2022-04-17 00:00:00,Wind,Spring,7886
2025-05-06 00:00:00,Wind,Spring,10727
2024-09-12 00:00:00,Wind,Fall,4188
2020-12-26 00:00:00,Wind,Winter,12204
2022-05-06 00:00:00,Solar,Spring,6472
2023-11-24 00:00:00,Wind,Fall,10477
2025-01-17 00:00:00,Wind,Winter,861
2022-07-28 00:00:00,Solar,Summer,2500
2023-10-15 00:00:00,Wind,Fall,3908
2021-03-17 00:00:00,Wind,Spring,11247
2025-10-03 00:00:00,Wind,Fall,7978
2020-06-04 00:00:00,Wind,Summer,2830
2025-07-29 00:00:00,Wind,Summer,2839
2024-03-28 00:00:00,Wind,Spring,15521
2022-04-04 00:00:00,Wind,Spring,15076
2020-10-15 00:00:00,Wind,Fall,5196
2020-05-30 00:00:00,Solar,Spring,6710
2020-04-01 00:00:00,Wind,Spring,4222
2023-10-18 00:00:00,Wind,Fall,12351
2020-06-07 00:00:00,Wind,Summer,2766
2025-10-10 00:00:00,Wind,Fall,2536
2024-12-18 00:00:00,Wind,Winter,13116
2023-03-07 00:00:00,Wind,Spring,7061
2021-05-20 00:00:00,Wind,Spring,9069
2022-04-08 00:00:00,Wind,Spring,9083
2021-04-06 00:00:00,Wind,Spring,4549
2020-12-06 00:00:00,Wind,Winter,1662
2023-06-10 00:00:00,Wind,Summer,1747
2023-05-23 00:00:00,Wind,Spring,4394
2024-04-13 00:00:00,Solar,Spring,4281
2023-10-01 00:00:00,Solar,Fall,5635
2021-11-29 00:00:00,Wind,Fall,4402
2022-05-22 00:00:00,Solar,Spring,5753
2023-01-09 00:00:00,Wind,Winter,15487
2025-07-18 00:00:00,Solar,Summer,3617
2022-10-10 00:00:00,Wind,Fall,4363
2022-04-22 00:00:00,Solar,Spring,5407
2025-04-26 00:00:00,Wind,Spring,4323
2021-11-18 00:00:00,Solar,Fall,2705
2022-04-23 00:00:00,Wind,Spring,7590
2022-05-21 00:00:00,Solar,Spring,5160
2025-10-03 00:00:00,Wind,Fall,5560
2023-08-28 00:00:00,Solar,Summer,7961
2020-01-28 00:00:00,Wind,Winter,11897
2020-05-23 00:00:00,Wind,Spring,4079
2020-07-29 00:00:00,Solar,Summer,3995
2024-08-04 00:00:00,Solar,Summer,7542
2021-09-29 00:00:00,Wind,Fall,6196
2024-08-29 00:00:00,Solar,Summer,4187
2022-07-22 00:00:00,Wind,Summer,2407
2021-05-10 00:00:00,Wind,Spring,3236
2024-05-21 00:00:00,Wind,Spring,2868
2024-09-06 00:00:00,Solar,Fall,5349
2023-03-16 00:00:00,Wind,Spring,9438
2023-07-13 00:00:00,Solar,Summer,6890
2024-11-15 00:00:00,Wind,Fall,2684
2020-07-12 00:00:00,Wind,Summer,4962
2021-04-06 00:00:00,Wind,Spring,5120
2025-09-24 00:00:00,Wind,Fall,10716
2022-11-18 00:00:00,Wind,Fall,3230
2020-04-16 00:00:00,Wind,Spring,1773
2022-04-05 00:00:00,Wind,Spring,6029
2025-08-22 00:00:00,Wind,Summer,2688
2022-02-25 00:00:00,Wind,Winter,9622
2023-05-19 00:00:00,Wind,Spring,6972
2022-09-04 00:00:00,Wind,Fall,2059
2025-01-14 00:00:00,Solar,Winter,2442
2020-03-10 00:00:00,Wind,Spring,11187
2021-12-13 00:00:00,Wind,Winter,1571
2021-02-08 00:00:00,Wind,Winter,2059
2020-09-16 00:00:00,Wind,Fall,4646
2020-09-07 00:00:00,Solar,Fall,3920
2024-10-12 00:00:00,Wind,Fall,7029
2023-09-30 00:00:00,Wind,Fall,906
2022-11-08 00:00:00,Wind,Fall,13656
2024-10-16 00:00:00,Wind,Fall,12056
2022-03-21 00:00:00,Wind,Spring,4620
2025-09-17 00:00:00,Solar,Fall,8661
2020-09-22 00:00:00,Wind,Fall,585
2023-12-05 00:00:00,Wind,Winter,4751
2023-02-23 00:00:00,Wind,Winter,1074
2020-09-18 00:00:00,Wind,Fall,6154
2023-08-12 00:00:00,Wind,Summer,1480
2024-08-28 00:00:00,Wind,Summer,5763
2022-06-01 00:00:00,Solar,Summer,6895
2024-09-28 00:00:00,Wind,Fall,914
2020-02-11 00:00:00,Wind,Winter,12649
2021-07-29 00:00:00,Wind,Summer,3667
2023-12-13 00:00:00,Wind,Winter,7837
2023-05-24 00:00:00,Wind,Spring,7497
2021-02-18 00:00:00,Wind,Winter,9311
2025-03-05 00:00:00,Solar,Spring,7212
2025-02-27 00:00:00,Wind,Winter,4003
2023-07-28 00:00:00,Wind,Summer,5928
2022-06-18 00:00:00,Solar,Summer,7668
2022-03-26 00:00:00,Wind,Spring,8557
2023-08-12 00:00:00,Wind,Summer,1275
2023-11-09 00:00:00,Wind,Fall,12712
2024-03-24 00:00:00,Wind,Spring,16599
2021-12-08 00:00:00,Wind,Winter,5921
2024-12-14 00:00:00,Wind,Winter,1442
2022-09-19 00:00:00,Solar,Fall,5655
2022-08-28 00:00:00,Wind,Summer,3812
2024-06-28 00:00:00,Wind,Summer,3186
2022-12-22 00:00:00,Wind,Winter,12902
2022-06-16 00:00:00,Solar,Summer,3081
2022-09-29 00:00:00,Solar,Fall,4330
2023-10-19 00:00:00,Wind,Fall,10798
2023-12-31 00:00:00,Wind,Winter,18515
2025-09-14 00:00:00,Wind,Fall,9392
2021-10-30 00:00:00,Wind,Fall,9349
2021-01-01 00:00:00,Wind,Winter,1425
2022-05-02 00:00:00,Wind,Spring,2702
2023-10-28 00:00:00,Wind,Fall,14258
2021-08-03 00:00:00,Wind,Summer,3270
2022-07-10 00:00:00,Wind,Summer,4839
2025-04-28 00:00:00,Solar,Spring,5404
2025-01-05 00:00:00,Wind,Winter,15783
2020-01-31 00:00:00,Wind,Winter,7282
2023-08-09 00:00:00,Solar,Summer,7734
2022-12-12 00:00:00,Wind,Winter,3435
2025-06-09 00:00:00,Wind,Summer,1873
2020-04-16 00:00:00,Wind,Spring,2013
2021-12-07 00:00:00,Wind,Winter,12158
2025-03-08 00:00:00,Wind,Spring,13555
2023-06-08 00:00:00,Solar,Summer,6122
2021-05-22 00:00:00,Wind,Spring,9312
2025-06-29 00:00:00,Wind,Summer,3072
2022-11-29 00:00:00,Wind,Fall,1071
2025-07-23 00:00:00,Solar,Summer,2689
2024-08-26 00:00:00,Solar,Summer,9509
2024-08-09 00:00:00,Solar,Summer,11780
2022-05-16 00:00:00,Solar,Spring,6963
2021-03-01 00:00:00,Wind,Spring,4589
2025-03-10 00:00:00,Wind,Spring,1370
2022-10-11 00:00:00,Wind,Fall,2707
2024-09-27 00:00:00,Wind,Fall,15369
2022-04-02 00:00:00,Wind,Spring,10976
2024-10-12 00:00:00,Wind,Fall,8290
2023-11-28 00:00:00,Wind,Fall,2821
2025-06-12 00:00:00,Wind,Summer,6947
2020-07-01 00:00:00,Wind,Summer,3252
2022-01-20 00:00:00,Wind,Winter,6533
2022-10-05 00:00:00,Wind,Fall,15673
2022-01-21 00:00:00,Wind,Winter,5070
2023-08-11 00:00:00,Solar,Summer,5430
2023-09-04 00:00:00,Wind,Fall,7729
2025-05-25 00:00:00,Wind,Spring,9310
2020-12-11 00:00:00,Wind,Winter,7890
2023-07-07 00:00:00,Wind,Summer,3866
2023-06-14 00:00:00,Wind,Summer,3207
2020-10-02 00:00:00,Wind,Fall,3073
2020-12-31 00:00:00,Wind,Winter,4838
2025-08-08 00:00:00,Solar,Summer,8376
2022-01-02 00:00:00,Wind,Winter,12811
2023-02-28 00:00:00,Wind,Winter,8930
2021-09-27 00:00:00,Wind,Fall,8562
2023-09-18 00:00:00,Wind,Fall,14776
2025-01-27 00:00:00,Wind,Winter,18951
2021-12-11 00:00:00,Wind,Winter,8663
2021-05-03 00:00:00,Wind,Spring,781
2023-01-15 00:00:00,Wind,Winter,14417
2022-07-20 00:00:00,Wind,Summer,2309
2020-05-01 00:00:00,Wind,Spring,8815
2024-09-28 00:00:00,Solar,Fall,8736
2025-11-09 00:00:00,Wind,Fall,2347
2023-01-18 00:00:00,Wind,Winter,5086
2021-04-16 00:00:00,Wind,Spring,5432
2020-07-10 00:00:00,Wind,Summer,3206
2024-03-07 00:00:00,Solar,Spring,10254
2023-12-27 00:00:00,Wind,Winter,16623
2021-02-28 00:00:00,Wind,Winter,7579
2025-03-22 00:00:00,Wind,Spring,9746
2020-05-26 00:00:00,Solar,Spring,3767
2023-06-13 00:00:00,Wind,Summer,3243
2020-04-07 00:00:00,Wind,Spring,2169
2025-09-09 00:00:00,Solar,Fall,8511
2024-12-01 00:00:00,Wind,Winter,9481
2020-11-21 00:00:00,Wind,Fall,2632
2025-03-09 00:00:00,Wind,Spring,2161
2023-02-01 00:00:00,Wind,Winter,11188
2025-03-16 00:00:00,Wind,Spring,12574
2022-08-16 00:00:00,Wind,Summer,1489
2024-07-24 00:00:00,Solar,Summer,4907
2021-10-08 00:00:00,Wind,Fall,3528
2021-09-01 00:00:00,Wind,Fall,6966
2021-04-06 00:00:00,Wind,Spring,7552
2021-06-24 00:00:00,Solar,Summer,3148
2020-09-03 00:00:00,Wind,Fall,3529
2023-06-04 00:00:00,Wind,Summer,7588
2025-02-06 00:00:00,Wind,Winter,13367
2023-04-02 00:00:00,Wind,Spring,12201
2022-01-03 00:00:00,Wind,Winter,11791
2023-09-20 00:00:00,Wind,Fall,10294
2025-07-30 00:00:00,Wind,Summer,1698
2025-11-03 00:00:00,Wind,Fall,7546
2024-04-06 00:00:00,Wind,Spring,9351
2021-07-10 00:00:00,Wind,Summer,345
2023-07-01 00:00:00,Wind,Summer,7413
2023-08-27 00:00:00,Wind,Summer,8873
2022-07-18 00:00:00,Wind,Summer,3978
2021-06-07 00:00:00,Solar,Summer,4355
2020-03-11 00:00:00,Wind,Spring,10029
2024-05-12 00:00:00,Solar,Spring,3703
2020-01-10 00:00:00,Wind,Winter,6776
2021-12-21 00:00:00,Solar,Winter,3572
2022-04-23 00:00:00,Wind,Spring,6090
2020-10-03 00:00:00,Wind,Fall,3331
2020-02-02 00:00:00,Wind,Winter,7968
2020-04-13 00:00:00,Wind,Spring,11443
2022-02-18 00:00:00,Wind,Winter,8034
2021-07-23 00:00:00,Wind,Summer,4087
2021-11-26 00:00:00,Wind,Fall,10635
2023-10-23 00:00:00,Wind,Fall,4301
2023-08-09 00:00:00,Wind,Summer,3277
2024-02-15 00:00:00,Wind,Winter,10820
2025-06-07 00:00:00,Wind,Summer,7646
2024-03-04 00:00:00,Wind,Spring,7130
2025-05-15 00:00:00,Solar,Spring,6848
2022-02-13 00:00:00,Wind,Winter,15083
2025-06-21 00:00:00,Solar,Summer,9347
2022-03-09 00:00:00,Wind,Spring,6074
2023-12-13 00:00:00,Wind,Winter,7647
2021-09-12 00:00:00,Wind,Fall,1451
2022-08-15 00:00:00,Wind,Summer,3458
2025-11-29 00:00:00,Wind,Fall,6318
2022-06-24 00:00:00,Wind,Summer,5472
2020-01-10 00:00:00,Wind,Winter,1537
2021-11-23 00:00:00,Wind,Fall,8484
2020-04-05 00:00:00,Wind,Spring,8392
2021-02-03 00:00:00,Wind,Winter,10639
2020-10-29 00:00:00,Wind,Fall,7293
2020-11-11 00:00:00,Wind,Fall,5774
2022-02-13 00:00:00,Wind,Winter,9347
2023-11-15 00:00:00,Wind,Fall,4867
2021-01-14 00:00:00,Wind,Winter,10297
2021-07-20 00:00:00,Solar,Summer,4128
2021-05-22 00:00:00,Wind,Spring,11778
2023-09-09 00:00:00,Solar,Fall,2748
2023-11-19 00:00:00,Wind,Fall,12597
2024-08-19 00:00:00,Wind,Summer,2712
2025-04-01 00:00:00,Wind,Spring,19436
2025-03-02 00:00:00,Wind,Spring,4887
2022-01-17 00:00:00,Wind,Winter,1452
2021-10-18 00:00:00,Wind,Fall,3701
2021-08-12 00:00:00,Solar,Summer,4221
2022-03-27 00:00:00,Wind,Spring,2329
2025-11-17 00:00:00,Wind,Fall,8218
2025-10-31 00:00:00,Wind,Fall,13615
2021-08-04 00:00:00,Wind,Summer,2904
2022-10-30 00:00:00,Wind,Fall,2253
2024-07-30 00:00:00,Solar,Summer,2686
2023-11-26 00:00:00,Wind,Fall,2384
2023-10-17 00:00:00,Wind,Fall,8478
2025-09-15 00:00:00,Wind,Fall,9643
2024-08-18 00:00:00,Wind,Summer,8367
2025-08-23 00:00:00,Wind,Summer,2481
2020-09-05 00:00:00,Wind,Fall,4696
2023-04-17 00:00:00,Wind,Spring,3385
2022-11-05 00:00:00,Wind,Fall,2791
2022-05-29 00:00:00,Wind,Spring,4128
2021-01-12 00:00:00,Wind,Winter,12490
2021-02-13 00:00:00,Wind,Winter,7990
2024-06-25 00:00:00,Wind,Summer,5463
2021-09-11 00:00:00,Solar,Fall,5588
2022-08-15 00:00:00,Wind,Summer,3225
2023-02-10 00:00:00,Wind,Winter,1541
2020-03-08 00:00:00,Wind,Spring,8612
2025-05-10 00:00:00,Wind,Spring,8375
2022-05-16 00:00:00,Wind,Spring,4773
2020-10-29 00:00:00,Wind,Fall,10215
2022-11-12 00:00:00,Wind,Fall,4317
2024-07-02 00:00:00,Wind,Summer,5455
2022-03-21 00:00:00,Wind,Spring,3992
2024-09-23 00:00:00,Wind,Fall,6406
2021-09-09 00:00:00,Wind,Fall,1856
2021-06-13 00:00:00,Wind,Summer,2413
2020-12-11 00:00:00,Wind,Winter,6645
2022-05-18 00:00:00,Solar,Spring,4887
2021-11-28 00:00:00,Wind,Fall,7293
2023-11-18 00:00:00,Wind,Fall,15251
2022-08-07 00:00:00,Solar,Summer,10953
2025-10-31 00:00:00,Wind,Fall,13356
2022-08-20 00:00:00,Wind,Summer,2442
2025-07-28 00:00:00,Wind,Summer,2989
2020-11-25 00:00:00,Wind,Fall,6232
2020-03-02 00:00:00,Wind,Spring,9004
2025-06-19 00:00:00,Solar,Summer,9997
2020-06-16 00:00:00,Solar,Summer,2847
2022-05-05 00:00:00,Wind,Spring,4773
2022-01-24 00:00:00,Wind,Winter,3152
2022-04-10 00:00:00,Wind,Spring,1159
2022-06-25 00:00:00,Solar,Summer,3517
2024-01-04 00:00:00,Wind,Winter,14378
2022-11-04 00:00:00,Wind,Fall,6204
2022-09-11 00:00:00,Solar,Fall,3065
2025-02-03 00:00:00,Solar,Winter,5030
2020-12-23 00:00:00,Wind,Winter,6510
2025-11-16 00:00:00,Wind,Fall,3904
2024-01-27 00:00:00,Wind,Winter,3182
2022-07-25 00:00:00,Wind,Summer,8397
2020-06-20 00:00:00,Wind,Summer,1426
2024-01-16 00:00:00,Solar,Winter,2836
2020-03-18 00:00:00,Wind,Spring,912
2020-03-10 00:00:00,Wind,Spring,11868
2020-06-10 00:00:00,Wind,Summer,1641
2020-02-02 00:00:00,Wind,Winter,7810
2022-12-16 00:00:00,Wind,Winter,3067
2024-04-29 00:00:00,Wind,Spring,1955
2020-03-31 00:00:00,Wind,Spring,6413
2024-02-14 00:00:00,Wind,Winter,8443
2024-05-30 00:00:00,Wind,Spring,11121
2022-10-29 00:00:00,Wind,Fall,4725
2025-10-01 00:00:00,Wind,Fall,2697
2022-09-17 00:00:00,Wind,Fall,3752
2022-06-20 00:00:00,Wind,Summer,5153
2020-10-17 00:00:00,Wind,Fall,1180
2025-01-23 00:00:00,Wind,Winter,5575
2022-05-26 00:00:00,Wind,Spring,4395
2020-06-07 00:00:00,Wind,Summer,1900
2025-03-16 00:00:00,Wind,Spring,5953
2020-09-28 00:00:00,Wind,Fall,6422
2025-05-13 00:00:00,Solar,Spring,3975
2024-10-06 00:00:00,Wind,Fall,10529
2021-05-26 00:00:00,Wind,Spring,9676
2023-05-06 00:00:00,Wind,Spring,1401
2020-10-10 00:00:00,Wind,Fall,4564
2022-06-18 00:00:00,Solar,Summer,7191
2023-07-18 00:00:00,Wind,Summer,1191
2021-03-15 00:00:00,Wind,Spring,5328
2024-11-15 00:00:00,Wind,Fall,1582
2020-02-23 00:00:00,Wind,Winter,10947
2024-10-14 00:00:00,Wind,Fall,731
2024-01-19 00:00:00,Solar,Winter,4288
2021-12-03 00:00:00,Wind,Winter,2552
2020-02-20 00:00:00,Wind,Winter,6755
2020-09-24 00:00:00,Wind,Fall,9152
2022-01-08 00:00:00,Wind,Winter,15253
2021-07-19 00:00:00,Wind,Summer,4541
2021-06-01 00:00:00,Solar,Summer,6304
2021-04-10 00:00:00,Wind,Spring,3562
2021-01-12 00:00:00,Wind,Winter,13078
2023-06-17 00:00:00,Wind,Summer,893
2024-03-14 00:00:00,Solar,Spring,9953
2020-07-30 00:00:00,Solar,Summer,2588
2023-12-07 00:00:00,Wind,Winter,11616
2020-12-05 00:00:00,Wind,Winter,6382
2022-06-16 00:00:00,Solar,Summer,6807
2020-09-06 00:00:00,Wind,Fall,2002
2025-01-17 00:00:00,Wind,Winter,2337
2024-07-27 00:00:00,Wind,Summer,484
2025-04-23 00:00:00,Wind,Spring,9282
2021-07-02 00:00:00,Wind,Summer,761
2022-05-30 00:00:00,Wind,Spring,4567
2020-09-19 00:00:00,Wind,Fall,3546
2022-04-12 00:00:00,Wind,Spring,7992
2025-03-10 00:00:00,Wind,Spring,749
2020-10-10 00:00:00,Wind,Fall,7237
2024-11-13 00:00:00,Wind,Fall,6598
2020-02-27 00:00:00,Wind,Winter,6021
2025-01-21 00:00:00,Wind,Winter,7036
2025-03-08 00:00:00,Wind,Spring,14806
2023-10-15 00:00:00,Wind,Fall,5164
2021-08-08 00:00:00,Wind,Summer,4708
2020-04-03 00:00:00,Solar,Spring,2778
2021-04-11 00:00:00,Wind,Spring,7157
2020-07-05 00:00:00,Wind,Summer,11252
2025-10-27 00:00:00,Wind,Fall,8513
2023-12-01 00:00:00,Wind,Winter,4845
2021-11-09 00:00:00,Solar,Fall,4642
2020-01-25 00:00:00,Wind,Winter,1541
2022-07-01 00:00:00,Solar,Summer,5623
2023-04-01 00:00:00,Wind,Spring,17592
2024-02-17 00:00:00,Wind,Winter,2567
2021-03-18 00:00:00,Wind,Spring,4446
2020-11-26 00:00:00,Wind,Fall,3078
2025-03-16 00:00:00,Wind,Spring,9153
2020-12-29 00:00:00,Wind,Winter,4715
2022-02-14 00:00:00,Wind,Winter,8457
2021-10-10 00:00:00,Solar,Fall,3224
2022-12-28 00:00:00,Wind,Winter,16048
2025-02-01 00:00:00,Wind,Winter,2067
2024-05-15 00:00:00,Wind,Spring,1891
2021-04-25 00:00:00,Wind,Spring,10647
2021-09-11 00:00:00,Solar,Fall,2694
2021-06-08 00:00:00,Solar,Summer,4944
2024-05-10 00:00:00,Solar,Spring,11358
2023-03-17 00:00:00,Wind,Spring,6971
2020-04-30 00:00:00,Wind,Spring,10827
2022-07-02 00:00:00,Wind,Summer,1821
2022-07-19 00:00:00,Solar,Summer,10151
2022-05-16 00:00:00,Solar,Spring,7588
2023-01-31 00:00:00,Wind,Winter,6119
2021-04-05 00:00:00,Wind,Spring,9721
2021-06-15 00:00:00,Solar,Summer,4881
2022-10-13 00:00:00,Wind,Fall,3752
2024-08-09 00:00:00,Wind,Summer,11115
2020-12-14 00:00:00,Wind,Winter,6175
2020-07-17 00:00:00,Wind,Summer,2074
2022-05-17 00:00:00,Solar,Spring,7524
2024-03-16 00:00:00,Wind,Spring,6169
2023-09-01 00:00:00,Solar,Fall,10057
2021-05-06 00:00:00,Wind,Spring,4709
2020-04-03 00:00:00,Solar,Spring,4672
2025-03-22 00:00:00,Wind,Spring,9814
2024-05-19 00:00:00,Solar,Spring,2111
2024-04-05 00:00:00,Wind,Spring,8341
2024-06-17 00:00:00,Solar,Summer,4536
2020-01-13 00:00:00,Wind,Winter,12067
2023-04-09 00:00:00,Wind,Spring,3277
2025-07-13 00:00:00,Solar,Summer,8642
2020-10-21 00:00:00,Wind,Fall,8525
2021-09-02 00:00:00,Wind,Fall,5182
2024-08-09 00:00:00,Solar,Summer,7776
2023-11-04 00:00:00,Wind,Fall,15364
2020-12-10 00:00:00,Wind,Winter,7155
2021-03-26 00:00:00,Wind,Spring,3310
2023-05-05 00:00:00,Wind,Spring,3564
2022-07-29 00:00:00,Wind,Summer,2221
2022-11-07 00:00:00,Wind,Fall,13020
2024-02-24 00:00:00,Wind,Winter,7647
2022-08-11 00:00:00,Wind,Summer,5645
2023-07-06 00:00:00,Wind,Summer,1216
2021-02-10 00:00:00,Wind,Winter,8028
2023-12-16 00:00:00,Wind,Winter,2079
2024-12-25 00:00:00,Wind,Winter,1456
2024-09-14 00:00:00,Wind,Fall,5204
2025-04-10 00:00:00,Solar,Spring,7062
2021-11-04 00:00:00,Wind,Fall,4756
2023-01-22 00:00:00,Wind,Winter,3778
2025-03-02 00:00:00,Wind,Spring,9188
2023-01-25 00:00:00,Solar,Winter,2569
2020-09-10 00:00:00,Wind,Fall,1520
2025-07-27 00:00:00,Solar,Summer,6833
2025-01-10 00:00:00,Wind,Winter,2750
2023-11-24 00:00:00,Wind,Fall,8408
2020-04-06 00:00:00,Wind,Spring,966
2024-07-22 00:00:00,Solar,Summer,6427
2021-03-12 00:00:00,Wind,Spring,13843
2020-10-07 00:00:00,Wind,Fall,7758
2022-01-06 00:00:00,Wind,Winter,8061
2024-10-08 00:00:00,Wind,Fall,13480
2022-03-21 00:00:00,Wind,Spring,3843
2022-11-11 00:00:00,Wind,Fall,4636
2022-09-06 00:00:00,Solar,Fall,3950
2024-08-17 00:00:00,Solar,Summer,4697
2022-09-18 00:00:00,Wind,Fall,2468
2024-11-07 00:00:00,Wind,Fall,3132
2020-03-18 00:00:00,Solar,Spring,2451
2021-03-22 00:00:00,Wind,Spring,4096
2020-10-11 00:00:00,Wind,Fall,3648
2022-07-12 00:00:00,Solar,Summer,2983
2021-11-20 00:00:00,Wind,Fall,236
2024-10-21 00:00:00,Wind,Fall,5157
2025-07-20 00:00:00,Wind,Summer,8828
2021-08-26 00:00:00,Wind,Summer,3657
2023-08-19 00:00:00,Solar,Summer,8401
2020-04-06 00:00:00,Wind,Spring,1385
2021-12-16 00:00:00,Wind,Winter,4476
2023-02-16 00:00:00,Wind,Winter,7058
2022-08-24 00:00:00,Wind,Summer,761
2022-12-24 00:00:00,Wind,Winter,6293
2020-11-17 00:00:00,Wind,Fall,4521
2025-05-07 00:00:00,Solar,Spring,11797
2020-05-07 00:00:00,Wind,Spring,2084
2023-11-14 00:00:00,Wind,Fall,11741
2022-11-05 00:00:00,Wind,Fall,7136
2023-02-22 00:00:00,Wind,Winter,3325
2020-07-26 00:00:00,Wind,Summer,3846
2025-04-01 00:00:00,Wind,Spring,10679
2020-09-02 00:00:00,Solar,Fall,4398
2021-05-06 00:00:00,Wind,Spring,8681
2023-12-29 00:00:00,Wind,Winter,15215
2024-04-15 00:00:00,Wind,Spring,17967
2023-02-18 00:00:00,Wind,Winter,7421
2020-11-13 00:00:00,Wind,Fall,7388
2021-01-19 00:00:00,Wind,Winter,11476
2023-08-11 00:00:00,Solar,Summer,4059
2020-09-13 00:00:00,Solar,Fall,3213
2024-11-27 00:00:00,Wind,Fall,12902
2020-10-23 00:00:00,Wind,Fall,4235
2023-06-15 00:00:00,Wind,Summer,2308
2025-08-27 00:00:00,Wind,Summer,1556
2025-06-24 00:00:00,Wind,Summer,2498
2021-12-25 00:00:00,Wind,Winter,1551
2024-11-30 00:00:00,Solar,Fall,4004
2025-02-20 00:00:00,Wind,Winter,8106
2024-07-18 00:00:00,Solar,Summer,4225
2024-08-25 00:00:00,Wind,Summer,3859
2023-07-09 00:00:00,Solar,Summer,5804
2023-01-20 00:00:00,Wind,Winter,1856
2022-04-21 00:00:00,Wind,Spring,3414
2025-07-10 00:00:00,Wind,Summer,2497
2020-08-01 00:00:00,Wind,Summer,1790
2025-07-25 00:00:00,Solar,Summer,9149
2025-10-15 00:00:00,Solar,Fall,10830
2023-01-27 00:00:00,Wind,Winter,8128
2021-04-06 00:00:00,Wind,Spring,11811
2021-12-18 00:00:00,Wind,Winter,6176
2024-12-30 00:00:00,Wind,Winter,737
2025-04-11 00:00:00,Wind,Spring,3498
2024-10-27 00:00:00,Wind,Fall,354
2020-09-07 00:00:00,Wind,Fall,1634
2025-03-18 00:00:00,Wind,Spring,15078
2024-01-30 00:00:00,Wind,Winter,872
2025-09-02 00:00:00,Wind,Fall,6994
2021-05-25 00:00:00,Wind,Spring,14361
2021-06-09 00:00:00,Solar,Summer,5010
2022-09-02 00:00:00,Solar,Fall,4587
2022-03-11 00:00:00,Wind,Spring,13916
2021-11-11 00:00:00,Wind,Fall,959
2020-05-19 00:00:00,Wind,Spring,4172
2021-08-16 00:00:00,Wind,Summer,3477
2022-09-05 00:00:00,Wind,Fall,6757
2022-06-27 00:00:00,Solar,Summer,7149
2022-12-27 00:00:00,Wind,Winter,5819
2023-09-09 00:00:00,Wind,Fall,2366
2021-12-09 00:00:00,Wind,Winter,5973
2020-06-20 00:00:00,Wind,Summer,878
2020-04-06 00:00:00,Wind,Spring,7748
2024-10-18 00:00:00,Wind,Fall,5599
2022-08-11 00:00:00,Wind,Summer,4509
2025-03-23 00:00:00,Wind,Spring,5083
2020-09-01 00:00:00,Wind,Fall,2409
2023-03-08 00:00:00,Wind,Spring,15283
2021-02-06 00:00:00,Wind,Winter,2397
2021-03-22 00:00:00,Wind,Spring,2801
2020-10-19 00:00:00,Wind,Fall,2726
2020-07-09 00:00:00,Solar,Summer,7338
2024-04-01 00:00:00,Wind,Spring,13534
2024-04-19 00:00:00,Wind,Spring,8252
2023-12-07 00:00:00,Wind,Winter,11086
2025-04-29 00:00:00,Solar,Spring,10040
2021-01-15 00:00:00,Wind,Winter,6251
2025-09-22 00:00:00,Wind,Fall,7693
2023-08-17 00:00:00,Wind,Summer,2308
2025-06-11 00:00:00,Wind,Summer,2243
2023-07-12 00:00:00,Wind,Summer,3524
2025-01-28 00:00:00,Wind,Winter,18923
2020-08-14 00:00:00,Wind,Summer,2012
2025-05-18 00:00:00,Wind,Spring,2653
2025-08-15 00:00:00,Wind,Summer,5806
2025-02-19 00:00:00,Solar,Winter,6522
2023-11-22 00:00:00,Wind,Fall,7927
2025-01-19 00:00:00,Wind,Winter,769
2024-12-08 00:00:00,Wind,Winter,17862
2022-02-07 00:00:00,Wind,Winter,5299
2020-03-31 00:00:00,Wind,Spring,7584
2023-02-20 00:00:00,Solar,Winter,7440
2024-05-09 00:00:00,Solar,Spring,5656
2020-08-22 00:00:00,Wind,Summer,3876
2023-04-05 00:00:00,Solar,Spring,4064
2020-08-14 00:00:00,Solar,Summer,3767
2023-08-12 00:00:00,Wind,Summer,4643
2020-09-20 00:00:00,Wind,Fall,1794
2023-12-09 00:00:00,Wind,Winter,17844
2022-08-07 00:00:00,Wind,Summer,7226
2020-10-05 00:00:00,Wind,Fall,10309
2022-10-18 00:00:00,Wind,Fall,2808
2020-06-13 00:00:00,Wind,Summer,5469
2024-10-03 00:00:00,Wind,Fall,5982
2025-06-05 00:00:00,Wind,Summer,9695
2021-11-16 00:00:00,Wind,Fall,869
2025-02-16 00:00:00,Wind,Winter,3812
2025-05-01 00:00:00,Wind,Spring,6010
2025-03-25 00:00:00,Wind,Spring,3477
2023-10-13 00:00:00,Wind,Fall,14936
2024-11-02 00:00:00,Wind,Fall,1474
2025-08-05 00:00:00,Wind,Summer,8978
2025-01-03 00:00:00,Wind,Winter,3424
2025-10-18 00:00:00,Wind,Fall,5680
2025-11-21 00:00:00,Wind,Fall,7895
2021-03-14 00:00:00,Wind,Spring,13005
2021-01-18 00:00:00,Wind,Winter,5336
2022-04-27 00:00:00,Wind,Spring,8140
2020-02-07 00:00:00,Wind,Winter,5641
2021-08-30 00:00:00,Wind,Summer,2958
2023-06-13 00:00:00,Wind,Summer,2835
2022-07-21 00:00:00,Solar,Summer,3527
2025-11-06 00:00:00,Wind,Fall,6706
2025-10-07 00:00:00,Wind,Fall,2045
2023-07-14 00:00:00,Wind,Summer,7604
2021-08-02 00:00:00,Solar,Summer,5176
2022-05-03 00:00:00,Wind,Spring,3380
2021-01-14 00:00:00,Wind,Winter,8733
2025-10-06 00:00:00,Wind,Fall,3869
2024-04-04 00:00:00,Wind,Spring,15683
2022-02-17 00:00:00,Wind,Winter,15660
2021-01-14 00:00:00,Wind,Winter,10513
2024-01-23 00:00:00,Wind,Winter,16343
2023-11-08 00:00:00,Wind,Fall,13683
2025-10-30 00:00:00,Wind,Fall,6800
2021-06-09 00:00:00,Wind,Summer,828
2024-03-02 00:00:00,Wind,Spring,3355
2020-10-14 00:00:00,Wind,Fall,2812
2024-08-22 00:00:00,Solar,Summer,7785
2025-11-04 00:00:00,Wind,Fall,12970
2023-08-28 00:00:00,Wind,Summer,7680
2023-02-21 00:00:00,Wind,Winter,2757
2025-05-04 00:00:00,Wind,Spring,11154
2023-09-19 00:00:00,Wind,Fall,8549
2020-03-14 00:00:00,Wind,Spring,2707
2024-01-27 00:00:00,Wind,Winter,2417
2024-02-19 00:00:00,Wind,Winter,5181
2021-01-10 00:00:00,Wind,Winter,4067
2024-12-14 00:00:00,Wind,Winter,4718
2024-01-18 00:00:00,Wind,Winter,7575
2022-06-16 00:00:00,Wind,Summer,2343
2024-01-23 00:00:00,Wind,Winter,16853
2023-08-06 00:00:00,Wind,Summer,17628
2025-03-10 00:00:00,Solar,Spring,1879
2024-09-01 00:00:00,Wind,Fall,3394
2022-02-26 00:00:00,Wind,Winter,9911
2025-10-28 00:00:00,Wind,Fall,6432
2020-07-09 00:00:00,Wind,Summer,1360
2022-12-24 00:00:00,Wind,Winter,6036
2024-01-02 00:00:00,Wind,Winter,17429
2022-04-16 00:00:00,Solar,Spring,11298
2023-02-15 00:00:00,Wind,Winter,4483
2024-02-17 00:00:00,Solar,Winter,7320
2024-02-07 00:00:00,Wind,Winter,16373
2020-05-10 00:00:00,Wind,Spring,2043
2025-02-04 00:00:00,Wind,Winter,3060
2024-04-18 00:00:00,Wind,Spring,3812
2020-06-13 00:00:00,Wind,Summer,5712
2022-07-15 00:00:00,Wind,Summer,3960
2022-02-08 00:00:00,Wind,Winter,2555
2020-10-28 00:00:00,Wind,Fall,8025
2021-07-03 00:00:00,Solar,Summer,4146
2021-07-15 00:00:00,Wind,Summer,9480
2022-06-03 00:00:00,Solar,Summer,3007
2023-04-19 00:00:00,Wind,Spring,5832
2025-04-20 00:00:00,Wind,Spring,4724
2025-08-13 00:00:00,Solar,Summer,6254
2024-11-04 00:00:00,Wind,Fall,3123
2022-07-27 00:00:00,Solar,Summer,5742
2023-06-02 00:00:00,Wind,Summer,7448
2025-09-24 00:00:00,Wind,Fall,4188
2025-04-07 00:00:00,Wind,Spring,5623
2020-04-30 00:00:00,Wind,Spring,7964
2020-02-20 00:00:00,Wind,Winter,11692
2025-04-13 00:00:00,Wind,Spring,8982
2022-03-09 00:00:00,Wind,Spring,4907
2024-10-16 00:00:00,Wind,Fall,9305
2021-02-17 00:00:00,Wind,Winter,8384
2025-02-12 00:00:00,Wind,Winter,2424
2024-06-17 00:00:00,Solar,Summer,8345
2022-03-16 00:00:00,Wind,Spring,4232
2020-09-21 00:00:00,Wind,Fall,748
2023-02-02 00:00:00,Wind,Winter,7717
2021-09-01 00:00:00,Wind,Fall,6336
2022-07-03 00:00:00,Solar,Summer,4056
2024-11-24 00:00:00,Wind,Fall,19997
2020-02-27 00:00:00,Wind,Winter,10405
2023-10-14 00:00:00,Wind,Fall,11104
2022-08-08 00:00:00,Solar,Summer,10618
2025-01-15 00:00:00,Solar,Winter,5527
2025-06-08 00:00:00,Wind,Summer,9165
2021-06-01 00:00:00,Wind,Summer,5624
2024-08-07 00:00:00,Solar,Summer,8258
2020-04-13 00:00:00,Wind,Spring,2806
2022-05-17 00:00:00,Solar,Spring,4803
2025-10-17 00:00:00,Solar,Fall,10238
2024-09-13 00:00:00,Wind,Fall,5468
2022-10-07 00:00:00,Solar,Fall,5162
2020-06-30 00:00:00,Wind,Summer,3408
2021-03-02 00:00:00,Wind,Spring,4406
2020-06-14 00:00:00,Wind,Summer,3033
2022-11-25 00:00:00,Wind,Fall,5906
2024-12-12 00:00:00,Solar,Winter,5532
2020-09-14 00:00:00,Solar,Fall,3928
2021-01-05 00:00:00,Wind,Winter,2553
2022-11-10 00:00:00,Wind,Fall,3569
2020-06-23 00:00:00,Solar,Summer,5022
2021-12-14 00:00:00,Wind,Winter,697
2021-03-15 00:00:00,Wind,Spring,10033
2020-12-23 00:00:00,Wind,Winter,12383
2024-07-21 00:00:00,Wind,Summer,5492
2023-01-03 00:00:00,Wind,Winter,12367
2023-02-07 00:00:00,Wind,Winter,4857
2024-06-02 00:00:00,Wind,Summer,6195
2023-02-03 00:00:00,Wind,Winter,6280
2025-11-22 00:00:00,Wind,Fall,10609
2023-02-08 00:00:00,Wind,Winter,6001
2023-12-28 00:00:00,Wind,Winter,13567
2022-08-19 00:00:00,Wind,Summer,2636
2020-09-02 00:00:00,Solar,Fall,3171
2023-08-06 00:00:00,Wind,Summer,14227
2020-06-09 00:00:00,Wind,Summer,3066
2021-08-25 00:00:00,Solar,Summer,6184
2022-12-05 00:00:00,Wind,Winter,745
2024-06-11 00:00:00,Wind,Summer,2556
2020-11-02 00:00:00,Wind,Fall,7368
2025-07-28 00:00:00,Wind,Summer,4142
2025-06-12 00:00:00,Wind,Summer,7051
2024-01-20 00:00:00,Solar,Winter,6955
2020-12-02 00:00:00,Wind,Winter,6005
2023-01-12 00:00:00,Wind,Winter,18143
2023-12-07 00:00:00,Wind,Winter,3871
2020-10-24 00:00:00,Wind,Fall,6496
2021-05-26 00:00:00,Wind,Spring,10741
2020-04-16 00:00:00,Wind,Spring,4412
2022-02-23 00:00:00,Wind,Winter,4731
2021-07-04 00:00:00,Wind,Summer,945
2020-07-11 00:00:00,Wind,Summer,3841
2022-09-06 00:00:00,Solar,Fall,5098
2021-04-08 00:00:00,Solar,Spring,2512
2020-11-07 00:00:00,Wind,Fall,4651
2024-09-06 00:00:00,Wind,Fall,3317
2022-05-09 00:00:00,Solar,Spring,5817
2023-10-12 00:00:00,Wind,Fall,3414
2023-12-21 00:00:00,Wind,Winter,18315
2020-04-15 00:00:00,Wind,Spring,7334
2021-07-03 00:00:00,Wind,Summer,2491
2022-05-13 00:00:00,Solar,Spring,2490
2025-04-13 00:00:00,Wind,Spring,9216
2020-07-30 00:00:00,Wind,Summer,2458
2020-04-03 00:00:00,Wind,Spring,2210
2021-12-22 00:00:00,Solar,Winter,4599
2021-01-04 00:00:00,Wind,Winter,1576
2023-11-16 00:00:00,Wind,Fall,10803
2024-03-14 00:00:00,Solar,Spring,9275
2021-03-25 00:00:00,Wind,Spring,2018
2024-05-25 00:00:00,Wind,Spring,559
2023-12-18 00:00:00,Wind,Winter,3919
2022-06-06 00:00:00,Wind,Summer,2342
2024-07-20 00:00:00,Wind,Summer,3228
2024-02-12 00:00:00,Solar,Winter,4159
2023-08-19 00:00:00,Solar,Summer,7735
2025-07-27 00:00:00,Solar,Summer,11229
2021-07-19 00:00:00,Wind,Summer,4238
2021-12-03 00:00:00,Wind,Winter,10812
2021-03-02 00:00:00,Solar,Spring,4176
2024-11-22 00:00:00,Wind,Fall,16368
2025-11-26 00:00:00,Wind,Fall,6726
2024-09-09 00:00:00,Wind,Fall,9715
2020-03-08 00:00:00,Wind,Spring,8287
2023-07-11 00:00:00,Solar,Summer,3309
2022-08-19 00:00:00,Wind,Summer,2631
2020-09-05 00:00:00,Solar,Fall,4275
2025-06-25 00:00:00,Solar,Summer,6948
2025-05-21 00:00:00,Wind,Spring,5000
2024-12-03 00:00:00,Solar,Winter,2679
2022-04-17 00:00:00,Wind,Spring,5772
2020-09-10 00:00:00,Wind,Fall,1696
2024-06-09 00:00:00,Solar,Summer,3803
2024-05-18 00:00:00,Solar,Spring,3094
2022-11-10 00:00:00,Wind,Fall,4139
2022-09-27 00:00:00,Wind,Fall,6708
2024-05-16 00:00:00,Wind,Spring,847
2021-10-13 00:00:00,Wind,Fall,1863
2022-10-19 00:00:00,Wind,Fall,8533
2020-01-15 00:00:00,Wind,Winter,5712
2024-03-15 00:00:00,Wind,Spring,18195
2020-10-06 00:00:00,Wind,Fall,10584
2021-07-27 00:00:00,Wind,Summer,3440
2025-02-19 00:00:00,Wind,Winter,7729
2020-10-29 00:00:00,Wind,Fall,8306
2025-04-13 00:00:00,Wind,Spring,8594
2022-01-22 00:00:00,Solar,Winter,4368
2022-10-03 00:00:00,Solar,Fall,2282
2023-10-19 00:00:00,Wind,Fall,9890
2020-09-02 00:00:00,Wind,Fall,1441
2022-02-01 00:00:00,Wind,Winter,12318
2024-07-26 00:00:00,Wind,Summer,1499
2023-02-27 00:00:00,Wind,Winter,11222
2020-02-09 00:00:00,Wind,Winter,12401
2024-07-16 00:00:00,Wind,Summer,7839
2021-06-06 00:00:00,Wind,Summer,1717
2021-05-05 00:00:00,Wind,Spring,3697
2020-02-17 00:00:00,Wind,Winter,11711
2021-06-20 00:00:00,Wind,Summer,4138
2023-12-20 00:00:00,Wind,Winter,9444
2020-08-30 00:00:00,Wind,Summer,4156
2021-07-26 00:00:00,Solar,Summer,7000
2022-09-09 00:00:00,Wind,Fall,14314
2023-07-28 00:00:00,Wind,Summer,4052
2025-11-27 00:00:00,Wind,Fall,11395
2021-03-10 00:00:00,Wind,Spring,12784
2022-08-16 00:00:00,Solar,Summer,5725
2021-05-25 00:00:00,Wind,Spring,9649
2023-02-09 00:00:00,Solar,Winter,2688
2020-03-19 00:00:00,Solar,Spring,3544
2025-10-15 00:00:00,Wind,Fall,5298
2021-08-25 00:00:00,Wind,Summer,9861
2024-11-08 00:00:00,Solar,Fall,5752
2021-06-03 00:00:00,Wind,Summer,1688
2020-02-16 00:00:00,Wind,Winter,14158
2025-03-29 00:00:00,Wind,Spring,9375
2021-11-24 00:00:00,Wind,Fall,2394
2025-11-02 00:00:00,Wind,Fall,8264
2023-10-05 00:00:00,Wind,Fall,1071
2021-09-09 00:00:00,Wind,Fall,2632
2023-12-11 00:00:00,Wind,Winter,10839
2022-08-19 00:00:00,Wind,Summer,3436
2024-08-28 00:00:00,Wind,Summer,2065
2020-04-27 00:00:00,Wind,Spring,417
2022-03-25 00:00:00,Wind,Spring,4540
2024-04-24 00:00:00,Wind,Spring,4826
2021-08-01 00:00:00,Solar,Summer,3739
2021-08-28 00:00:00,Wind,Summer,4566
2024-12-13 00:00:00,Wind,Winter,686
2020-12-07 00:00:00,Wind,Winter,3185
2024-05-26 00:00:00,Wind,Spring,7115
2022-06-16 00:00:00,Solar,Summer,5985
2023-03-17 00:00:00,Wind,Spring,6670
2025-03-26 00:00:00,Wind,Spring,3645
2021-01-17 00:00:00,Wind,Winter,6245
2022-03-18 00:00:00,Wind,Spring,6619
2025-11-22 00:00:00,Wind,Fall,3067
2020-08-06 00:00:00,Solar,Summer,1132
2021-03-10 00:00:00,Wind,Spring,2462
2022-11-28 00:00:00,Wind,Fall,4487
2024-06-23 00:00:00,Wind,Summer,2516
2020-03-29 00:00:00,Wind,Spring,15545
2025-08-05 00:00:00,Wind,Summer,4981
2020-12-16 00:00:00,Wind,Winter,7740
2023-12-31 00:00:00,Wind,Winter,17068
2025-08-12 00:00:00,Wind,Summer,4431
2023-09-13 00:00:00,Wind,Fall,1285
2023-02-08 00:00:00,Wind,Winter,3397
2021-05-23 00:00:00,Wind,Spring,7273
2025-07-31 00:00:00,Wind,Summer,3693
2023-03-19 00:00:00,Wind,Spring,3112
2023-02-07 00:00:00,Wind,Winter,8064
2021-08-08 00:00:00,Wind,Summer,6573
2020-09-12 00:00:00,Solar,Fall,1746
2023-12-17 00:00:00,Wind,Winter,2111
2021-05-09 00:00:00,Wind,Spring,10937
2021-03-24 00:00:00,Wind,Spring,2221
2024-05-28 00:00:00,Wind,Spring,7603
2025-01-06 00:00:00,Wind,Winter,18790
2024-11-16 00:00:00,Wind,Fall,1285
2021-10-21 00:00:00,Wind,Fall,11993
2021-05-09 00:00:00,Wind,Spring,6320
2023-05-08 00:00:00,Wind,Spring,1709
2021-05-05 00:00:00,Wind,Spring,12083
2023-01-12 00:00:00,Wind,Winter,16900
2023-08-08 00:00:00,Solar,Summer,9831
2024-12-09 00:00:00,Wind,Winter,13808
2021-04-25 00:00:00,Wind,Spring,8232
2021-03-29 00:00:00,Wind,Spring,4546
2025-02-18 00:00:00,Solar,Winter,9825
2025-04-15 00:00:00,Wind,Spring,7561
2022-03-26 00:00:00,Wind,Spring,8372
2024-09-10 00:00:00,Wind,Fall,16867
2022-01-06 00:00:00,Wind,Winter,3292
2024-11-05 00:00:00,Solar,Fall,3849
2022-04-17 00:00:00,Solar,Spring,7118
2022-08-16 00:00:00,Wind,Summer,788
2021-02-12 00:00:00,Wind,Winter,9076
2023-03-16 00:00:00,Wind,Spring,12106
2021-07-13 00:00:00,Wind,Summer,7587
2022-06-19 00:00:00,Wind,Summer,8414
2022-02-08 00:00:00,Wind,Winter,4617
2024-01-08 00:00:00,Wind,Winter,12237
2023-01-19 00:00:00,Wind,Winter,1493
2025-09-24 00:00:00,Wind,Fall,6194
2023-07-26 00:00:00,Solar,Summer,4441
2022-08-09 00:00:00,Solar,Summer,7230
2023-12-09 00:00:00,Wind,Winter,18217
2023-12-15 00:00:00,Wind,Winter,2695
2025-08-18 00:00:00,Solar,Summer,8406
2025-10-27 00:00:00,Wind,Fall,17402
2020-10-24 00:00:00,Wind,Fall,13049
2024-05-31 00:00:00,Wind,Spring,6019
2023-01-27 00:00:00,Wind,Winter,8809
2023-04-05 00:00:00,Solar,Spring,8048
2022-09-17 00:00:00,Wind,Fall,5089
2022-09-13 00:00:00,Wind,Fall,5218
2022-11-23 00:00:00,Wind,Fall,8016
2023-07-19 00:00:00,Wind,Summer,3665
2020-02-12 00:00:00,Wind,Winter,9249
2023-09-16 00:00:00,Solar,Fall,4287
2025-07-22 00:00:00,Wind,Summer,11218
2024-01-10 00:00:00,Wind,Winter,2519
2021-11-30 00:00:00,Wind,Fall,12595
2021-04-01 00:00:00,Solar,Spring,6136
2023-11-14 00:00:00,Wind,Fall,14411
2024-05-13 00:00:00,Solar,Spring,8299
2020-04-04 00:00:00,Wind,Spring,1507
2023-12-13 00:00:00,Wind,Winter,8250
2020-02-14 00:00:00,Wind,Winter,3877
2023-04-18 00:00:00,Wind,Spring,7969
2024-06-03 00:00:00,Wind,Summer,2313
2021-02-06 00:00:00,Wind,Winter,3721
2023-12-05 00:00:00,Wind,Winter,11763
2021-11-17 00:00:00,Wind,Fall,1735
2025-04-01 00:00:00,Wind,Spring,16314
2020-11-12 00:00:00,Wind,Fall,3830
2023-03-29 00:00:00,Wind,Spring,10029
2025-08-18 00:00:00,Wind,Summer,6436
2023-01-16 00:00:00,Wind,Winter,10560
2023-06-25 00:00:00,Solar,Summer,7617
2020-07-10 00:00:00,Wind,Summer,6004
2020-05-03 00:00:00,Solar,Spring,2715
2023-07-11 00:00:00,Wind,Summer,1440
2025-01-19 00:00:00,Wind,Winter,1247
2025-09-15 00:00:00,Wind,Fall,11829
2020-02-21 00:00:00,Wind,Winter,4526
2020-04-03 00:00:00,Wind,Spring,2045
2020-11-16 00:00:00,Wind,Fall,8791
2024-01-08 00:00:00,Wind,Winter,11527
2023-01-05 00:00:00,Wind,Winter,5141
2022-02-13 00:00:00,Wind,Winter,7754
2022-06-24 00:00:00,Wind,Summer,10605
2022-06-06 00:00:00,Solar,Summer,8772
2025-11-25 00:00:00,Wind,Fall,10545
2024-12-21 00:00:00,Wind,Winter,11019
2025-07-04 00:00:00,Solar,Summer,10382
2025-04-03 00:00:00,Wind,Spring,6607
2020-05-27 00:00:00,Wind,Spring,3233
2025-07-20 00:00:00,Wind,Summer,9310
2025-08-03 00:00:00,Wind,Summer,1880
2021-01-19 00:00:00,Wind,Winter,10754
2021-07-22 00:00:00,Wind,Summer,3126
2022-11-12 00:00:00,Solar,Fall,5451
2023-11-16 00:00:00,Wind,Fall,3165
2020-11-25 00:00:00,Wind,Fall,2800
2020-03-23 00:00:00,Wind,Spring,6877
2025-07-21 00:00:00,Wind,Summer,9816
2025-09-19 00:00:00,Wind,Fall,2045
2022-06-05 00:00:00,Wind,Summer,8606
2024-10-13 00:00:00,Wind,Fall,3303
2023-04-08 00:00:00,Solar,Spring,6560
2020-07-27 00:00:00,Wind,Summer,10256
2020-10-13 00:00:00,Wind,Fall,4407
2021-08-16 00:00:00,Wind,Summer,5226
2022-02-23 00:00:00,Wind,Winter,2068
2020-06-14 00:00:00,Wind,Summer,4021
2022-02-24 00:00:00,Wind,Winter,5440
2022-02-18 00:00:00,Wind,Winter,6858
2022-12-02 00:00:00,Wind,Winter,3589
2020-05-22 00:00:00,Wind,Spring,7240
2021-10-09 00:00:00,Wind,Fall,2847
2021-10-13 00:00:00,Wind,Fall,3296
2022-04-09 00:00:00,Wind,Spring,1982
2020-03-14 00:00:00,Wind,Spring,5211
2025-09-11 00:00:00,Wind,Fall,14879
2020-07-12 00:00:00,Wind,Summer,4023
2025-10-15 00:00:00,Solar,Fall,6940
2025-03-17 00:00:00,Wind,Spring,14877
2020-08-07 00:00:00,Wind,Summer,1119
2020-04-13 00:00:00,Wind,Spring,4328
2020-05-31 00:00:00,Wind,Spring,6056
2023-05-28 00:00:00,Wind,Spring,6428
2022-08-23 00:00:00,Wind,Summer,1005
2020-07-30 00:00:00,Solar,Summer,3388
2021-12-25 00:00:00,Wind,Winter,1572
2024-11-16 00:00:00,Wind,Fall,1374
2022-05-06 00:00:00,Wind,Spring,3436
2023-07-25 00:00:00,Wind,Summer,5855
2023-06-30 00:00:00,Wind,Summer,2447
2020-06-21 00:00:00,Wind,Summer,1887
2020-03-30 00:00:00,Wind,Spring,7156
2022-11-07 00:00:00,Wind,Fall,11253
2025-08-02 00:00:00,Wind,Summer,3930
2020-12-14 00:00:00,Wind,Winter,8267
2024-05-12 00:00:00,Wind,Spring,4275
2020-01-12 00:00:00,Wind,Winter,3733
2021-08-08 00:00:00,Wind,Summer,7331
2022-05-11 00:00:00,Wind,Spring,3101
2023-10-01 00:00:00,Wind,Fall,2395
2022-02-23 00:00:00,Solar,Winter,5805
2023-10-22 00:00:00,Wind,Fall,3732
2024-06-14 00:00:00,Wind,Summer,12826
2025-03-04 00:00:00,Solar,Spring,6290
2024-06-23 00:00:00,Solar,Summer,4302
2021-10-22 00:00:00,Wind,Fall,2834
2024-07-10 00:00:00,Wind,Summer,2264
2020-11-04 00:00:00,Solar,Fall,4014
2022-11-15 00:00:00,Wind,Fall,10782
2023-01-28 00:00:00,Wind,Winter,2268
2024-04-19 00:00:00,Wind,Spring,16276
2024-07-23 00:00:00,Wind,Summer,14087
2023-10-06 00:00:00,Wind,Fall,1085
2022-07-07 00:00:00,Wind,Summer,10600
2024-06-30 00:00:00,Wind,Summer,3753
2021-05-05 00:00:00,Wind,Spring,11434
2022-10-09 00:00:00,Solar,Fall,6807
2024-01-09 00:00:00,Wind,Winter,4360
2023-06-19 00:00:00,Wind,Summer,4195
2025-01-24 00:00:00,Wind,Winter,11288
2022-06-21 00:00:00,Wind,Summer,1796
2023-09-07 00:00:00,Wind,Fall,2686
2023-06-24 00:00:00,Solar,Summer,8244
2025-04-28 00:00:00,Wind,Spring,3071
2021-05-15 00:00:00,Wind,Spring,4264
2023-05-25 00:00:00,Wind,Spring,6906
2020-09-14 00:00:00,Solar,Fall,5071
2024-04-07 00:00:00,Wind,Spring,5202
2022-06-21 00:00:00,Wind,Summer,3804
2025-07-04 00:00:00,Wind,Summer,5286
2021-09-21 00:00:00,Wind,Fall,2280
2024-03-04 00:00:00,Wind,Spring,6988
2021-07-27 00:00:00,Wind,Summer,3166
2025-04-09 00:00:00,Wind,Spring,5058
2021-07-04 00:00:00,Wind,Summer,6911
2021-10-20 00:00:00,Wind,Fall,13048
2022-11-27 00:00:00,Wind,Fall,7343
2025-03-17 00:00:00,Wind,Spring,15549
2024-03-14 00:00:00,Wind,Spring,6363
2020-05-10 00:00:00,Wind,Spring,4802
2020-12-27 00:00:00,Wind,Winter,11736
2021-11-21 00:00:00,Wind,Fall,1770
2025-11-28 00:00:00,Wind,Fall,7931
2021-12-09 00:00:00,Wind,Winter,7038
2024-03-16 00:00:00,Wind,Spring,2197
2020-08-05 00:00:00,Solar,Summer,4806
2025-04-06 00:00:00,Wind,Spring,8524
2022-02-23 00:00:00,Wind,Winter,888
2020-12-22 00:00:00,Wind,Winter,10664
2023-06-10 00:00:00,Solar,Summer,3002
2025-11-13 00:00:00,Wind,Fall,10431
2022-03-16 00:00:00,Wind,Spring,4258
2025-09-16 00:00:00,Wind,Fall,11697
2020-11-21 00:00:00,Wind,Fall,2372
2024-12-12 00:00:00,Wind,Winter,3271
2023-06-15 00:00:00,Solar,Summer,5298
2023-02-24 00:00:00,Wind,Winter,6635
2022-04-01 00:00:00,Wind,Spring,14543
2021-04-20 00:00:00,Wind,Spring,577
2024-06-17 00:00:00,Wind,Summer,1375
2021-06-29 00:00:00,Solar,Summer,2049
2023-05-07 00:00:00,Wind,Spring,1473
2020-08-09 00:00:00,Wind,Summer,1263
2024-11-09 00:00:00,Wind,Fall,884
2024-07-03 00:00:00,Wind,Summer,12305
2020-02-26 00:00:00,Wind,Winter,6383
2025-07-08 00:00:00,Solar,Summer,10854
2023-12-27 00:00:00,Wind,Winter,13272
2025-02-08 00:00:00,Wind,Winter,4543
2024-10-25 00:00:00,Wind,Fall,6611
2021-12-02 00:00:00,Wind,Winter,7999
2024-05-10 00:00:00,Wind,Spring,5301
2023-01-31 00:00:00,Wind,Winter,6313
2024-02-28 00:00:00,Wind,Winter,4006
2022-10-27 00:00:00,Wind,Fall,5638
2024-11-09 00:00:00,Wind,Fall,622
2020-11-26 00:00:00,Wind,Fall,2650
2022-12-12 00:00:00,Wind,Winter,3694
2022-01-08 00:00:00,Wind,Winter,6540
2023-07-22 00:00:00,Wind,Summer,1465
2020-12-21 00:00:00,Wind,Winter,12706
2021-02-16 00:00:00,Wind,Winter,9859
2020-08-18 00:00:00,Wind,Summer,728
2020-02-02 00:00:00,Wind,Winter,11800
2020-04-22 00:00:00,Wind,Spring,2587
2020-06-05 00:00:00,Wind,Summer,5969
2024-05-23 00:00:00,Solar,Spring,6613
2022-03-20 00:00:00,Wind,Spring,6580
2024-05-19 00:00:00,Solar,Spring,2794
2023-09-06 00:00:00,Solar,Fall,4611
2021-04-22 00:00:00,Wind,Spring,8227
2025-07-21 00:00:00,Wind,Summer,13652
2020-10-26 00:00:00,Wind,Fall,7859
2025-09-26 00:00:00,Solar,Fall,4353
2020-07-28 00:00:00,Wind,Summer,3610
2024-01-16 00:00:00,Wind,Winter,1715
2020-10-26 00:00:00,Wind,Fall,7818
2024-03-26 00:00:00,Wind,Spring,8416
2023-11-28 00:00:00,Wind,Fall,7464
2024-11-14 00:00:00,Solar,Fall,5909
2024-12-17 00:00:00,Wind,Winter,6713
2020-03-20 00:00:00,Wind,Spring,6937
2025-03-28 00:00:00,Wind,Spring,5489
2022-01-16 00:00:00,Wind,Winter,1349
2021-08-17 00:00:00,Wind,Summer,2250
2025-10-22 00:00:00,Solar,Fall,6865
2020-01-25 00:00:00,Wind,Winter,1579
2025-02-22 00:00:00,Wind,Winter,11725
2023-04-10 00:00:00,Wind,Spring,7919
2021-10-20 00:00:00,Wind,Fall,14657
2020-01-30 00:00:00,Wind,Winter,8402
2024-09-29 00:00:00,Wind,Fall,6168
2020-11-15 00:00:00,Wind,Fall,14508
2021-06-08 00:00:00,Wind,Summer,916
2020-12-12 00:00:00,Wind,Winter,5943
2020-12-11 00:00:00,Wind,Winter,7153
2023-02-08 00:00:00,Wind,Winter,3513
2020-05-21 00:00:00,Wind,Spring,600
2025-07-09 00:00:00,Solar,Summer,10461
2024-02-10 00:00:00,Wind,Winter,4227
2023-07-07 00:00:00,Solar,Summer,8765
2020-01-03 00:00:00,Wind,Winter,9695
2020-12-06 00:00:00,Wind,Winter,1374
2021-10-06 00:00:00,Wind,Fall,8548
2023-06-09 00:00:00,Solar,Summer,5753
2021-07-04 00:00:00,Wind,Summer,6187
2021-02-19 00:00:00,Wind,Winter,4799
2021-11-24 00:00:00,Wind,Fall,4927
2021-12-15 00:00:00,Wind,Winter,1396
2025-01-25 00:00:00,Wind,Winter,5724
2020-07-14 00:00:00,Solar,Summer,5718
2023-10-18 00:00:00,Wind,Fall,11303
2024-06-27 00:00:00,Wind,Summer,7928
2021-04-24 00:00:00,Wind,Spring,6916
2023-10-16 00:00:00,Wind,Fall,9973
2024-02-18 00:00:00,Wind,Winter,6925
2020-05-08 00:00:00,Wind,Spring,3039
2024-03-12 00:00:00,Wind,Spring,5075
2020-03-14 00:00:00,Wind,Spring,3300
2021-01-17 00:00:00,Wind,Winter,5676
2022-01-03 00:00:00,Wind,Winter,12240
2020-08-07 00:00:00,Wind,Summer,2101
2023-09-26 00:00:00,Solar,Fall,6439
2025-07-28 00:00:00,Wind,Summer,6132
2025-07-19 00:00:00,Wind,Summer,3954
2021-03-20 00:00:00,Wind,Spring,4921
2021-08-25 00:00:00,Wind,Summer,4981
2021-05-16 00:00:00,Wind,Spring,4884
2025-11-24 00:00:00,Wind,Fall,7424
2023-01-06 00:00:00,Wind,Winter,7958
2023-08-25 00:00:00,Wind,Summer,5505
2020-08-21 00:00:00,Wind,Summer,7837
2020-12-10 00:00:00,Wind,Winter,2800
2022-12-24 00:00:00,Wind,Winter,3971
2025-02-26 00:00:00,Wind,Winter,8242
2022-03-01 00:00:00,Solar,Spring,4988
2022-09-25 00:00:00,Wind,Fall,1684
2022-11-26 00:00:00,Wind,Fall,2624
2021-03-25 00:00:00,Solar,Spring,3091
2025-01-18 00:00:00,Wind,Winter,1399
2022-10-06 00:00:00,Wind,Fall,1712
2025-05-20 00:00:00,Wind,Spring,6826
2020-10-05 00:00:00,Wind,Fall,10905
2020-01-31 00:00:00,Wind,Winter,8388
2021-01-10 00:00:00,Wind,Winter,4559
2023-06-14 00:00:00,Wind,Summer,3197
2021-03-15 00:00:00,Wind,Spring,10846
2024-11-29 00:00:00,Wind,Fall,6487
2020-12-22 00:00:00,Wind,Winter,10281
2020-10-05 00:00:00,Wind,Fall,11256
2021-04-20 00:00:00,Wind,Spring,637
2020-08-25 00:00:00,Wind,Summer,9550
2023-11-24 00:00:00,Wind,Fall,10539
2025-06-20 00:00:00,Wind,Summer,5645
2024-08-31 00:00:00,Solar,Summer,8116
2024-07-23 00:00:00,Wind,Summer,9773
2025-07-16 00:00:00,Solar,Summer,16069
2021-05-06 00:00:00,Wind,Spring,8791
2020-10-10 00:00:00,Wind,Fall,2346
2025-02-13 00:00:00,Solar,Winter,4494
2025-09-29 00:00:00,Wind,Fall,2697
2021-10-27 00:00:00,Wind,Fall,2392
2022-06-01 00:00:00,Wind,Summer,1109
2020-07-24 00:00:00,Wind,Summer,1771
2020-04-29 00:00:00,Wind,Spring,5811
2023-03-30 00:00:00,Wind,Spring,15694
2023-07-24 00:00:00,Wind,Summer,3944
2023-04-23 00:00:00,Wind,Spring,9704
2022-10-12 00:00:00,Wind,Fall,1054
2021-03-12 00:00:00,Wind,Spring,10222
2022-07-12 00:00:00,Wind,Summer,3789
2020-12-22 00:00:00,Wind,Winter,7182
2024-02-13 00:00:00,Wind,Winter,5445
2024-05-03 00:00:00,Wind,Spring,2251
2022-12-05 00:00:00,Solar,Winter,3554
2023-12-18 00:00:00,Solar,Winter,5551
2021-06-10 00:00:00,Wind,Summer,1116
2024-08-05 00:00:00,Wind,Summer,751
2021-11-24 00:00:00,Wind,Fall,6358
2025-08-31 00:00:00,Wind,Summer,5964
2020-06-24 00:00:00,Solar,Summer,6958
2023-08-11 00:00:00,Solar,Summer,6263
2021-04-21 00:00:00,Solar,Spring,5395
2024-02-25 00:00:00,Wind,Winter,8187
2024-07-22 00:00:00,Wind,Summer,4013
2022-08-06 00:00:00,Wind,Summer,7062
2023-07-07 00:00:00,Wind,Summer,4525
2021-03-22 00:00:00,Wind,Spring,4256
2025-11-19 00:00:00,Wind,Fall,9964
2022-07-16 00:00:00,Solar,Summer,6731
2022-08-03 00:00:00,Wind,Summer,1474
2025-05-03 00:00:00,Wind,Spring,7626
2023-09-29 00:00:00,Wind,Fall,2198
2022-01-15 00:00:00,Wind,Winter,651
2022-04-09 00:00:00,Wind,Spring,4701
2022-10-09 00:00:00,Wind,Fall,5394
2023-08-12 00:00:00,Solar,Summer,9789
2025-07-02 00:00:00,Wind,Summer,5548
2023-05-16 00:00:00,Wind,Spring,7799
2020-07-31 00:00:00,Wind,Summer,4080
2020-04-23 00:00:00,Wind,Spring,2669
2021-12-14 00:00:00,Wind,Winter,810
2020-03-11 00:00:00,Wind,Spring,12163
2024-07-26 00:00:00,Wind,Summer,506
2021-08-04 00:00:00,Solar,Summer,3345
2023-07-18 00:00:00,Wind,Summer,3434
2020-08-28 00:00:00,Wind,Summer,8079
2024-08-27 00:00:00,Solar,Summer,6209
2021-03-28 00:00:00,Wind,Spring,5097
2023-12-16 00:00:00,Wind,Winter,2504
2021-06-03 00:00:00,Solar,Summer,3738
2021-10-15 00:00:00,Wind,Fall,1488
2024-10-05 00:00:00,Wind,Fall,5905
2020-04-07 00:00:00,Wind,Spring,2681
2021-11-26 00:00:00,Wind,Fall,10802
2022-06-26 00:00:00,Solar,Summer,1719
2020-03-19 00:00:00,Solar,Spring,3939
2025-06-15 00:00:00,Solar,Summer,4719
2022-11-17 00:00:00,Wind,Fall,8379
2024-12-02 00:00:00,Wind,Winter,7331
2024-09-11 00:00:00,Wind,Fall,11638
2025-05-22 00:00:00,Wind,Spring,4939
2024-10-16 00:00:00,Wind,Fall,11452
2020-12-02 00:00:00,Wind,Winter,2987
2025-11-06 00:00:00,Wind,Fall,2440
2025-08-29 00:00:00,Wind,Summer,15987
2024-03-05 00:00:00,Wind,Spring,3012
2025-06-26 00:00:00,Wind,Summer,3959
2023-10-20 00:00:00,Wind,Fall,4473
2025-09-21 00:00:00,Wind,Fall,4316
2020-08-07 00:00:00,Solar,Summer,3640
2021-12-03 00:00:00,Wind,Winter,3110
2021-10-16 00:00:00,Solar,Fall,3384
2025-08-30 00:00:00,Wind,Summer,4396
2025-02-23 00:00:00,Wind,Winter,11952
2020-10-20 00:00:00,Wind,Fall,9534
2024-12-26 00:00:00,Wind,Winter,3449
2024-12-13 00:00:00,Wind,Winter,785
2022-07-16 00:00:00,Wind,Summer,3960
2020-10-11 00:00:00,Wind,Fall,3670
2024-07-26 00:00:00,Solar,Summer,7022
2023-09-29 00:00:00,Wind,Fall,8290
2023-12-20 00:00:00,Wind,Winter,11237
2020-07-11 00:00:00,Wind,Summer,4072
2025-01-31 00:00:00,Wind,Winter,2272
2020-03-10 00:00:00,Wind,Spring,11993
2022-03-03 00:00:00,Wind,Spring,1517
2024-03-07 00:00:00,Wind,Spring,11067
2024-10-19 00:00:00,Wind,Fall,3297
2020-05-21 00:00:00,Solar,Spring,4337
2023-10-11 00:00:00,Solar,Fall,8576
2022-07-02 00:00:00,Wind,Summer,754
2023-01-15 00:00:00,Wind,Winter,14992
2022-07-19 00:00:00,Wind,Summer,5671
2022-10-22 00:00:00,Wind,Fall,6189
2023-12-31 00:00:00,Wind,Winter,17336
2022-04-04 00:00:00,Wind,Spring,2150
2022-03-02 00:00:00,Wind,Spring,2780
2021-09-24 00:00:00,Wind,Fall,475
2021-05-23 00:00:00,Wind,Spring,9144
2020-09-29 00:00:00,Wind,Fall,1805
2024-03-09 00:00:00,Wind,Spring,12796
2024-04-16 00:00:00,Wind,Spring,10158
2020-06-11 00:00:00,Wind,Summer,4847
2022-02-01 00:00:00,Wind,Winter,6934
2024-08-30 00:00:00,Wind,Summer,2706
2021-06-27 00:00:00,Wind,Summer,3872
2020-11-17 00:00:00,Wind,Fall,2225
2024-07-23 00:00:00,Wind,Summer,4890
2022-07-16 00:00:00,Wind,Summer,3533
2025-07-08 00:00:00,Wind,Summer,3770
2022-10-19 00:00:00,Wind,Fall,7629
2020-06-16 00:00:00,Wind,Summer,1666
2025-01-10 00:00:00,Wind,Winter,3319
2020-09-10 00:00:00,Solar,Fall,3052
2021-11-13 00:00:00,Wind,Fall,5126
2025-04-22 00:00:00,Solar,Spring,7792
2020-05-15 00:00:00,Wind,Spring,6575
2024-03-25 00:00:00,Wind,Spring,10580
2023-01-26 00:00:00,Wind,Winter,6312
2024-07-19 00:00:00,Wind,Summer,1335
2025-06-30 00:00:00,Wind,Summer,1192
2023-02-12 00:00:00,Wind,Winter,3402
2022-09-27 00:00:00,Wind,Fall,6509
2020-07-27 00:00:00,Wind,Summer,11749
2023-07-10 00:00:00,Solar,Summer,8700
2025-01-20 00:00:00,Wind,Winter,1542
2023-03-28 00:00:00,Wind,Spring,9979
2021-10-04 00:00:00,Wind,Fall,5584
2024-06-09 00:00:00,Wind,Summer,3464
2021-08-17 00:00:00,Solar,Summer,6878
2023-01-27 00:00:00,Wind,Winter,8252
2021-08-05 00:00:00,Wind,Summer,8681
2025-07-21 00:00:00,Wind,Summer,7848
2025-05-27 00:00:00,Wind,Spring,15563
2024-02-22 00:00:00,Wind,Winter,14343
2023-12-10 00:00:00,Wind,Winter,16050
2021-06-18 00:00:00,Wind,Summer,3603
2025-04-25 00:00:00,Solar,Spring,7896
2021-07-05 00:00:00,Wind,Summer,2602
2021-07-07 00:00:00,Wind,Summer,1703
2020-12-12 00:00:00,Wind,Winter,6348
2025-11-01 00:00:00,Wind,Fall,9647
2024-01-22 00:00:00,Wind,Winter,14875
2025-08-28 00:00:00,Wind,Summer,11353
2022-04-29 00:00:00,Solar,Spring,4724
2021-01-20 00:00:00,Wind,Winter,15051
2024-06-19 00:00:00,Wind,Summer,6935
2022-04-02 00:00:00,Wind,Spring,12110
2024-08-08 00:00:00,Wind,Summer,1189
2024-11-02 00:00:00,Wind,Fall,3994
2021-09-06 00:00:00,Solar,Fall,5313
2020-03-28 00:00:00,Wind,Spring,9382
2022-02-14 00:00:00,Wind,Winter,6029
2022-10-13 00:00:00,Wind,Fall,4003
2024-07-15 00:00:00,Wind,Summer,10450
2023-04-22 00:00:00,Wind,Spring,3755
2024-10-26 00:00:00,Solar,Fall,2125
2025-01-25 00:00:00,Wind,Winter,7875
2024-02-06 00:00:00,Wind,Winter,15869
2024-11-24 00:00:00,Wind,Fall,19758
2022-12-04 00:00:00,Wind,Winter,3252
2023-02-12 00:00:00,Solar,Winter,6688
2020-01-31 00:00:00,Wind,Winter,7716
2020-11-29 00:00:00,Wind,Fall,4788
2022-04-29 00:00:00,Wind,Spring,4816
2021-08-01 00:00:00,Solar,Summer,6683
2020-03-15 00:00:00,Wind,Spring,3612
2023-07-01 00:00:00,Wind,Summer,7075
2023-03-02 00:00:00,Wind,Spring,4877
2024-08-03 00:00:00,Wind,Summer,3218
2024-11-19 00:00:00,Wind,Fall,12210
2024-01-08 00:00:00,Wind,Winter,12121
2024-12-21 00:00:00,Wind,Winter,18922
2022-10-25 00:00:00,Wind,Fall,4158
2022-04-15 00:00:00,Wind,Spring,1942
2021-12-07 00:00:00,Wind,Winter,5150
2022-01-17 00:00:00,Wind,Winter,2215
2025-02-24 00:00:00,Wind,Winter,15311
2021-07-14 00:00:00,Wind,Summer,6824
2023-01-11 00:00:00,Wind,Winter,13408
2024-10-15 00:00:00,Wind,Fall,7313
2023-09-14 00:00:00,Wind,Fall,983
2021-12-04 00:00:00,Wind,Winter,14167
2021-05-10 00:00:00,Wind,Spring,1928
2021-07-31 00:00:00,Wind,Summer,6027
2025-11-26 00:00:00,Wind,Fall,5852
2022-06-20 00:00:00,Wind,Summer,4764
2020-08-01 00:00:00,Solar,Summer,4517
2022-09-30 00:00:00,Wind,Fall,8433
2024-06-10 00:00:00,Wind,Summer,16343
2024-09-08 00:00:00,Wind,Fall,5635
2021-08-20 00:00:00,Solar,Summer,3653
2020-10-21 00:00:00,Wind,Fall,11801
2023-11-08 00:00:00,Wind,Fall,14010
2020-10-11 00:00:00,Wind,Fall,3222
2023-08-04 00:00:00,Solar,Summer,7826
2021-05-15 00:00:00,Wind,Spring,11074
2021-11-01 00:00:00,Wind,Fall,5774
2025-02-13 00:00:00,Wind,Winter,1341
2022-02-20 00:00:00,Wind,Winter,16004
2025-01-02 00:00:00,Wind,Winter,7704
2023-01-23 00:00:00,Wind,Winter,4026
2022-03-15 00:00:00,Wind,Spring,5845
2022-12-01 00:00:00,Wind,Winter,4324
2024-05-10 00:00:00,Wind,Spring,5155
2025-08-15 00:00:00,Solar,Summer,9881
2020-02-09 00:00:00,Wind,Winter,15238
2024-05-21 00:00:00,Wind,Spring,3665
2024-05-11 00:00:00,Wind,Spring,4326
2020-09-23 00:00:00,Wind,Fall,5813
2025-11-17 00:00:00,Wind,Fall,10323
2021-01-02 00:00:00,Wind,Winter,1169
2023-08-08 00:00:00,Wind,Summer,2853
2023-05-18 00:00:00,Wind,Spring,6720
2022-10-24 00:00:00,Wind,Fall,7627
2022-09-03 00:00:00,Wind,Fall,1066
2024-11-29 00:00:00,Solar,Fall,7650
2020-04-04 00:00:00,Solar,Spring,4136
2020-03-18 00:00:00,Solar,Spring,3727
2020-04-29 00:00:00,Wind,Spring,10092
2021-10-16 00:00:00,Solar,Fall,3207
2021-10-06 00:00:00,Wind,Fall,8756
2025-02-26 00:00:00,Wind,Winter,13305
2021-03-01 00:00:00,Solar,Spring,5810
2022-11-24 00:00:00,Wind,Fall,11415
2025-09-01 00:00:00,Wind,Fall,5387
2024-11-14 00:00:00,Wind,Fall,3630
2021-03-20 00:00:00,Wind,Spring,4488
2021-12-17 00:00:00,Wind,Winter,6817
2025-02-07 00:00:00,Wind,Winter,9958
2024-01-05 00:00:00,Wind,Winter,12301
2024-09-08 00:00:00,Wind,Fall,11440
2020-07-27 00:00:00,Wind,Summer,3719
2023-02-17 00:00:00,Wind,Winter,13006
2024-07-22 00:00:00,Wind,Summer,3267
2024-09-07 00:00:00,Solar,Fall,6652
2021-08-02 00:00:00,Solar,Summer,1835
2021-07-24 00:00:00,Wind,Summer,5008
2022-06-26 00:00:00,Wind,Summer,1353
2021-05-25 00:00:00,Wind,Spring,10972
2024-01-03 00:00:00,Wind,Winter,16091
2024-04-28 00:00:00,Wind,Spring,4975
2022-02-10 00:00:00,Wind,Winter,4390
2023-09-01 00:00:00,Wind,Fall,4835
2025-01-23 00:00:00,Wind,Winter,6187
2022-08-12 00:00:00,Solar,Summer,4233
2022-06-06 00:00:00,Wind,Summer,3154
2021-04-26 00:00:00,Wind,Spring,6682
2022-08-21 00:00:00,Wind,Summer,492
2025-07-29 00:00:00,Solar,Summer,9703
2020-01-14 00:00:00,Wind,Winter,12193
2020-11-23 00:00:00,Wind,Fall,197
2020-03-03 00:00:00,Wind,Spring,2913
2022-04-30 00:00:00,Wind,Spring,4152
2025-08-28 00:00:00,Wind,Summer,2154
2025-09-28 00:00:00,Solar,Fall,3101
2020-04-26 00:00:00,Solar,Spring,826
2020-04-26 00:00:00,Wind,Spring,1234
2020-01-13 00:00:00,Wind,Winter,3124
2021-07-04 00:00:00,Wind,Summer,1516
2022-08-20 00:00:00,Solar,Summer,6307
2022-10-15 00:00:00,Wind,Fall,4985
2024-11-04 00:00:00,Wind,Fall,2945
2024-05-27 00:00:00,Wind,Spring,2781
2021-05-03 00:00:00,Wind,Spring,1219
2023-06-25 00:00:00,Wind,Summer,4990
2023-01-24 00:00:00,Wind,Winter,3120
2022-02-11 00:00:00,Wind,Winter,2704
2023-06-17 00:00:00,Wind,Summer,1596
2021-09-25 00:00:00,Solar,Fall,3100
2024-09-09 00:00:00,Wind,Fall,8509
2023-04-25 00:00:00,Wind,Spring,2732
2021-04-17 00:00:00,Wind,Spring,5570
2022-08-01 00:00:00,Wind,Summer,1415
2021-07-14 00:00:00,Wind,Summer,7691
2025-10-14 00:00:00,Wind,Fall,8624
2020-02-21 00:00:00,Wind,Winter,8633
2024-10-24 00:00:00,Solar,Fall,7285
2022-07-17 00:00:00,Wind,Summer,6218
2022-08-15 00:00:00,Solar,Summer,7754
2020-08-23 00:00:00,Wind,Summer,4453
2020-08-01 00:00:00,Wind,Summer,1772
2025-07-03 00:00:00,Wind,Summer,5681
2022-05-02 00:00:00,Wind,Spring,3281
2020-10-11 00:00:00,Wind,Fall,4013
2021-05-15 00:00:00,Wind,Spring,7542
2024-08-19 00:00:00,Solar,Summer,6872
2025-10-21 00:00:00,Wind,Fall,12221
2023-06-25 00:00:00,Solar,Summer,7269
2024-09-15 00:00:00,Solar,Fall,7756
2024-07-19 00:00:00,Wind,Summer,1367
2022-06-20 00:00:00,Solar,Summer,6635
2020-11-24 00:00:00,Wind,Fall,1825
2022-03-20 00:00:00,Wind,Spring,4944
2020-05-26 00:00:00,Solar,Spring,7491
2025-09-09 00:00:00,Wind,Fall,2139
2020-01-23 00:00:00,Wind,Winter,5821
2022-07-22 00:00:00,Wind,Summer,3155
2023-02-22 00:00:00,Wind,Winter,2969
2023-05-04 00:00:00,Wind,Spring,7974
2022-03-29 00:00:00,Solar,Spring,3886
2025-01-24 00:00:00,Wind,Winter,19431
2025-03-17 00:00:00,Wind,Spring,11797
2024-11-04 00:00:00,Wind,Fall,2853
2023-01-11 00:00:00,Wind,Winter,10073
2022-06-21 00:00:00,Solar,Summer,4791
2020-07-02 00:00:00,Wind,Summer,6452
2024-05-12 00:00:00,Solar,Spring,4059
2021-03-11 00:00:00,Wind,Spring,14266
2020-09-23 00:00:00,Wind,Fall,8641
2024-04-30 00:00:00,Wind,Spring,3124
2023-09-16 00:00:00,Wind,Fall,2367
2025-05-04 00:00:00,Wind,Spring,11985
2022-04-08 00:00:00,Wind,Spring,10607
2023-12-23 00:00:00,Wind,Winter,14470
2025-08-11 00:00:00,Wind,Summer,5924
2021-07-16 00:00:00,Wind,Summer,7525
2020-02-11 00:00:00,Wind,Winter,11753
2024-11-09 00:00:00,Wind,Fall,1782
2022-09-27 00:00:00,Wind,Fall,9228
2024-09-01 00:00:00,Wind,Fall,4830
2020-11-01 00:00:00,Wind,Fall,9246
2025-01-09 00:00:00,Wind,Winter,14188
2024-12-31 00:00:00,Wind,Winter,2303
2025-01-06 00:00:00,Wind,Winter,18763
2024-01-30 00:00:00,Solar,Winter,7283
2021-04-18 00:00:00,Wind,Spring,2015
2021-04-24 00:00:00,Solar,Spring,8651
2021-10-27 00:00:00,Wind,Fall,2324
2020-07-02 00:00:00,Wind,Summer,2474
2024-01-07 00:00:00,Wind,Winter,7340
2024-01-18 00:00:00,Wind,Winter,6969
2023-09-09 00:00:00,Wind,Fall,1650
2025-03-17 00:00:00,Solar,Spring,11786
2024-10-20 00:00:00,Wind,Fall,6846
2021-09-11 00:00:00,Solar,Fall,4615
2024-03-12 00:00:00,Wind,Spring,12222
2020-08-06 00:00:00,Solar,Summer,3605
2022-01-15 00:00:00,Wind,Winter,847
2022-04-18 00:00:00,Solar,Spring,4269
2020-01-13 00:00:00,Wind,Winter,2987
2021-03-16 00:00:00,Solar,Spring,5314
2022-06-15 00:00:00,Wind,Summer,2328
2023-09-30 00:00:00,Solar,Fall,6508
2024-10-29 00:00:00,Wind,Fall,685
2025-09-04 00:00:00,Wind,Fall,6150
2023-08-21 00:00:00,Solar,Summer,6576
2020-04-19 00:00:00,Wind,Spring,2914
2021-07-12 00:00:00,Wind,Summer,2663
2022-01-03 00:00:00,Wind,Winter,9393
2020-11-10 00:00:00,Wind,Fall,486
2025-02-03 00:00:00,Wind,Winter,1883
2025-03-31 00:00:00,Wind,Spring,4280
2024-07-12 00:00:00,Wind,Summer,8243
2024-06-14 00:00:00,Wind,Summer,12714
2025-09-21 00:00:00,Solar,Fall,3451
2021-05-16 00:00:00,Wind,Spring,9508
2022-03-07 00:00:00,Wind,Spring,6815
2022-08-10 00:00:00,Solar,Summer,6251
2023-03-07 00:00:00,Wind,Spring,5865
2025-03-14 00:00:00,Wind,Spring,7686
2024-10-04 00:00:00,Wind,Fall,4180
2022-12-15 00:00:00,Wind,Winter,7205
2020-09-03 00:00:00,Wind,Fall,931
2022-06-17 00:00:00,Wind,Summer,1078
2023-12-21 00:00:00,Wind,Winter,17520
2023-03-02 00:00:00,Solar,Spring,6558
2024-08-04 00:00:00,Wind,Summer,1620
2024-12-29 00:00:00,Wind,Winter,548
2024-11-14 00:00:00,Wind,Fall,3831
2022-08-04 00:00:00,Solar,Summer,3343
2022-04-26 00:00:00,Wind,Spring,2101
2022-05-16 00:00:00,Wind,Spring,5648
2020-01-09 00:00:00,Wind,Winter,10435
2022-11-24 00:00:00,Wind,Fall,9150
2024-01-20 00:00:00,Wind,Winter,10670
2020-03-14 00:00:00,Wind,Spring,3349
2020-03-10 00:00:00,Wind,Spring,11030
2024-05-26 00:00:00,Wind,Spring,4508
2023-08-13 00:00:00,Wind,Summer,1162
2022-03-28 00:00:00,Wind,Spring,1606
2020-10-12 00:00:00,Solar,Fall,4590
2024-10-22 00:00:00,Solar,Fall,3182
2020-10-19 00:00:00,Solar,Fall,5009
2021-09-12 00:00:00,Wind,Fall,1376
2024-07-17 00:00:00,Wind,Summer,2046
2024-08-17 00:00:00,Wind,Summer,1571
2023-08-13 00:00:00,Solar,Summer,7801
2024-06-28 00:00:00,Wind,Summer,3695
2022-02-06 00:00:00,Wind,Winter,13477
2021-03-31 00:00:00,Solar,Spring,4010
2023-10-25 00:00:00,Wind,Fall,11630
2024-07-23 00:00:00,Wind,Summer,2067
2023-03-18 00:00:00,Wind,Spring,7204
2024-12-05 00:00:00,Wind,Winter,18205
2024-01-08 00:00:00,Wind,Winter,11508
2020-06-11 00:00:00,Wind,Summer,2692
2025-06-06 00:00:00,Wind,Summer,4429
2021-06-02 00:00:00,Wind,Summer,2032
2020-09-21 00:00:00,Wind,Fall,1334
2025-09-02 00:00:00,Wind,Fall,11315
2025-09-21 00:00:00,Wind,Fall,4453
2021-08-09 00:00:00,Wind,Summer,6015
2021-03-16 00:00:00,Wind,Spring,3997
2022-10-18 00:00:00,Solar,Fall,5899
2021-12-26 00:00:00,Wind,Winter,4600
2024-07-27 00:00:00,Wind,Summer,455
2020-09-11 00:00:00,Solar,Fall,1917
2020-09-13 00:00:00,Wind,Fall,705
2023-08-15 00:00:00,Solar,Summer,4625
2021-07-29 00:00:00,Wind,Summer,4205
2024-05-19 00:00:00,Wind,Spring,552
2023-03-30 00:00:00,Wind,Spring,11130
2025-07-10 00:00:00,Solar,Summer,11067
2025-08-09 00:00:00,Wind,Summer,1139
2023-11-01 00:00:00,Wind,Fall,12788
2024-06-12 00:00:00,Wind,Summer,2252
2025-09-20 00:00:00,Wind,Fall,6560
2020-05-01 00:00:00,Wind,Spring,7535
2020-01-21 00:00:00,Wind,Winter,2976
2025-06-29 00:00:00,Wind,Summer,2536
2020-10-12 00:00:00,Wind,Fall,2120
2024-07-25 00:00:00,Solar,Summer,9805
2023-06-05 00:00:00,Solar,Summer,9739
2023-06-09 00:00:00,Wind,Summer,4688
2025-09-04 00:00:00,Wind,Fall,6077
2024-05-11 00:00:00,Wind,Spring,4091
2025-03-24 00:00:00,Solar,Spring,5051
2023-07-26 00:00:00,Wind,Summer,2889
2024-08-06 00:00:00,Wind,Summer,2592
2025-04-22 00:00:00,Wind,Spring,1421
2024-08-27 00:00:00,Solar,Summer,8753
2021-07-11 00:00:00,Solar,Summer,4877
2021-11-11 00:00:00,Wind,Fall,1001
2025-02-25 00:00:00,Wind,Winter,4530
2025-04-02 00:00:00,Wind,Spring,18987
2020-07-22 00:00:00,Wind,Summer,3797
2020-02-05 00:00:00,Wind,Winter,2504
2020-03-30 00:00:00,Wind,Spring,8073
2020-05-11 00:00:00,Wind,Spring,9699
2021-11-05 00:00:00,Wind,Fall,3405
2020-08-30 00:00:00,Wind,Summer,3012
2025-09-08 00:00:00,Wind,Fall,2307
2022-03-04 00:00:00,Wind,Spring,3630
2022-08-06 00:00:00,Wind,Summer,5462
2024-12-13 00:00:00,Wind,Winter,698
2023-12-31 00:00:00,Wind,Winter,17198
2025-09-04 00:00:00,Wind,Fall,9465
2025-02-25 00:00:00,Wind,Winter,8542
2022-03-18 00:00:00,Wind,Spring,12613
2025-03-19 00:00:00,Solar,Spring,12452
2022-08-07 00:00:00,Wind,Summer,7995
2025-03-24 00:00:00,Wind,Spring,747
2020-12-22 00:00:00,Wind,Winter,9500
2020-05-05 00:00:00,Wind,Spring,2517
2024-12-14 00:00:00,Wind,Winter,2252
2023-02-03 00:00:00,Wind,Winter,4534
2022-11-12 00:00:00,Wind,Fall,4144
2024-07-18 00:00:00,Solar,Summer,7522
2020-03-09 00:00:00,Wind,Spring,6476
2021-06-28 00:00:00,Solar,Summer,4142
2022-03-24 00:00:00,Solar,Spring,6783
2020-01-03 00:00:00,Wind,Winter,9177
2025-05-02 00:00:00,Wind,Spring,3054
2022-11-23 00:00:00,Wind,Fall,12239
2023-11-03 00:00:00,Wind,Fall,9640
2024-04-09 00:00:00,Wind,Spring,8241
2021-05-16 00:00:00,Wind,Spring,9726
2025-02-14 00:00:00,Wind,Winter,5166
2022-10-23 00:00:00,Wind,Fall,13158
2022-12-14 00:00:00,Wind,Winter,2357
2024-07-31 00:00:00,Solar,Summer,6848
2025-01-15 00:00:00,Wind,Winter,2675
2021-11-21 00:00:00,Wind,Fall,5308
2023-11-12 00:00:00,Wind,Fall,7747
2021-11-10 00:00:00,Wind,Fall,1095
2022-10-30 00:00:00,Wind,Fall,4128
2021-01-12 00:00:00,Wind,Winter,11705
2023-11-17 00:00:00,Wind,Fall,4471
2022-07-03 00:00:00,Solar,Summer,2588
2021-03-09 00:00:00,Wind,Spring,3112
2023-03-17 00:00:00,Wind,Spring,9438
2025-04-01 00:00:00,Wind,Spring,10726
2020-03-28 00:00:00,Wind,Spring,2228
2022-01-29 00:00:00,Wind,Winter,5616
2023-02-11 00:00:00,Wind,Winter,2311
2020-05-19 00:00:00,Wind,Spring,3873
2023-05-08 00:00:00,Wind,Spring,1613
2021-04-23 00:00:00,Solar,Spring,4703
2025-10-13 00:00:00,Wind,Fall,6779
2020-01-08 00:00:00,Wind,Winter,5049
2023-11-13 00:00:00,Wind,Fall,10748
2021-06-30 00:00:00,Wind,Summer,2072
2023-08-28 00:00:00,Wind,Summer,3728
2021-09-02 00:00:00,Wind,Fall,6041
2022-03-31 00:00:00,Wind,Spring,5596
2023-01-14 00:00:00,Wind,Winter,18425
2020-12-10 00:00:00,Wind,Winter,3945
2025-01-06 00:00:00,Wind,Winter,18841
2024-02-05 00:00:00,Wind,Winter,9758
2024-11-04 00:00:00,Solar,Fall,4760
2022-11-10 00:00:00,Wind,Fall,3540
2020-07-14 00:00:00,Solar,Summer,2423
2020-09-17 00:00:00,Wind,Fall,4803
2021-07-12 00:00:00,Solar,Summer,4724
2020-05-22 00:00:00,Solar,Spring,5050
2021-01-18 00:00:00,Wind,Winter,5818
2022-09-22 00:00:00,Wind,Fall,613
2021-02-22 00:00:00,Wind,Winter,6262
2020-03-22 00:00:00,Wind,Spring,8856
2020-10-12 00:00:00,Wind,Fall,2453
2025-04-19 00:00:00,Wind,Spring,4612
2025-08-25 00:00:00,Wind,Summer,1411
2022-04-20 00:00:00,Wind,Spring,4490
2020-12-09 00:00:00,Wind,Winter,2985
2020-07-22 00:00:00,Solar,Summer,4307
2023-05-21 00:00:00,Wind,Spring,5032
2022-01-22 00:00:00,Wind,Winter,2925
2021-12-01 00:00:00,Wind,Winter,12759
2021-01-11 00:00:00,Wind,Winter,1886
2020-03-09 00:00:00,Wind,Spring,7030
2024-02-26 00:00:00,Wind,Winter,13709
2022-03-07 00:00:00,Wind,Spring,5870
2021-10-11 00:00:00,Solar,Fall,4324
2025-09-01 00:00:00,Wind,Fall,12704
2020-10-02 00:00:00,Wind,Fall,3285
2024-12-20 00:00:00,Wind,Winter,8847
2022-08-07 00:00:00,Solar,Summer,10239
2024-02-07 00:00:00,Wind,Winter,17700
2020-06-04 00:00:00,Wind,Summer,6146
2021-10-13 00:00:00,Wind,Fall,2432
2020-02-09 00:00:00,Wind,Winter,8445
2022-02-21 00:00:00,Wind,Winter,10192
2024-03-03 00:00:00,Wind,Spring,3260
2025-07-17 00:00:00,Wind,Summer,1257
2024-02-23 00:00:00,Wind,Winter,12084
2025-03-07 00:00:00,Wind,Spring,10966
2023-12-15 00:00:00,Wind,Winter,1834
2025-09-24 00:00:00,Wind,Fall,7488
2025-08-03 00:00:00,Solar,Summer,4235
2025-11-20 00:00:00,Wind,Fall,3840
2020-09-11 00:00:00,Wind,Fall,1169
2025-11-02 00:00:00,Wind,Fall,8973
2022-09-22 00:00:00,Solar,Fall,5500
2020-05-23 00:00:00,Wind,Spring,8605
2022-12-20 00:00:00,Wind,Winter,13706
2024-11-22 00:00:00,Wind,Fall,5864
2022-11-13 00:00:00,Wind,Fall,2267
2021-04-19 00:00:00,Solar,Spring,3728
2024-07-04 00:00:00,Wind,Summer,7129
2023-06-26 00:00:00,Wind,Summer,3874
2023-10-22 00:00:00,Wind,Fall,2996
2022-01-16 00:00:00,Solar,Winter,5824
2020-09-07 00:00:00,Wind,Fall,1722
2022-05-23 00:00:00,Wind,Spring,3621
2025-10-04 00:00:00,Wind,Fall,16699
2020-12-10 00:00:00,Wind,Winter,6025
2021-05-01 00:00:00,Wind,Spring,1335
2021-06-11 00:00:00,Wind,Summer,2701
2024-01-01 00:00:00,Wind,Winter,12702
2023-05-09 00:00:00,Wind,Spring,5818
2022-01-12 00:00:00,Solar,Winter,3844
2023-11-12 00:00:00,Wind,Fall,7217
2022-11-02 00:00:00,Wind,Fall,10172
2020-09-08 00:00:00,Solar,Fall,4412
2021-04-16 00:00:00,Wind,Spring,6013
2022-11-15 00:00:00,Wind,Fall,6725
2022-12-23 00:00:00,Wind,Winter,13142
2022-04-13 00:00:00,Solar,Spring,2030
2023-04-21 00:00:00,Solar,Spring,7766
2025-03-03 00:00:00,Wind,Spring,3662
2022-11-11 00:00:00,Solar,Fall,6178
2023-06-10 00:00:00,Wind,Summer,2892
2021-08-25 00:00:00,Wind,Summer,6301
2022-02-04 00:00:00,Wind,Winter,5142
2020-02-03 00:00:00,Wind,Winter,8082
2021-03-24 00:00:00,Solar,Spring,3598
2021-04-25 00:00:00,Wind,Spring,8643
2024-06-15 00:00:00,Wind,Summer,9554
2020-01-07 00:00:00,Wind,Winter,4202
2021-03-25 00:00:00,Wind,Spring,1803
2021-04-11 00:00:00,Wind,Spring,4909
2022-12-25 00:00:00,Wind,Winter,9014
2025-09-09 00:00:00,Wind,Fall,2515
2020-06-28 00:00:00,Wind,Summer,5007
2022-04-29 00:00:00,Wind,Spring,3276
2023-04-08 00:00:00,Wind,Spring,3945
2023-03-19 00:00:00,Wind,Spring,2707
2020-03-23 00:00:00,Wind,Spring,8097
2023-07-04 00:00:00,Wind,Summer,7479
2021-09-02 00:00:00,Wind,Fall,5757
2024-05-01 00:00:00,Wind,Spring,1919
2024-08-10 00:00:00,Solar,Summer,2611
2024-04-06 00:00:00,Wind,Spring,13920
2020-07-28 00:00:00,Wind,Summer,7320
2023-09-12 00:00:00,Solar,Fall,4847
2022-06-20 00:00:00,Wind,Summer,3854
2024-04-30 00:00:00,Wind,Spring,3211
2021-07-19 00:00:00,Wind,Summer,3621
2024-11-02 00:00:00,Wind,Fall,2593
2023-10-23 00:00:00,Wind,Fall,4629
2025-11-08 00:00:00,Wind,Fall,2972
2022-07-17 00:00:00,Wind,Summer,4452
2023-08-21 00:00:00,Solar,Summer,2986
2022-04-14 00:00:00,Wind,Spring,1781
2023-11-02 00:00:00,Wind,Fall,16663
2024-03-11 00:00:00,Wind,Spring,3569
2025-05-19 00:00:00,Wind,Spring,5554
2023-08-18 00:00:00,Wind,Summer,2753
2021-01-24 00:00:00,Wind,Winter,9368
2025-11-04 00:00:00,Wind,Fall,14722
2025-01-02 00:00:00,Wind,Winter,2940
2022-11-07 00:00:00,Wind,Fall,14582
2022-06-21 00:00:00,Solar,Summer,4256
2025-10-23 00:00:00,Wind,Fall,21130
2021-12-04 00:00:00,Wind,Winter,8479
2025-06-30 00:00:00,Wind,Summer,4201
2022-11-06 00:00:00,Wind,Fall,11082
2021-10-22 00:00:00,Wind,Fall,7563
2024-09-26 00:00:00,Wind,Fall,18099
2025-11-10 00:00:00,Wind,Fall,7424
2023-12-14 00:00:00,Wind,Winter,7386
2025-01-30 00:00:00,Wind,Winter,7524
2020-12-26 00:00:00,Wind,Winter,2946
2025-09-22 00:00:00,Wind,Fall,8345
2024-12-10 00:00:00,Wind,Winter,10950
2020-12-01 00:00:00,Wind,Winter,7384
2021-09-23 00:00:00,Wind,Fall,1187
2022-07-17 00:00:00,Solar,Summer,8450
2020-07-20 00:00:00,Solar,Summer,4972
2023-09-10 00:00:00,Wind,Fall,3618
2023-07-10 00:00:00,Solar,Summer,8155
2021-02-10 00:00:00,Wind,Winter,8366
2020-01-29 00:00:00,Wind,Winter,5091
2025-09-16 00:00:00,Wind,Fall,12139
2020-11-29 00:00:00,Wind,Fall,1854
2022-09-20 00:00:00,Solar,Fall,4950
2020-08-22 00:00:00,Wind,Summer,5453
2022-01-09 00:00:00,Wind,Winter,13974
2020-06-04 00:00:00,Wind,Summer,2997
2021-11-04 00:00:00,Wind,Fall,3557
2023-01-14 00:00:00,Wind,Winter,15699
2021-02-21 00:00:00,Wind,Winter,6413
2021-05-02 00:00:00,Wind,Spring,919
2025-05-30 00:00:00,Wind,Spring,790
2024-02-08 00:00:00,Wind,Winter,17063
2023-03-22 00:00:00,Wind,Spring,10725
2023-04-22 00:00:00,Wind,Spring,4253
2024-03-27 00:00:00,Wind,Spring,15606
2020-12-25 00:00:00,Wind,Winter,6831
2023-12-24 00:00:00,Wind,Winter,10062
2024-05-24 00:00:00,Solar,Spring,5499
2020-04-28 00:00:00,Wind,Spring,7447
2025-08-20 00:00:00,Wind,Summer,3508
2022-01-24 00:00:00,Wind,Winter,3310
2023-04-20 00:00:00,Wind,Spring,9461
2020-09-02 00:00:00,Wind,Fall,1225
2023-09-02 00:00:00,Wind,Fall,2344
2020-09-10 00:00:00,Solar,Fall,2771
2025-08-22 00:00:00,Solar,Summer,5766
2023-05-24 00:00:00,Solar,Spring,6816
2025-01-11 00:00:00,Wind,Winter,2854
2024-02-28 00:00:00,Wind,Winter,4724
2020-03-06 00:00:00,Wind,Spring,8581
2020-08-18 00:00:00,Wind,Summer,3539
2022-02-18 00:00:00,Wind,Winter,9335
2021-09-03 00:00:00,Solar,Fall,3775
2020-03-24 00:00:00,Wind,Spring,7447
2024-08-25 00:00:00,Wind,Summer,2137
2021-10-22 00:00:00,Wind,Fall,2121
2021-07-17 00:00:00,Wind,Summer,5398
2022-10-30 00:00:00,Wind,Fall,5100
2021-03-09 00:00:00,Solar,Spring,5136
2020-06-23 00:00:00,Wind,Summer,2034
2023-04-22 00:00:00,Wind,Spring,4008
2024-07-12 00:00:00,Solar,Summer,7573
2024-09-05 00:00:00,Wind,Fall,700
2021-04-16 00:00:00,Wind,Spring,5880
2022-05-17 00:00:00,Wind,Spring,2321
2024-10-01 00:00:00,Wind,Fall,4747
2021-09-27 00:00:00,Wind,Fall,6867
2020-04-03 00:00:00,Wind,Spring,2170
2023-01-17 00:00:00,Wind,Winter,4827
2024-11-07 00:00:00,Solar,Fall,5149
2020-03-31 00:00:00,Wind,Spring,6769
2020-03-28 00:00:00,Wind,Spring,11081
2024-09-14 00:00:00,Solar,Fall,10121
2025-10-18 00:00:00,Solar,Fall,7924
2021-10-31 00:00:00,Wind,Fall,10469
2022-04-28 00:00:00,Solar,Spring,7312
2024-01-24 00:00:00,Wind,Winter,6892
2021-06-24 00:00:00,Wind,Summer,1974
2023-12-11 00:00:00,Wind,Winter,6768
2024-01-27 00:00:00,Solar,Winter,5814
2022-08-15 00:00:00,Solar,Summer,8036
2021-01-29 00:00:00,Wind,Winter,13907
2020-09-05 00:00:00,Wind,Fall,2121
2024-08-12 00:00:00,Solar,Summer,8871
2021-01-26 00:00:00,Wind,Winter,5482
2025-04-11 00:00:00,Wind,Spring,4837
2025-07-11 00:00:00,Solar,Summer,11758
2025-05-16 00:00:00,Solar,Spring,7092
2025-10-25 00:00:00,Wind,Fall,9821
2021-01-31 00:00:00,Wind,Winter,5906
2025-05-25 00:00:00,Wind,Spring,9581
2022-07-05 00:00:00,Solar,Summer,4126
2020-11-19 00:00:00,Wind,Fall,9061
2022-10-18 00:00:00,Wind,Fall,5538
2023-01-15 00:00:00,Wind,Winter,10240
2022-05-02 00:00:00,Wind,Spring,3792
2020-10-08 00:00:00,Wind,Fall,6421
2023-11-24 00:00:00,Wind,Fall,8505
2020-05-17 00:00:00,Solar,Spring,4507
2022-03-18 00:00:00,Wind,Spring,6998
2023-10-28 00:00:00,Wind,Fall,16635
2021-05-19 00:00:00,Wind,Spring,3258
2022-07-17 00:00:00,Wind,Summer,2312
2023-07-22 00:00:00,Solar,Summer,10194
2024-11-12 00:00:00,Wind,Fall,13235
2022-03-27 00:00:00,Wind,Spring,4841
2022-04-05 00:00:00,Wind,Spring,9675
2023-08-29 00:00:00,Wind,Summer,1992
2025-06-23 00:00:00,Wind,Summer,3779
2020-02-09 00:00:00,Wind,Winter,11896
2023-01-05 00:00:00,Wind,Winter,7965
2023-09-15 00:00:00,Wind,Fall,3195
2023-09-15 00:00:00,Wind,Fall,4953
2020-11-14 00:00:00,Wind,Fall,8436
2022-02-11 00:00:00,Wind,Winter,2107
2025-02-20 00:00:00,Wind,Winter,7070
2025-06-28 00:00:00,Solar,Summer,3941
2022-08-06 00:00:00,Wind,Summer,5611
2020-05-24 00:00:00,Wind,Spring,2435
2025-06-13 00:00:00,Wind,Summer,5332
2025-05-03 00:00:00,Solar,Spring,10481
2024-11-22 00:00:00,Wind,Fall,9522
2021-08-22 00:00:00,Wind,Summer,4991
2023-01-10 00:00:00,Wind,Winter,15075
2021-06-21 00:00:00,Wind,Summer,2933
2022-09-20 00:00:00,Solar,Fall,5469
2021-01-27 00:00:00,Wind,Winter,3743
2020-09-23 00:00:00,Wind,Fall,4073
2020-04-08 00:00:00,Solar,Spring,1595
2024-10-09 00:00:00,Wind,Fall,8883
2025-05-07 00:00:00,Wind,Spring,9348
2023-09-14 00:00:00,Wind,Fall,1857
2020-02-11 00:00:00,Wind,Winter,11769
2020-01-17 00:00:00,Wind,Winter,8804
2025-03-24 00:00:00,Solar,Spring,6048
2024-08-07 00:00:00,Solar,Summer,5496
2025-05-15 00:00:00,Wind,Spring,6358
2023-03-22 00:00:00,Wind,Spring,9994
2020-11-26 00:00:00,Wind,Fall,1476
2020-05-13 00:00:00,Wind,Spring,7492
2025-03-18 00:00:00,Wind,Spring,12131
2025-11-06 00:00:00,Wind,Fall,6247
2021-08-19 00:00:00,Wind,Summer,1695
2020-02-23 00:00:00,Wind,Winter,9644
2025-04-23 00:00:00,Wind,Spring,6268
2022-05-10 00:00:00,Wind,Spring,1193
2023-12-01 00:00:00,Wind,Winter,5060
2021-07-21 00:00:00,Wind,Summer,2864
2022-09-23 00:00:00,Wind,Fall,546
2023-01-03 00:00:00,Wind,Winter,6763
2024-12-07 00:00:00,Wind,Winter,17557
2022-03-28 00:00:00,Wind,Spring,1693
2020-10-07 00:00:00,Wind,Fall,6946
2022-08-23 00:00:00,Wind,Summer,736
2023-05-27 00:00:00,Wind,Spring,3594
2023-10-10 00:00:00,Wind,Fall,2170
2025-05-17 00:00:00,Wind,Spring,4673
2020-05-21 00:00:00,Wind,Spring,660
2023-03-15 00:00:00,Wind,Spring,2413
2024-12-14 00:00:00,Wind,Winter,3475
2025-01-19 00:00:00,Solar,Winter,3805
2021-12-29 00:00:00,Wind,Winter,9126
2025-01-29 00:00:00,Wind,Winter,17602
2024-01-22 00:00:00,Wind,Winter,16724
2023-08-21 00:00:00,Solar,Summer,2472
2022-09-16 00:00:00,Wind,Fall,5135
2023-04-21 00:00:00,Wind,Spring,3141
2023-04-22 00:00:00,Wind,Spring,9856
2021-11-05 00:00:00,Wind,Fall,2244
2024-12-23 00:00:00,Wind,Winter,16444
2022-03-09 00:00:00,Wind,Spring,5318
2025-08-10 00:00:00,Wind,Summer,7903
2023-02-17 00:00:00,Wind,Winter,7099
2020-08-29 00:00:00,Wind,Summer,4957
2025-08-29 00:00:00,Wind,Summer,13975
2021-02-05 00:00:00,Wind,Winter,1837
2020-05-13 00:00:00,Wind,Spring,5295
2024-01-27 00:00:00,Wind,Winter,1993
2025-02-13 00:00:00,Wind,Winter,1808
2022-03-10 00:00:00,Wind,Spring,6268
2022-07-02 00:00:00,Wind,Summer,780
2022-02-11 00:00:00,Wind,Winter,2877
2022-12-18 00:00:00,Wind,Winter,9972
2023-04-07 00:00:00,Solar,Spring,8432
2025-01-09 00:00:00,Wind,Winter,13546
2020-12-19 00:00:00,Wind,Winter,5475
2022-02-18 00:00:00,Wind,Winter,18336
2025-10-16 00:00:00,Wind,Fall,5067
2020-09-29 00:00:00,Wind,Fall,648
2025-08-17 00:00:00,Wind,Summer,5689
2022-09-29 00:00:00,Solar,Fall,3096
2024-04-22 00:00:00,Wind,Spring,4627
2025-07-03 00:00:00,Wind,Summer,6293
2020-10-01 00:00:00,Wind,Fall,6509
2024-02-24 00:00:00,Wind,Winter,7042
2024-06-26 00:00:00,Wind,Summer,1220
2022-11-17 00:00:00,Wind,Fall,15564
2022-08-23 00:00:00,Wind,Summer,1180
2025-03-08 00:00:00,Wind,Spring,14394
2020-04-25 00:00:00,Wind,Spring,1918
2025-03-29 00:00:00,Wind,Spring,14163
2021-03-20 00:00:00,Wind,Spring,6045
2021-03-26 00:00:00,Wind,Spring,11408
2023-04-25 00:00:00,Wind,Spring,2929
2020-10-16 00:00:00,Wind,Fall,2998
2022-07-15 00:00:00,Solar,Summer,7499
2023-08-28 00:00:00,Wind,Summer,3258
2024-01-09 00:00:00,Wind,Winter,4857
2025-11-05 00:00:00,Wind,Fall,12356
2020-12-14 00:00:00,Wind,Winter,6487
2022-07-31 00:00:00,Wind,Summer,3161
2023-01-14 00:00:00,Wind,Winter,13584
2020-04-13 00:00:00,Wind,Spring,11122
2024-02-26 00:00:00,Wind,Winter,14168
2020-09-03 00:00:00,Wind,Fall,1674
2020-12-21 00:00:00,Wind,Winter,11318
2023-04-24 00:00:00,Wind,Spring,9557
2023-04-30 00:00:00,Wind,Spring,1754
2021-08-27 00:00:00,Solar,Summer,5627
2022-09-16 00:00:00,Solar,Fall,6902
2025-11-21 00:00:00,Wind,Fall,4563
2022-09-22 00:00:00,Solar,Fall,6248
2021-06-26 00:00:00,Solar,Summer,2918
2023-05-24 00:00:00,Wind,Spring,6974
2020-07-21 00:00:00,Wind,Summer,3934
2021-08-08 00:00:00,Wind,Summer,9302
2021-03-05 00:00:00,Wind,Spring,9127
2022-07-28 00:00:00,Wind,Summer,1995
2023-08-06 00:00:00,Wind,Summer,13743
2022-12-02 00:00:00,Wind,Winter,3878
2023-10-11 00:00:00,Wind,Fall,6965
2022-11-20 00:00:00,Wind,Fall,4543
2023-07-15 00:00:00,Wind,Summer,11920
2023-02-09 00:00:00,Solar,Winter,4291
2024-03-11 00:00:00,Wind,Spring,10464
2023-02-28 00:00:00,Wind,Winter,7747
2022-07-19 00:00:00,Wind,Summer,5843
2022-03-24 00:00:00,Wind,Spring,5843
2021-07-31 00:00:00,Wind,Summer,5229
2025-02-01 00:00:00,Wind,Winter,3211
2020-08-29 00:00:00,Wind,Summer,3727
2021-01-21 00:00:00,Wind,Winter,12756
2022-07-03 00:00:00,Wind,Summer,1428
2025-09-14 00:00:00,Wind,Fall,5040
2021-12-22 00:00:00,Wind,Winter,3172
2021-02-06 00:00:00,Wind,Winter,4300
2020-03-09 00:00:00,Wind,Spring,8263
2022-02-05 00:00:00,Wind,Winter,3579
2025-10-31 00:00:00,Wind,Fall,14868
2025-04-07 00:00:00,Solar,Spring,5498
2021-08-02 00:00:00,Wind,Summer,1200
2025-06-11 00:00:00,Solar,Summer,8263
2022-10-25 00:00:00,Solar,Fall,5679
2022-10-21 00:00:00,Wind,Fall,9051
2025-10-20 00:00:00,Wind,Fall,19753
2025-08-14 00:00:00,Wind,Summer,3576
2024-01-30 00:00:00,Wind,Winter,6919
2023-07-06 00:00:00,Solar,Summer,3928
2020-06-08 00:00:00,Solar,Summer,5620
2021-10-07 00:00:00,Wind,Fall,1491
2021-04-04 00:00:00,Wind,Spring,5664
2020-11-26 00:00:00,Solar,Fall,2923
2024-12-30 00:00:00,Solar,Winter,2306
2022-08-30 00:00:00,Solar,Summer,5938
2021-07-19 00:00:00,Solar,Summer,5500
2021-07-24 00:00:00,Wind,Summer,4225
2021-02-21 00:00:00,Wind,Winter,8883
2022-04-27 00:00:00,Wind,Spring,5575
2023-01-04 00:00:00,Wind,Winter,17318
2021-07-11 00:00:00,Wind,Summer,1348
2025-11-04 00:00:00,Wind,Fall,14429
2022-09-12 00:00:00,Wind,Fall,3604
2022-09-02 00:00:00,Wind,Fall,1890
2021-05-05 00:00:00,Wind,Spring,9071
2021-01-29 00:00:00,Wind,Winter,11119
2023-11-26 00:00:00,Wind,Fall,5154
2024-11-07 00:00:00,Wind,Fall,3375
2021-08-03 00:00:00,Wind,Summer,1828
2022-04-19 00:00:00,Wind,Spring,2444
2021-08-08 00:00:00,Wind,Summer,9714
2022-01-02 00:00:00,Wind,Winter,8787
2024-02-05 00:00:00,Wind,Winter,8276
2021-07-11 00:00:00,Wind,Summer,1192
2020-09-20 00:00:00,Wind,Fall,2433
2024-11-11 00:00:00,Wind,Fall,6891
2024-07-31 00:00:00,Wind,Summer,2129
2020-03-21 00:00:00,Wind,Spring,7735
2021-10-14 00:00:00,Solar,Fall,5650
2025-01-19 00:00:00,Wind,Winter,1188
2024-10-07 00:00:00,Wind,Fall,6044
2025-02-13 00:00:00,Wind,Winter,1090
2022-06-11 00:00:00,Solar,Summer,2423
2023-10-25 00:00:00,Wind,Fall,10380
2024-03-18 00:00:00,Solar,Spring,5581
2020-09-21 00:00:00,Wind,Fall,817
2025-11-28 00:00:00,Wind,Fall,7806
2020-04-07 00:00:00,Wind,Spring,1718
2020-03-02 00:00:00,Wind,Spring,5353
2020-07-23 00:00:00,Solar,Summer,2720
2022-03-22 00:00:00,Wind,Spring,4199
2023-02-22 00:00:00,Wind,Winter,1437
2023-10-04 00:00:00,Wind,Fall,3511
2023-10-26 00:00:00,Wind,Fall,4734
2023-02-25 00:00:00,Wind,Winter,8542
2024-08-28 00:00:00,Wind,Summer,2163
2020-11-13 00:00:00,Wind,Fall,4593
2021-04-29 00:00:00,Solar,Spring,3421
2024-04-15 00:00:00,Wind,Spring,14523
2024-02-17 00:00:00,Wind,Winter,4037
2020-10-18 00:00:00,Wind,Fall,912
2023-10-07 00:00:00,Solar,Fall,6141
2021-07-17 00:00:00,Wind,Summer,5090
2022-10-30 00:00:00,Wind,Fall,2069
2021-02-02 00:00:00,Wind,Winter,11997
2020-06-25 00:00:00,Wind,Summer,3558
2025-05-03 00:00:00,Solar,Spring,9346
2021-11-12 00:00:00,Wind,Fall,934
2024-08-02 00:00:00,Solar,Summer,6672
2020-09-26 00:00:00,Wind,Fall,8134
2023-09-21 00:00:00,Wind,Fall,9550
2022-04-23 00:00:00,Wind,Spring,6361
2021-01-02 00:00:00,Wind,Winter,1837
2021-12-17 00:00:00,Wind,Winter,8144
2021-11-23 00:00:00,Wind,Fall,9900
2023-12-13 00:00:00,Wind,Winter,9953
2024-10-27 00:00:00,Solar,Fall,3309
2025-09-07 00:00:00,Wind,Fall,6555
2020-08-22 00:00:00,Wind,Summer,5104
2022-07-30 00:00:00,Wind,Summer,1951
2025-08-26 00:00:00,Wind,Summer,5983
2020-11-01 00:00:00,Wind,Fall,13574
2025-06-20 00:00:00,Solar,Summer,8561
2023-09-22 00:00:00,Wind,Fall,11770
2025-01-20 00:00:00,Wind,Winter,1668
2021-10-20 00:00:00,Wind,Fall,10713
2020-12-20 00:00:00,Wind,Winter,4461
2025-08-09 00:00:00,Wind,Summer,5496
2024-11-20 00:00:00,Wind,Fall,8076
2025-07-02 00:00:00,Wind,Summer,11247
2020-01-23 00:00:00,Wind,Winter,2993
2021-08-11 00:00:00,Wind,Summer,704
2020-06-10 00:00:00,Solar,Summer,3105
2021-08-09 00:00:00,Wind,Summer,2967
2020-11-05 00:00:00,Wind,Fall,8082
2024-04-23 00:00:00,Wind,Spring,4273
2024-07-30 00:00:00,Wind,Summer,2765
2022-07-23 00:00:00,Solar,Summer,6571
2020-12-25 00:00:00,Wind,Winter,6863
2024-08-08 00:00:00,Wind,Summer,1289
2022-12-30 00:00:00,Wind,Winter,15843
2022-02-25 00:00:00,Wind,Winter,7997
2023-10-21 00:00:00,Wind,Fall,20931
2021-07-21 00:00:00,Wind,Summer,1927
2023-11-15 00:00:00,Wind,Fall,10577
2023-01-09 00:00:00,Wind,Winter,13412
2021-11-08 00:00:00,Wind,Fall,1922
2021-04-14 00:00:00,Wind,Spring,5346
2021-06-27 00:00:00,Wind,Summer,1366
2020-02-05 00:00:00,Wind,Winter,1746
2021-09-17 00:00:00,Wind,Fall,711
2023-12-29 00:00:00,Wind,Winter,12493
2022-12-02 00:00:00,Wind,Winter,2232
2021-07-23 00:00:00,Solar,Summer,7412
2025-01-26 00:00:00,Wind,Winter,10046
2022-06-03 00:00:00,Wind,Summer,2859
2022-06-23 00:00:00,Wind,Summer,1625
2021-04-23 00:00:00,Wind,Spring,7944
2022-03-23 00:00:00,Solar,Spring,5220
2023-04-03 00:00:00,Wind,Spring,5706
2023-06-16 00:00:00,Solar,Summer,2630
2024-11-16 00:00:00,Wind,Fall,2040
2025-06-22 00:00:00,Solar,Summer,5526
2023-02-24 00:00:00,Wind,Winter,6498
2020-10-17 00:00:00,Solar,Fall,1367
2022-05-11 00:00:00,Solar,Spring,7976
2023-06-20 00:00:00,Wind,Summer,3357
2022-05-22 00:00:00,Wind,Spring,3313
2024-10-30 00:00:00,Wind,Fall,1827
2020-02-20 00:00:00,Wind,Winter,10617
2022-06-22 00:00:00,Solar,Summer,3779
2021-03-31 00:00:00,Wind,Spring,1121
2024-12-30 00:00:00,Wind,Winter,709
2020-03-20 00:00:00,Wind,Spring,6229
2021-12-25 00:00:00,Wind,Winter,1843
2023-03-28 00:00:00,Wind,Spring,2283
2022-06-30 00:00:00,Solar,Summer,5921
2025-07-24 00:00:00,Wind,Summer,2166
2022-02-27 00:00:00,Wind,Winter,6011
2025-03-16 00:00:00,Wind,Spring,7970
2024-06-15 00:00:00,Wind,Summer,10538
2023-01-13 00:00:00,Wind,Winter,10798
2020-02-10 00:00:00,Wind,Winter,13770
2021-11-08 00:00:00,Wind,Fall,1805
2025-01-10 00:00:00,Wind,Winter,2433
2020-06-02 00:00:00,Wind,Summer,1765
2022-12-18 00:00:00,Wind,Winter,5927
2023-11-19 00:00:00,Wind,Fall,16559
2020-04-14 00:00:00,Wind,Spring,7144
2024-06-21 00:00:00,Solar,Summer,5580
2021-05-21 00:00:00,Wind,Spring,8861
2021-06-25 00:00:00,Wind,Summer,2038
2023-10-09 00:00:00,Solar,Fall,5494
2024-04-11 00:00:00,Wind,Spring,3540
2025-01-12 00:00:00,Wind,Winter,3081
2024-12-28 00:00:00,Wind,Winter,354
2020-07-20 00:00:00,Wind,Summer,2939
2020-05-18 00:00:00,Wind,Spring,1868
2022-02-06 00:00:00,Wind,Winter,16044
2023-04-30 00:00:00,Wind,Spring,3818
2024-02-29 00:00:00,Wind,Winter,12775
2022-08-17 00:00:00,Wind,Summer,1406
2022-03-12 00:00:00,Wind,Spring,9389
2020-03-21 00:00:00,Wind,Spring,11152
2025-02-02 00:00:00,Wind,Winter,3472
2022-02-14 00:00:00,Wind,Winter,11744
2023-08-09 00:00:00,Wind,Summer,1211
2024-02-23 00:00:00,Wind,Winter,14058
2020-06-30 00:00:00,Wind,Summer,3738
2023-08-14 00:00:00,Solar,Summer,7241
2022-04-10 00:00:00,Solar,Spring,7678
2025-06-09 00:00:00,Solar,Summer,3733
2024-05-07 00:00:00,Solar,Spring,7214
2022-05-31 00:00:00,Solar,Spring,4174
2025-07-24 00:00:00,Wind,Summer,2396
2024-03-14 00:00:00,Wind,Spring,9218
2025-05-30 00:00:00,Solar,Spring,6501
2020-09-27 00:00:00,Wind,Fall,5190
2022-09-27 00:00:00,Wind,Fall,13231
2020-01-27 00:00:00,Wind,Winter,8486
2021-06-28 00:00:00,Solar,Summer,3945
2020-10-03 00:00:00,Wind,Fall,3195
2025-06-12 00:00:00,Solar,Summer,5733
2025-09-02 00:00:00,Wind,Fall,15009
2023-06-04 00:00:00,Wind,Summer,7894
2024-12-02 00:00:00,Wind,Winter,8193
2023-06-04 00:00:00,Wind,Summer,5847
2023-03-25 00:00:00,Wind,Spring,14863
2024-05-02 00:00:00,Wind,Spring,12077
2024-09-18 00:00:00,Wind,Fall,8671
2025-10-09 00:00:00,Wind,Fall,2496
2022-09-11 00:00:00,Wind,Fall,664
2025-01-29 00:00:00,Wind,Winter,12248
2021-03-29 00:00:00,Wind,Spring,4622
2023-05-31 00:00:00,Wind,Spring,8211
2024-08-31 00:00:00,Wind,Summer,5370
2023-11-06 00:00:00,Wind,Fall,12102
2021-03-25 00:00:00,Wind,Spring,2635
2024-08-05 00:00:00,Solar,Summer,2548
2021-07-02 00:00:00,Wind,Summer,405
2025-01-27 00:00:00,Wind,Winter,18396
2020-05-15 00:00:00,Wind,Spring,4342
2021-09-06 00:00:00,Wind,Fall,1107
2021-10-24 00:00:00,Wind,Fall,3398
2024-12-06 00:00:00,Wind,Winter,14357
2023-08-26 00:00:00,Wind,Summer,1513
2020-05-04 00:00:00,Solar,Spring,5092
2022-10-17 00:00:00,Wind,Fall,7554
2022-08-02 00:00:00,Solar,Summer,5062
2025-04-13 00:00:00,Wind,Spring,4463
2022-04-25 00:00:00,Wind,Spring,3208
2022-10-26 00:00:00,Wind,Fall,8890
2022-12-07 00:00:00,Wind,Winter,2473
2025-10-24 00:00:00,Wind,Fall,12506
2020-08-31 00:00:00,Wind,Summer,3237
2022-06-30 00:00:00,Wind,Summer,5168
2025-11-04 00:00:00,Wind,Fall,12341
2022-08-17 00:00:00,Wind,Summer,1307
2020-12-08 00:00:00,Wind,Winter,2686
2020-03-24 00:00:00,Wind,Spring,6628
2023-07-21 00:00:00,Solar,Summer,8927
2023-06-28 00:00:00,Wind,Summer,2630
2022-09-14 00:00:00,Solar,Fall,5716
2020-05-29 00:00:00,Wind,Spring,7953
2022-08-19 00:00:00,Wind,Summer,7064
2025-08-17 00:00:00,Wind,Summer,6032
2025-04-01 00:00:00,Wind,Spring,13004
2024-10-13 00:00:00,Wind,Fall,2980
2022-04-05 00:00:00,Wind,Spring,9346
2021-04-29 00:00:00,Solar,Spring,4221
2023-02-25 00:00:00,Wind,Winter,9931
2023-07-19 00:00:00,Wind,Summer,11158
2022-10-10 00:00:00,Wind,Fall,4732
2021-04-17 00:00:00,Wind,Spring,4306
2021-12-21 00:00:00,Wind,Winter,3015
2021-04-22 00:00:00,Wind,Spring,6303
2025-11-23 00:00:00,Wind,Fall,10653
2024-06-11 00:00:00,Wind,Summer,1874
2024-05-27 00:00:00,Wind,Spring,3315
2020-09-28 00:00:00,Wind,Fall,4208
2023-08-07 00:00:00,Wind,Summer,3593
2021-03-29 00:00:00,Wind,Spring,2491
2021-05-22 00:00:00,Wind,Spring,5778
2021-11-19 00:00:00,Solar,Fall,3318
2025-01-27 00:00:00,Wind,Winter,18096
2025-08-13 00:00:00,Solar,Summer,4027
2021-09-14 00:00:00,Wind,Fall,3219
2022-05-08 00:00:00,Wind,Spring,4076
2022-07-03 00:00:00,Wind,Summer,1530
2021-07-24 00:00:00,Wind,Summer,5890
2022-11-21 00:00:00,Wind,Fall,7993
2023-04-05 00:00:00,Solar,Spring,5948
2025-08-11 00:00:00,Solar,Summer,11543
2021-07-13 00:00:00,Wind,Summer,5885
2022-09-19 00:00:00,Wind,Fall,2502
2024-12-05 00:00:00,Wind,Winter,15699
2025-11-01 00:00:00,Wind,Fall,14047
2025-11-17 00:00:00,Wind,Fall,5317
2020-08-16 00:00:00,Wind,Summer,1759
2023-01-22 00:00:00,Wind,Winter,7106
2025-05-24 00:00:00,Wind,Spring,13001
2021-01-21 00:00:00,Wind,Winter,12248
2023-07-17 00:00:00,Solar,Summer,7791
2022-10-28 00:00:00,Wind,Fall,8983
2021-07-08 00:00:00,Wind,Summer,1738
2021-06-06 00:00:00,Wind,Summer,2910
2025-09-12 00:00:00,Wind,Fall,10052
2024-10-13 00:00:00,Solar,Fall,5251
2023-02-13 00:00:00,Wind,Winter,3438
2023-04-21 00:00:00,Solar,Spring,7315
2024-12-22 00:00:00,Wind,Winter,18507
2020-06-11 00:00:00,Wind,Summer,3890
2021-10-17 00:00:00,Wind,Fall,1793
2022-04-07 00:00:00,Wind,Spring,16777
2024-11-25 00:00:00,Wind,Fall,6360
2024-05-30 00:00:00,Wind,Spring,11924
2023-11-19 00:00:00,Wind,Fall,17043
2024-02-04 00:00:00,Wind,Winter,8328
2022-09-23 00:00:00,Wind,Fall,505
2023-05-17 00:00:00,Wind,Spring,13945
2024-05-02 00:00:00,Wind,Spring,9680
2025-09-21 00:00:00,Solar,Fall,4035
2025-08-28 00:00:00,Wind,Summer,12192
2023-01-15 00:00:00,Wind,Winter,14920
2024-03-30 00:00:00,Wind,Spring,4270
2024-11-27 00:00:00,Wind,Fall,8974
2022-03-11 00:00:00,Wind,Spring,12227
2022-08-27 00:00:00,Wind,Summer,4610
2025-11-09 00:00:00,Wind,Fall,4511
2021-04-03 00:00:00,Wind,Spring,9279
2022-07-05 00:00:00,Solar,Summer,7173
2020-10-02 00:00:00,Wind,Fall,4517
2024-03-03 00:00:00,Wind,Spring,4860
2020-10-30 00:00:00,Wind,Fall,2173
2025-01-29 00:00:00,Wind,Winter,14188
2025-06-07 00:00:00,Wind,Summer,5372
2022-07-17 00:00:00,Wind,Summer,5437
2021-09-21 00:00:00,Wind,Fall,3038
2022-08-21 00:00:00,Solar,Summer,5244
2022-10-28 00:00:00,Wind,Fall,7785
2025-03-14 00:00:00,Wind,Spring,2246
2024-04-22 00:00:00,Wind,Spring,4362
2021-08-15 00:00:00,Solar,Summer,6192
2023-11-01 00:00:00,Wind,Fall,12856
2024-12-19 00:00:00,Wind,Winter,17699
2024-09-15 00:00:00,Solar,Fall,6259
2022-07-01 00:00:00,Solar,Summer,7548
2020-01-11 00:00:00,Wind,Winter,2401
2021-09-07 00:00:00,Solar,Fall,7947
2022-12-04 00:00:00,Wind,Winter,708
2025-07-27 00:00:00,Solar,Summer,8163
2022-03-19 00:00:00,Wind,Spring,11419
2023-06-13 00:00:00,Solar,Summer,7666
2020-10-31 00:00:00,Wind,Fall,9419
2023-06-19 00:00:00,Wind,Summer,1407
2023-05-15 00:00:00,Wind,Spring,7719
2021-03-16 00:00:00,Wind,Spring,6005
2023-06-12 00:00:00,Solar,Summer,4747
2020-07-03 00:00:00,Wind,Summer,2958
2025-06-19 00:00:00,Wind,Summer,5164
2020-02-12 00:00:00,Wind,Winter,8307
2024-09-07 00:00:00,Wind,Fall,4461
2020-12-17 00:00:00,Wind,Winter,2892
2021-10-04 00:00:00,Wind,Fall,6535
2021-02-27 00:00:00,Wind,Winter,5900
2022-12-14 00:00:00,Wind,Winter,1972
2024-01-01 00:00:00,Wind,Winter,15228
2023-07-25 00:00:00,Wind,Summer,2896
2022-07-18 00:00:00,Wind,Summer,4324
2021-05-10 00:00:00,Wind,Spring,9543
2021-11-08 00:00:00,Solar,Fall,4759
2022-12-10 00:00:00,Wind,Winter,1514
2020-06-25 00:00:00,Solar,Summer,3179
2020-11-29 00:00:00,Wind,Fall,4361
2023-08-05 00:00:00,Wind,Summer,2376
2020-10-12 00:00:00,Wind,Fall,3229
2021-01-13 00:00:00,Wind,Winter,9862
2022-04-20 00:00:00,Wind,Spring,4403
2020-03-06 00:00:00,Wind,Spring,7635
2021-01-15 00:00:00,Wind,Winter,8913
2022-02-16 00:00:00,Wind,Winter,13892
2021-04-02 00:00:00,Wind,Spring,12278
2021-11-24 00:00:00,Wind,Fall,2080
2022-09-18 00:00:00,Solar,Fall,11642
2025-08-05 00:00:00,Wind,Summer,11488
2022-04-16 00:00:00,Solar,Spring,9283
2024-05-02 00:00:00,Wind,Spring,11202
2022-12-01 00:00:00,Wind,Winter,4364
2023-09-17 00:00:00,Solar,Fall,7328
2025-06-21 00:00:00,Solar,Summer,10245
2020-05-27 00:00:00,Wind,Spring,3501
2021-02-27 00:00:00,Wind,Winter,10738
2024-03-26 00:00:00,Wind,Spring,8154
2022-08-26 00:00:00,Solar,Summer,6095
2022-07-13 00:00:00,Wind,Summer,1816
2020-01-23 00:00:00,Wind,Winter,5026
2020-08-17 00:00:00,Wind,Summer,1942
2020-03-26 00:00:00,Wind,Spring,7178
2024-03-06 00:00:00,Wind,Spring,1843
2025-04-30 00:00:00,Wind,Spring,5987
2020-02-14 00:00:00,Wind,Winter,3792
2022-08-26 00:00:00,Wind,Summer,4553
2025-04-22 00:00:00,Wind,Spring,1187
2022-12-01 00:00:00,Wind,Winter,3675
2025-02-05 00:00:00,Solar,Winter,6610
2022-01-30 00:00:00,Wind,Winter,1434
2021-09-29 00:00:00,Wind,Fall,3641
2024-05-13 00:00:00,Wind,Spring,1884
2020-08-30 00:00:00,Wind,Summer,3777
2020-07-11 00:00:00,Solar,Summer,5785
2025-09-29 00:00:00,Solar,Fall,8857
2024-06-28 00:00:00,Solar,Summer,3771
2020-05-09 00:00:00,Solar,Spring,3231
2024-05-22 00:00:00,Wind,Spring,4870
2020-07-03 00:00:00,Wind,Summer,2944
2020-11-23 00:00:00,Solar,Fall,1643
2022-02-24 00:00:00,Wind,Winter,3851
2025-03-07 00:00:00,Wind,Spring,9990
2020-05-26 00:00:00,Wind,Spring,3338
2023-01-12 00:00:00,Wind,Winter,16699
2021-11-30 00:00:00,Wind,Fall,13024
2022-06-19 00:00:00,Wind,Summer,10066
2022-12-07 00:00:00,Wind,Winter,2196
2022-07-21 00:00:00,Wind,Summer,2858
2025-05-17 00:00:00,Wind,Spring,3077
2024-12-15 00:00:00,Wind,Winter,9775
2020-09-28 00:00:00,Wind,Fall,4092
2022-03-05 00:00:00,Solar,Spring,5186
2025-07-04 00:00:00,Solar,Summer,10562
2024-06-20 00:00:00,Wind,Summer,4917
2022-02-04 00:00:00,Wind,Winter,6944
2020-01-18 00:00:00,Wind,Winter,2843
2021-05-26 00:00:00,Wind,Spring,2353
2024-10-30 00:00:00,Wind,Fall,2071
2020-08-18 00:00:00,Wind,Summer,1283
2022-05-23 00:00:00,Wind,Spring,9217
2025-04-28 00:00:00,Wind,Spring,3069
2024-07-09 00:00:00,Wind,Summer,5209
2025-10-20 00:00:00,Wind,Fall,17333
2020-03-09 00:00:00,Wind,Spring,9648
2025-03-14 00:00:00,Wind,Spring,2194
2020-09-16 00:00:00,Wind,Fall,526
2023-06-26 00:00:00,Solar,Summer,10618
2025-05-06 00:00:00,Wind,Spring,8761
2024-10-27 00:00:00,Wind,Fall,1944
2024-09-06 00:00:00,Wind,Fall,1511
2020-10-18 00:00:00,Wind,Fall,583
2020-08-12 00:00:00,Solar,Summer,4536
2021-07-14 00:00:00,Wind,Summer,7745
2024-01-21 00:00:00,Wind,Winter,14443
2024-06-19 00:00:00,Wind,Summer,3425
2024-09-22 00:00:00,Wind,Fall,3299
2022-01-06 00:00:00,Wind,Winter,7422
2020-01-03 00:00:00,Wind,Winter,9189
2023-01-21 00:00:00,Wind,Winter,6960
2021-09-04 00:00:00,Solar,Fall,3636
2021-06-19 00:00:00,Solar,Summer,4390
2021-04-11 00:00:00,Wind,Spring,4255
2021-03-13 00:00:00,Wind,Spring,17323
2025-09-15 00:00:00,Wind,Fall,11011
2024-05-09 00:00:00,Wind,Spring,4350
2024-08-31 00:00:00,Solar,Summer,8366
2025-05-22 00:00:00,Wind,Spring,9293
2021-03-30 00:00:00,Solar,Spring,5587
2022-04-29 00:00:00,Wind,Spring,4703
2025-06-24 00:00:00,Solar,Summer,5446
2022-06-19 00:00:00,Wind,Summer,10201
2020-04-01 00:00:00,Wind,Spring,3836
2020-06-08 00:00:00,Wind,Summer,1414
2025-11-13 00:00:00,Wind,Fall,11859
2023-10-03 00:00:00,Wind,Fall,4989
2023-01-11 00:00:00,Wind,Winter,15556
2024-08-20 00:00:00,Wind,Summer,3390
2020-03-01 00:00:00,Wind,Spring,8968
2021-08-14 00:00:00,Wind,Summer,916
2021-12-14 00:00:00,Wind,Winter,587
2024-10-27 00:00:00,Wind,Fall,1635
2021-07-30 00:00:00,Wind,Summer,1469
2025-04-16 00:00:00,Wind,Spring,3691
2020-10-04 00:00:00,Wind,Fall,7366
2022-12-18 00:00:00,Wind,Winter,6077
2021-07-09 00:00:00,Wind,Summer,370
2022-01-17 00:00:00,Wind,Winter,1397
2025-02-10 00:00:00,Wind,Winter,3221
2023-07-23 00:00:00,Wind,Summer,9714
2020-05-01 00:00:00,Wind,Spring,6913
2023-05-12 00:00:00,Wind,Spring,5556
2022-12-21 00:00:00,Wind,Winter,11825
2020-01-04 00:00:00,Wind,Winter,4479
2021-07-14 00:00:00,Wind,Summer,8231
2025-07-08 00:00:00,Wind,Summer,2398
2025-05-31 00:00:00,Wind,Spring,837
2025-09-17 00:00:00,Wind,Fall,4458
2022-05-10 00:00:00,Wind,Spring,2140
2023-03-31 00:00:00,Wind,Spring,19093
2024-10-04 00:00:00,Wind,Fall,2882
2021-02-04 00:00:00,Wind,Winter,4372
2020-01-03 00:00:00,Wind,Winter,9534
2020-08-31 00:00:00,Wind,Summer,1614
2025-09-08 00:00:00,Solar,Fall,3178
2022-11-11 00:00:00,Wind,Fall,3699
2024-10-21 00:00:00,Solar,Fall,8393
2022-07-04 00:00:00,Solar,Summer,6170
2025-02-01 00:00:00,Wind,Winter,3863
2022-05-23 00:00:00,Wind,Spring,8430
2025-06-20 00:00:00,Solar,Summer,5469
2020-05-22 00:00:00,Solar,Spring,6982
2022-01-01 00:00:00,Wind,Winter,5385
2022-10-29 00:00:00,Wind,Fall,7385
2025-01-03 00:00:00,Wind,Winter,3446
2021-03-29 00:00:00,Wind,Spring,3859
2021-01-24 00:00:00,Wind,Winter,9132
2021-10-06 00:00:00,Wind,Fall,8232
2023-11-26 00:00:00,Wind,Fall,3911
2022-05-28 00:00:00,Solar,Spring,5809
2024-02-05 00:00:00,Wind,Winter,7263
2025-01-28 00:00:00,Wind,Winter,18356
2023-02-22 00:00:00,Wind,Winter,2037
2024-02-17 00:00:00,Wind,Winter,3267
2022-10-03 00:00:00,Wind,Fall,1692
2021-11-25 00:00:00,Wind,Fall,2854
2025-02-24 00:00:00,Wind,Winter,15434
2021-11-20 00:00:00,Wind,Fall,1106
2025-08-20 00:00:00,Wind,Summer,2739
2020-11-14 00:00:00,Wind,Fall,10406
2025-07-23 00:00:00,Solar,Summer,6403
2021-09-29 00:00:00,Wind,Fall,3738
2024-01-23 00:00:00,Wind,Winter,17177
2025-04-10 00:00:00,Solar,Spring,11510
2024-12-24 00:00:00,Wind,Winter,4716
2025-08-15 00:00:00,Solar,Summer,10700
2024-06-03 00:00:00,Solar,Summer,3377
2025-01-10 00:00:00,Wind,Winter,4208
2020-05-28 00:00:00,Wind,Spring,3834
2024-02-02 00:00:00,Wind,Winter,5384
2021-04-15 00:00:00,Wind,Spring,5298
2023-07-16 00:00:00,Wind,Summer,10971
2022-07-04 00:00:00,Wind,Summer,3402
2022-12-15 00:00:00,Wind,Winter,8325
2020-05-31 00:00:00,Wind,Spring,8072
2020-11-08 00:00:00,Wind,Fall,3896
2021-07-25 00:00:00,Wind,Summer,5701
2020-02-15 00:00:00,Wind,Winter,10164
2023-05-22 00:00:00,Wind,Spring,4807
2024-06-20 00:00:00,Wind,Summer,2123
2022-01-24 00:00:00,Wind,Winter,3018
2021-08-30 00:00:00,Wind,Summer,4985
2021-10-07 00:00:00,Solar,Fall,5955
2020-06-18 00:00:00,Solar,Summer,5121
2020-02-17 00:00:00,Wind,Winter,6130
2020-03-30 00:00:00,Wind,Spring,11994
2025-07-03 00:00:00,Wind,Summer,5437
2021-12-10 00:00:00,Wind,Winter,13856
2023-03-08 00:00:00,Wind,Spring,15972
2025-07-31 00:00:00,Wind,Summer,6732
2023-05-27 00:00:00,Wind,Spring,8791
2023-10-29 00:00:00,Wind,Fall,14125
2024-04-21 00:00:00,Wind,Spring,7076
2025-11-30 00:00:00,Wind,Fall,4801
2022-01-23 00:00:00,Wind,Winter,4009
2024-12-10 00:00:00,Wind,Winter,9960
2022-07-16 00:00:00,Solar,Summer,8810
2020-08-23 00:00:00,Wind,Summer,8621
2021-10-20 00:00:00,Wind,Fall,13349
2023-05-05 00:00:00,Solar,Spring,8234
2020-05-28 00:00:00,Solar,Spring,7312
2022-12-23 00:00:00,Wind,Winter,9829
2025-09-10 00:00:00,Wind,Fall,6743
2023-01-01 00:00:00,Wind,Winter,12955
2024-05-30 00:00:00,Wind,Spring,5756
2024-11-07 00:00:00,Wind,Fall,2897
2024-06-30 00:00:00,Wind,Summer,4150
2020-07-26 00:00:00,Wind,Summer,4286
2024-11-01 00:00:00,Wind,Fall,695
2024-04-05 00:00:00,Wind,Spring,8961
2020-11-16 00:00:00,Wind,Fall,4496
2022-12-15 00:00:00,Wind,Winter,6526
2021-10-12 00:00:00,Solar,Fall,5020
2020-06-25 00:00:00,Wind,Summer,3496
2023-06-21 00:00:00,Solar,Summer,2516
2025-04-17 00:00:00,Solar,Spring,7819
2024-03-07 00:00:00,Wind,Spring,12265
2025-08-01 00:00:00,Wind,Summer,4475
2025-09-13 00:00:00,Wind,Fall,13818
2025-07-08 00:00:00,Wind,Summer,6101
2023-03-14 00:00:00,Wind,Spring,16522
2023-07-17 00:00:00,Wind,Summer,3144
2023-07-24 00:00:00,Wind,Summer,3610
2022-05-01 00:00:00,Solar,Spring,6259
2021-10-16 00:00:00,Wind,Fall,1687
2020-07-19 00:00:00,Wind,Summer,1362
2024-09-22 00:00:00,Wind,Fall,3775
2021-07-27 00:00:00,Wind,Summer,1578
2020-01-23 00:00:00,Wind,Winter,6707
2023-07-07 00:00:00,Solar,Summer,8342
2022-01-23 00:00:00,Wind,Winter,3207
2020-05-02 00:00:00,Wind,Spring,4667
2022-06-22 00:00:00,Wind,Summer,3806
2024-08-15 00:00:00,Wind,Summer,1851
2021-10-04 00:00:00,Wind,Fall,6267
2023-01-21 00:00:00,Wind,Winter,10389
2021-10-05 00:00:00,Wind,Fall,12707
2025-04-08 00:00:00,Wind,Spring,5079
2021-08-16 00:00:00,Wind,Summer,4749
2020-01-18 00:00:00,Wind,Winter,4645
2021-08-16 00:00:00,Wind,Summer,5046
2025-01-05 00:00:00,Wind,Winter,18488
2020-10-25 00:00:00,Wind,Fall,7800
2022-06-11 00:00:00,Solar,Summer,5797
2024-05-09 00:00:00,Wind,Spring,3436
2024-07-07 00:00:00,Wind,Summer,3000
2023-07-11 00:00:00,Solar,Summer,9794
2020-06-16 00:00:00,Wind,Summer,1450
2022-10-22 00:00:00,Solar,Fall,6219
2022-06-22 00:00:00,Solar,Summer,5622
2020-06-12 00:00:00,Wind,Summer,4969
2024-03-29 00:00:00,Wind,Spring,13290
2020-12-27 00:00:00,Wind,Winter,13159
2021-07-01 00:00:00,Solar,Summer,5041
2025-08-04 00:00:00,Wind,Summer,3303
2021-12-02 00:00:00,Wind,Winter,4964
2023-04-24 00:00:00,Wind,Spring,10534
2022-09-15 00:00:00,Wind,Fall,2156
2022-12-12 00:00:00,Wind,Winter,1038
2022-12-11 00:00:00,Wind,Winter,2415
2021-05-30 00:00:00,Wind,Spring,5191
2022-06-07 00:00:00,Wind,Summer,3487
2021-12-20 00:00:00,Wind,Winter,3377
2025-10-26 00:00:00,Wind,Fall,10453
2023-04-02 00:00:00,Wind,Spring,10121
2020-04-26 00:00:00,Wind,Spring,466
2021-04-19 00:00:00,Solar,Spring,2735
2021-03-01 00:00:00,Wind,Spring,5349
2023-08-26 00:00:00,Wind,Summer,5041
2024-09-23 00:00:00,Wind,Fall,4634
2023-03-21 00:00:00,Wind,Spring,8241
2020-07-29 00:00:00,Solar,Summer,3483
2024-11-14 00:00:00,Wind,Fall,4003
2020-08-05 00:00:00,Wind,Summer,1003
2020-07-15 00:00:00,Wind,Summer,1905
2023-04-24 00:00:00,Wind,Spring,8273
2020-06-13 00:00:00,Wind,Summer,2926
2020-01-04 00:00:00,Wind,Winter,2983
2024-06-25 00:00:00,Wind,Summer,3497
2022-01-12 00:00:00,Solar,Winter,4731
2025-08-19 00:00:00,Wind,Summer,3579
2020-06-28 00:00:00,Wind,Summer,4765
2025-03-08 00:00:00,Wind,Spring,10878
2024-09-06 00:00:00,Wind,Fall,2426
2024-05-31 00:00:00,Wind,Spring,11737
2020-06-01 00:00:00,Wind,Summer,4261
2020-11-02 00:00:00,Wind,Fall,13394
2023-04-11 00:00:00,Wind,Spring,9998
2021-03-01 00:00:00,Wind,Spring,5776
2020-02-24 00:00:00,Wind,Winter,10814
2025-09-15 00:00:00,Wind,Fall,9831
2023-05-23 00:00:00,Wind,Spring,10411
2021-03-04 00:00:00,Wind,Spring,3114
2022-03-20 00:00:00,Wind,Spring,4720
2025-06-21 00:00:00,Solar,Summer,9972
2023-08-12 00:00:00,Wind,Summer,1660
2021-02-11 00:00:00,Wind,Winter,8606
2020-12-16 00:00:00,Wind,Winter,6819
2022-01-23 00:00:00,Wind,Winter,4428
2021-08-22 00:00:00,Wind,Summer,2991
2024-10-27 00:00:00,Solar,Fall,3213
2025-09-08 00:00:00,Solar,Fall,6498
2024-02-27 00:00:00,Wind,Winter,13652
2025-02-02 00:00:00,Wind,Winter,1296
2022-11-19 00:00:00,Wind,Fall,2689
2023-01-10 00:00:00,Wind,Winter,14924
2021-12-26 00:00:00,Wind,Winter,4021
2021-07-26 00:00:00,Wind,Summer,6326
2023-07-10 00:00:00,Solar,Summer,2252
2022-03-18 00:00:00,Wind,Spring,6520
2024-03-26 00:00:00,Wind,Spring,4088
2021-12-25 00:00:00,Wind,Winter,1761
2025-03-09 00:00:00,Wind,Spring,9371
2025-11-21 00:00:00,Wind,Fall,3561
2024-08-28 00:00:00,Solar,Summer,8271
2022-04-09 00:00:00,Wind,Spring,3140
2025-08-27 00:00:00,Wind,Summer,9935
2024-07-24 00:00:00,Solar,Summer,8396
2021-12-01 00:00:00,Wind,Winter,13696
2022-10-02 00:00:00,Wind,Fall,11081
2021-06-02 00:00:00,Wind,Summer,5123
2025-08-25 00:00:00,Wind,Summer,4994
2025-06-21 00:00:00,Solar,Summer,7971
2023-06-20 00:00:00,Wind,Summer,1043
2022-08-09 00:00:00,Solar,Summer,9212
2024-05-07 00:00:00,Wind,Spring,2917
2023-02-20 00:00:00,Wind,Winter,3125
2023-10-17 00:00:00,Wind,Fall,7154
2020-12-18 00:00:00,Wind,Winter,5875
2020-05-29 00:00:00,Wind,Spring,7583
2023-08-14 00:00:00,Solar,Summer,9682
2021-05-04 00:00:00,Wind,Spring,14449
2021-03-01 00:00:00,Wind,Spring,5489
2025-02-04 00:00:00,Wind,Winter,4150
2023-05-20 00:00:00,Wind,Spring,9396
2021-02-20 00:00:00,Wind,Winter,11021
2023-06-08 00:00:00,Wind,Summer,4890
2021-08-11 00:00:00,Solar,Summer,1398
2022-04-16 00:00:00,Wind,Spring,5425
2020-02-22 00:00:00,Wind,Winter,11215
2020-09-20 00:00:00,Wind,Fall,1430
2025-07-26 00:00:00,Solar,Summer,12297
2020-07-07 00:00:00,Solar,Summer,4966
2024-10-14 00:00:00,Wind,Fall,4181
2021-01-10 00:00:00,Wind,Winter,4787
2020-05-26 00:00:00,Solar,Spring,7674
2022-06-11 00:00:00,Solar,Summer,4978
2021-11-15 00:00:00,Wind,Fall,3192
2024-02-17 00:00:00,Wind,Winter,2933
2021-08-04 00:00:00,Wind,Summer,1904
2022-02-24 00:00:00,Wind,Winter,4560
2021-04-25 00:00:00,Wind,Spring,10672
2022-10-10 00:00:00,Solar,Fall,4814
2020-06-07 00:00:00,Solar,Summer,4010
2023-03-20 00:00:00,Wind,Spring,1961
2022-04-16 00:00:00,Wind,Spring,6468
2023-02-21 00:00:00,Wind,Winter,1282
2025-09-16 00:00:00,Wind,Fall,13417
2025-10-15 00:00:00,Solar,Fall,8271
2022-04-30 00:00:00,Wind,Spring,4404
2023-03-16 00:00:00,Wind,Spring,12494
2020-06-18 00:00:00,Solar,Summer,4693
2022-05-13 00:00:00,Solar,Spring,5938
2020-11-05 00:00:00,Wind,Fall,6089
2025-04-29 00:00:00,Solar,Spring,6311
2023-05-04 00:00:00,Wind,Spring,3643
2025-11-17 00:00:00,Wind,Fall,5025
2021-07-01 00:00:00,Wind,Summer,651
2023-03-15 00:00:00,Solar,Spring,6484
2023-09-15 00:00:00,Solar,Fall,5974
2023-12-22 00:00:00,Wind,Winter,13587
2021-03-22 00:00:00,Wind,Spring,4054
2022-12-12 00:00:00,Wind,Winter,6733
2023-09-03 00:00:00,Solar,Fall,7094
2021-11-09 00:00:00,Wind,Fall,1819
2021-01-17 00:00:00,Wind,Winter,7552
2023-06-21 00:00:00,Wind,Summer,1637
2021-05-20 00:00:00,Wind,Spring,9869
2021-04-16 00:00:00,Wind,Spring,4456
2022-12-17 00:00:00,Wind,Winter,3658
2022-05-08 00:00:00,Wind,Spring,3605
2022-12-22 00:00:00,Wind,Winter,14188
2021-07-11 00:00:00,Solar,Summer,1524
2020-01-27 00:00:00,Wind,Winter,11841
2020-06-15 00:00:00,Solar,Summer,5662
2020-01-17 00:00:00,Wind,Winter,7060
2025-08-08 00:00:00,Wind,Summer,1377
2023-12-22 00:00:00,Wind,Winter,16098
2025-10-22 00:00:00,Solar,Fall,7599
2023-05-21 00:00:00,Wind,Spring,5316
2025-06-14 00:00:00,Wind,Summer,2727
2025-07-07 00:00:00,Wind,Summer,7413
2024-01-09 00:00:00,Wind,Winter,7152
2021-01-21 00:00:00,Wind,Winter,11117
2024-03-28 00:00:00,Wind,Spring,14268
2024-03-24 00:00:00,Wind,Spring,14489
2022-05-11 00:00:00,Wind,Spring,3997
2021-06-20 00:00:00,Wind,Summer,3126
2020-12-23 00:00:00,Wind,Winter,11166
2024-04-14 00:00:00,Solar,Spring,3777
2025-10-17 00:00:00,Wind,Fall,5705
2023-08-24 00:00:00,Wind,Summer,3806
2022-10-05 00:00:00,Wind,Fall,6523
2025-03-04 00:00:00,Wind,Spring,2922
2021-06-15 00:00:00,Wind,Summer,2375
2020-06-27 00:00:00,Wind,Summer,11830
2020-01-22 00:00:00,Wind,Winter,6702
2023-09-01 00:00:00,Wind,Fall,4962
2024-07-27 00:00:00,Wind,Summer,942
2024-09-12 00:00:00,Solar,Fall,11222
2022-09-05 00:00:00,Wind,Fall,5367
2022-06-22 00:00:00,Wind,Summer,2962
2023-09-06 00:00:00,Wind,Fall,2356
2020-08-26 00:00:00,Wind,Summer,1950
2021-02-19 00:00:00,Wind,Winter,4981
2022-06-14 00:00:00,Solar,Summer,6715
2020-02-22 00:00:00,Wind,Winter,12629
2022-09-14 00:00:00,Solar,Fall,5082
2024-06-15 00:00:00,Wind,Summer,11056
2023-01-01 00:00:00,Wind,Winter,9266
2021-09-05 00:00:00,Solar,Fall,2963
2023-11-24 00:00:00,Wind,Fall,9503
2024-05-26 00:00:00,Wind,Spring,3450
2025-09-23 00:00:00,Wind,Fall,4925
2022-08-28 00:00:00,Wind,Summer,3796
2023-11-17 00:00:00,Wind,Fall,4902
2024-12-15 00:00:00,Wind,Winter,9874
2020-08-22 00:00:00,Wind,Summer,10771
2020-10-03 00:00:00,Wind,Fall,2954
2024-06-04 00:00:00,Wind,Summer,4507
2024-05-03 00:00:00,Solar,Spring,10504
2020-02-06 00:00:00,Solar,Winter,4762
2025-01-19 00:00:00,Wind,Winter,931
2021-07-06 00:00:00,Wind,Summer,11191
2020-08-12 00:00:00,Solar,Summer,3755
2024-02-03 00:00:00,Wind,Winter,7803
2025-10-07 00:00:00,Solar,Fall,3821
2024-10-19 00:00:00,Wind,Fall,10146
2025-10-28 00:00:00,Wind,Fall,11254
2021-08-11 00:00:00,Wind,Summer,438
2024-02-05 00:00:00,Wind,Winter,8550
2022-09-28 00:00:00,Wind,Fall,2524
2024-12-18 00:00:00,Wind,Winter,15129
2022-02-06 00:00:00,Wind,Winter,13175
2022-10-12 00:00:00,Wind,Fall,584
2022-07-26 00:00:00,Wind,Summer,2482
2021-05-28 00:00:00,Solar,Spring,5503
2023-09-13 00:00:00,Wind,Fall,1538
2025-10-29 00:00:00,Wind,Fall,7794
2024-07-02 00:00:00,Solar,Summer,8030
2024-12-04 00:00:00,Wind,Winter,6973
2021-04-14 00:00:00,Wind,Spring,4020
2023-02-04 00:00:00,Solar,Winter,4372
2023-09-17 00:00:00,Wind,Fall,2904
2023-04-19 00:00:00,Wind,Spring,7469
2021-05-29 00:00:00,Wind,Spring,2960
2025-05-05 00:00:00,Wind,Spring,12112
2024-06-22 00:00:00,Wind,Summer,4950
2020-05-09 00:00:00,Wind,Spring,2119
2025-03-27 00:00:00,Wind,Spring,3241
2022-03-05 00:00:00,Wind,Spring,2368
2020-05-15 00:00:00,Wind,Spring,7692
2022-10-15 00:00:00,Wind,Fall,11169
2023-07-05 00:00:00,Wind,Summer,9980
2022-03-18 00:00:00,Wind,Spring,9550
2022-01-15 00:00:00,Solar,Winter,3590
2022-10-21 00:00:00,Wind,Fall,8623
2021-10-01 00:00:00,Wind,Fall,5384
2023-09-15 00:00:00,Solar,Fall,6137
2022-05-18 00:00:00,Wind,Spring,1431
2025-01-26 00:00:00,Wind,Winter,10617
2021-04-06 00:00:00,Wind,Spring,4973
2024-06-05 00:00:00,Solar,Summer,8338
2023-05-27 00:00:00,Solar,Spring,7001
2023-10-07 00:00:00,Solar,Fall,8412
2025-06-19 00:00:00,Wind,Summer,6656
2020-07-14 00:00:00,Solar,Summer,5502
2025-01-30 00:00:00,Wind,Winter,6843
2020-04-18 00:00:00,Solar,Spring,2403
2020-05-01 00:00:00,Wind,Spring,7607
2024-12-17 00:00:00,Wind,Winter,2584
2021-10-20 00:00:00,Wind,Fall,11312
2025-01-19 00:00:00,Solar,Winter,4287
2020-01-19 00:00:00,Wind,Winter,7168
2022-04-03 00:00:00,Wind,Spring,8072
2022-11-26 00:00:00,Wind,Fall,4098
2024-04-06 00:00:00,Wind,Spring,11113
2024-06-29 00:00:00,Wind,Summer,4606
2022-06-21 00:00:00,Solar,Summer,4725
2021-05-24 00:00:00,Wind,Spring,7606
2025-07-19 00:00:00,Wind,Summer,3591
2023-01-24 00:00:00,Wind,Winter,7138
2023-01-05 00:00:00,Wind,Winter,8718
2024-03-31 00:00:00,Wind,Spring,12871
2021-10-20 00:00:00,Wind,Fall,10723
2020-10-08 00:00:00,Wind,Fall,10734
2025-11-22 00:00:00,Wind,Fall,4238
2021-02-09 00:00:00,Wind,Winter,1690
2022-12-11 00:00:00,Wind,Winter,2435
2022-10-02 00:00:00,Wind,Fall,8595
2021-12-11 00:00:00,Wind,Winter,4734
2025-01-29 00:00:00,Wind,Winter,7676
2024-10-17 00:00:00,Wind,Fall,3148
2020-02-15 00:00:00,Wind,Winter,9345
2021-08-30 00:00:00,Wind,Summer,7498
2022-12-01 00:00:00,Wind,Winter,3707
2023-09-24 00:00:00,Wind,Fall,6907
2020-01-29 00:00:00,Wind,Winter,8170
2025-06-27 00:00:00,Wind,Summer,3718
2020-03-23 00:00:00,Wind,Spring,7815
2024-06-03 00:00:00,Solar,Summer,6838
2020-06-03 00:00:00,Wind,Summer,4054
2024-03-15 00:00:00,Wind,Spring,11551
2020-05-06 00:00:00,Wind,Spring,2902
2022-06-20 00:00:00,Wind,Summer,4120
2022-08-04 00:00:00,Wind,Summer,2352
2025-06-05 00:00:00,Wind,Summer,3520
2024-05-22 00:00:00,Wind,Spring,3246
2021-05-31 00:00:00,Solar,Spring,8251
2025-05-17 00:00:00,Solar,Spring,5091
2023-06-08 00:00:00,Wind,Summer,4963
2020-06-10 00:00:00,Solar,Summer,3476
2021-04-06 00:00:00,Wind,Spring,4483
2020-05-12 00:00:00,Wind,Spring,5427
2021-10-22 00:00:00,Wind,Fall,7756
2020-10-25 00:00:00,Wind,Fall,5286
2024-11-10 00:00:00,Solar,Fall,2337
2020-08-27 00:00:00,Wind,Summer,746
2020-12-08 00:00:00,Wind,Winter,2927
2020-02-25 00:00:00,Wind,Winter,11340
2025-05-25 00:00:00,Wind,Spring,7827
2024-10-29 00:00:00,Wind,Fall,2469
2023-06-12 00:00:00,Wind,Summer,1550
2022-06-11 00:00:00,Solar,Summer,3464
2024-10-14 00:00:00,Wind,Fall,4669
2023-11-29 00:00:00,Wind,Fall,3138
2023-05-11 00:00:00,Wind,Spring,3543
2022-05-30 00:00:00,Wind,Spring,3358
2023-04-20 00:00:00,Wind,Spring,9578
2025-10-26 00:00:00,Wind,Fall,14457
2021-06-03 00:00:00,Solar,Summer,4373
2022-05-09 00:00:00,Solar,Spring,1377
2021-12-20 00:00:00,Wind,Winter,3033
2023-10-09 00:00:00,Wind,Fall,1355
2023-09-15 00:00:00,Wind,Fall,3113
2023-09-08 00:00:00,Wind,Fall,1193
2020-06-24 00:00:00,Wind,Summer,4927
2024-11-30 00:00:00,Wind,Fall,4784
2025-04-14 00:00:00,Wind,Spring,625
2021-08-13 00:00:00,Wind,Summer,1385
2021-07-06 00:00:00,Wind,Summer,3252
2020-05-02 00:00:00,Wind,Spring,4527
2021-09-25 00:00:00,Wind,Fall,1626
2025-09-13 00:00:00,Wind,Fall,5473
2022-05-03 00:00:00,Wind,Spring,3913
2022-05-31 00:00:00,Wind,Spring,629
2021-04-04 00:00:00,Wind,Spring,1822
2022-05-02 00:00:00,Solar,Spring,6399
2022-04-22 00:00:00,Wind,Spring,4924
2021-12-06 00:00:00,Wind,Winter,6810
2021-12-11 00:00:00,Wind,Winter,7205
2025-02-28 00:00:00,Wind,Winter,4602
2023-02-09 00:00:00,Wind,Winter,2302
2020-10-16 00:00:00,Wind,Fall,4771
2023-10-17 00:00:00,Wind,Fall,9601
2025-10-21 00:00:00,Wind,Fall,16078
2023-11-07 00:00:00,Wind,Fall,10062
2025-10-30 00:00:00,Wind,Fall,7973
2020-10-19 00:00:00,Wind,Fall,1282
2023-09-08 00:00:00,Wind,Fall,1364
2025-10-19 00:00:00,Wind,Fall,12954
2022-11-13 00:00:00,Solar,Fall,2623
2021-02-24 00:00:00,Wind,Winter,6614
2023-04-16 00:00:00,Solar,Spring,10098
2024-08-19 00:00:00,Wind,Summer,2334
2024-03-01 00:00:00,Wind,Spring,13391
2025-04-25 00:00:00,Wind,Spring,5109
2025-06-05 00:00:00,Wind,Summer,2919
2024-05-04 00:00:00,Wind,Spring,3018
2023-08-19 00:00:00,Solar,Summer,5543
2024-03-21 00:00:00,Solar,Spring,3781
2021-04-05 00:00:00,Wind,Spring,3111
2021-05-19 00:00:00,Wind,Spring,3897
2023-12-21 00:00:00,Wind,Winter,14043
2025-02-22 00:00:00,Wind,Winter,10381
2021-02-07 00:00:00,Wind,Winter,1739
2025-05-10 00:00:00,Wind,Spring,7169
2025-02-25 00:00:00,Wind,Winter,13221
2024-07-02 00:00:00,Wind,Summer,2993
2023-05-25 00:00:00,Wind,Spring,7649
2022-04-13 00:00:00,Solar,Spring,3243
2025-02-15 00:00:00,Wind,Winter,3681
2022-04-19 00:00:00,Wind,Spring,2287
2021-02-14 00:00:00,Wind,Winter,10047
2024-01-13 00:00:00,Wind,Winter,2005
2024-06-23 00:00:00,Wind,Summer,1679
2023-06-23 00:00:00,Wind,Summer,2045
2022-12-13 00:00:00,Wind,Winter,2696
2023-10-03 00:00:00,Wind,Fall,4434
2023-07-13 00:00:00,Solar,Summer,9653
2020-04-19 00:00:00,Wind,Spring,4146
2022-12-01 00:00:00,Wind,Winter,3999
2025-06-23 00:00:00,Wind,Summer,9992
2020-09-08 00:00:00,Wind,Fall,1554
2024-07-03 00:00:00,Wind,Summer,9354
2025-07-25 00:00:00,Wind,Summer,2035
2021-06-20 00:00:00,Solar,Summer,3778
2023-05-31 00:00:00,Wind,Spring,7123
2021-05-01 00:00:00,Solar,Spring,3323
2023-04-02 00:00:00,Wind,Spring,12812
2022-01-08 00:00:00,Wind,Winter,10733
2024-02-23 00:00:00,Wind,Winter,16191
2021-01-22 00:00:00,Wind,Winter,3817
2025-07-05 00:00:00,Wind,Summer,2489
2024-04-18 00:00:00,Solar,Spring,8623
2024-10-24 00:00:00,Wind,Fall,6796
2023-08-08 00:00:00,Wind,Summer,2582
2020-01-13 00:00:00,Wind,Winter,9926
2025-06-27 00:00:00,Solar,Summer,11541
2024-07-01 00:00:00,Wind,Summer,1695
2024-05-11 00:00:00,Wind,Spring,3472
2025-09-07 00:00:00,Wind,Fall,7231
2023-11-19 00:00:00,Wind,Fall,17786
2020-12-11 00:00:00,Wind,Winter,6188
2020-08-28 00:00:00,Wind,Summer,4524
2025-02-04 00:00:00,Solar,Winter,8211
2020-02-09 00:00:00,Wind,Winter,11052
2022-04-13 00:00:00,Wind,Spring,1227
2021-10-24 00:00:00,Wind,Fall,3438
2024-10-24 00:00:00,Wind,Fall,6302
2023-02-16 00:00:00,Wind,Winter,4250
2024-06-11 00:00:00,Wind,Summer,1800
2020-10-16 00:00:00,Wind,Fall,1207
2020-06-28 00:00:00,Wind,Summer,4867
2024-03-23 00:00:00,Wind,Spring,12855
2025-08-13 00:00:00,Wind,Summer,1056
2022-07-04 00:00:00,Wind,Summer,3580
2022-04-18 00:00:00,Solar,Spring,5600
2025-08-18 00:00:00,Solar,Summer,7367
2024-11-17 00:00:00,Wind,Fall,4964
2023-04-30 00:00:00,Wind,Spring,1696
2020-03-20 00:00:00,Wind,Spring,3316
2023-12-15 00:00:00,Solar,Winter,4274
2021-11-28 00:00:00,Wind,Fall,10375
2025-10-31 00:00:00,Wind,Fall,15246
2022-10-05 00:00:00,Wind,Fall,14483
2025-06-23 00:00:00,Wind,Summer,11567
2023-03-01 00:00:00,Wind,Spring,7450
2022-12-12 00:00:00,Wind,Winter,3288
2021-11-12 00:00:00,Wind,Fall,3879
2023-12-21 00:00:00,Wind,Winter,19358
2024-10-25 00:00:00,Wind,Fall,6941
2023-02-24 00:00:00,Wind,Winter,3224
2022-07-08 00:00:00,Solar,Summer,7531
2020-11-08 00:00:00,Wind,Fall,4275
2021-11-01 00:00:00,Wind,Fall,9125
2024-11-23 00:00:00,Wind,Fall,8044
2024-12-23 00:00:00,Wind,Winter,17108
2023-11-15 00:00:00,Wind,Fall,4402
2020-07-29 00:00:00,Solar,Summer,4027
2020-03-01 00:00:00,Wind,Spring,8574
2020-12-16 00:00:00,Wind,Winter,8045
2021-11-02 00:00:00,Wind,Fall,4888
2020-11-09 00:00:00,Wind,Fall,3308
2023-10-04 00:00:00,Wind,Fall,2628
2024-02-16 00:00:00,Wind,Winter,4567
2020-03-21 00:00:00,Wind,Spring,10973
2021-08-08 00:00:00,Wind,Summer,5042
2021-05-29 00:00:00,Wind,Spring,2581
2023-09-08 00:00:00,Solar,Fall,7239
2024-01-16 00:00:00,Wind,Winter,1868
2025-06-26 00:00:00,Wind,Summer,4580
2021-09-28 00:00:00,Wind,Fall,1599
2020-03-06 00:00:00,Wind,Spring,10808
2021-10-10 00:00:00,Wind,Fall,1374
2025-06-07 00:00:00,Wind,Summer,13408
2023-12-02 00:00:00,Solar,Winter,4402
2020-06-09 00:00:00,Wind,Summer,2462
2025-07-14 00:00:00,Wind,Summer,8818
2021-02-05 00:00:00,Wind,Winter,2566
2023-02-02 00:00:00,Wind,Winter,7011
2023-05-26 00:00:00,Solar,Spring,11645
2024-08-03 00:00:00,Solar,Summer,10343
2022-10-14 00:00:00,Wind,Fall,3451
2025-08-12 00:00:00,Solar,Summer,10561
2022-03-28 00:00:00,Wind,Spring,1693
2025-05-02 00:00:00,Wind,Spring,3410
2025-04-13 00:00:00,Wind,Spring,5953
2020-10-09 00:00:00,Wind,Fall,3453
2025-08-06 00:00:00,Wind,Summer,3916
2021-06-11 00:00:00,Wind,Summer,2176
2020-06-19 00:00:00,Solar,Summer,3181
2023-01-24 00:00:00,Wind,Winter,7104
2020-09-15 00:00:00,Wind,Fall,833
2023-07-24 00:00:00,Wind,Summer,4430
2025-07-06 00:00:00,Wind,Summer,14176
2021-04-15 00:00:00,Wind,Spring,9189
2025-03-22 00:00:00,Wind,Spring,4464
2024-01-04 00:00:00,Wind,Winter,11461
2023-02-17 00:00:00,Wind,Winter,8100
2024-05-20 00:00:00,Wind,Spring,1616
2024-01-27 00:00:00,Wind,Winter,5738
2023-08-31 00:00:00,Wind,Summer,10018
2021-02-19 00:00:00,Wind,Winter,4793
2021-07-08 00:00:00,Solar,Summer,5195
2023-05-19 00:00:00,Wind,Spring,6367
2021-01-29 00:00:00,Wind,Winter,14125
2022-06-01 00:00:00,Wind,Summer,2172
2020-04-30 00:00:00,Wind,Spring,14234
2021-09-22 00:00:00,Wind,Fall,2338
2024-02-02 00:00:00,Wind,Winter,4279
2022-07-24 00:00:00,Solar,Summer,7307
2021-05-25 00:00:00,Wind,Spring,14393
2023-07-17 00:00:00,Wind,Summer,2338
2024-06-08 00:00:00,Solar,Summer,4101
2022-07-19 00:00:00,Wind,Summer,5523
2020-11-16 00:00:00,Wind,Fall,9212
2024-02-02 00:00:00,Wind,Winter,6383
2020-06-25 00:00:00,Wind,Summer,1654
2025-07-10 00:00:00,Wind,Summer,3466
2022-06-03 00:00:00,Wind,Summer,2794
2020-06-18 00:00:00,Wind,Summer,1786
2024-03-21 00:00:00,Wind,Spring,2332
2023-04-25 00:00:00,Wind,Spring,2739
2022-01-07 00:00:00,Wind,Winter,9573
2023-04-18 00:00:00,Wind,Spring,12157
2023-03-26 00:00:00,Wind,Spring,14251
2023-12-19 00:00:00,Wind,Winter,9075
2022-10-26 00:00:00,Wind,Fall,6850
2025-06-03 00:00:00,Wind,Summer,5477
2020-06-17 00:00:00,Wind,Summer,1304
2025-08-29 00:00:00,Wind,Summer,8790
2020-02-16 00:00:00,Wind,Winter,13620
2020-09-15 00:00:00,Wind,Fall,3135
2022-02-07 00:00:00,Solar,Winter,6367
2021-09-18 00:00:00,Wind,Fall,2374
2023-05-09 00:00:00,Wind,Spring,2754
2024-03-18 00:00:00,Solar,Spring,3934
2024-01-10 00:00:00,Wind,Winter,2707
2020-12-24 00:00:00,Wind,Winter,10311
2024-06-10 00:00:00,Wind,Summer,7335
2022-11-09 00:00:00,Wind,Fall,9198
2024-11-11 00:00:00,Wind,Fall,2550
2022-12-05 00:00:00,Wind,Winter,1646
2020-01-06 00:00:00,Wind,Winter,6114
2023-08-21 00:00:00,Wind,Summer,1791
2020-01-12 00:00:00,Wind,Winter,4993
2024-10-12 00:00:00,Wind,Fall,6137
2020-11-09 00:00:00,Solar,Fall,2889
2022-09-13 00:00:00,Wind,Fall,2581
2020-03-29 00:00:00,Wind,Spring,13630
2025-02-15 00:00:00,Wind,Winter,5661
2025-08-27 00:00:00,Wind,Summer,2252
2023-07-12 00:00:00,Wind,Summer,3539
2025-01-02 00:00:00,Wind,Winter,6369
2021-02-19 00:00:00,Wind,Winter,6811
2025-09-23 00:00:00,Wind,Fall,7896
2022-07-10 00:00:00,Wind,Summer,4514
2021-03-26 00:00:00,Wind,Spring,3646
2021-10-15 00:00:00,Wind,Fall,1575
2025-02-07 00:00:00,Wind,Winter,10457
2025-10-10 00:00:00,Wind,Fall,3559
2023-06-22 00:00:00,Wind,Summer,9514
2022-02-24 00:00:00,Wind,Winter,7938
2025-01-15 00:00:00,Wind,Winter,3431
2021-07-28 00:00:00,Wind,Summer,3354
2025-05-05 00:00:00,Wind,Spring,15064
2023-02-12 00:00:00,Wind,Winter,4192
2021-10-05 00:00:00,Wind,Fall,10165
2022-07-16 00:00:00,Wind,Summer,4533
2023-05-02 00:00:00,Solar,Spring,8967
2021-05-22 00:00:00,Wind,Spring,12712
2025-04-14 00:00:00,Wind,Spring,479
2022-08-19 00:00:00,Solar,Summer,6190
2020-11-12 00:00:00,Wind,Fall,5261
2020-06-05 00:00:00,Wind,Summer,3265
2021-08-10 00:00:00,Wind,Summer,1248
2023-02-15 00:00:00,Wind,Winter,4757
2021-07-26 00:00:00,Solar,Summer,5093
2022-02-06 00:00:00,Wind,Winter,17304
2020-12-20 00:00:00,Wind,Winter,5429
2024-05-29 00:00:00,Wind,Spring,11498
2023-03-14 00:00:00,Wind,Spring,6322
2023-03-17 00:00:00,Wind,Spring,6610
2020-08-08 00:00:00,Wind,Summer,1149
2021-05-02 00:00:00,Wind,Spring,2502
2021-01-21 00:00:00,Wind,Winter,11579
2020-07-04 00:00:00,Wind,Summer,3974
2020-08-07 00:00:00,Solar,Summer,4514
2020-04-01 00:00:00,Wind,Spring,3851
2022-09-15 00:00:00,Wind,Fall,1567
2023-02-16 00:00:00,Wind,Winter,7146
2024-05-18 00:00:00,Wind,Spring,677
2020-12-30 00:00:00,Wind,Winter,2807
2024-04-28 00:00:00,Wind,Spring,8476
2021-03-23 00:00:00,Solar,Spring,3997
2023-11-26 00:00:00,Wind,Fall,2638
2023-04-25 00:00:00,Wind,Spring,2248
2021-08-24 00:00:00,Wind,Summer,9610
2025-01-27 00:00:00,Wind,Winter,17504
2025-01-03 00:00:00,Wind,Winter,4264
2022-07-03 00:00:00,Wind,Summer,3250
2022-04-27 00:00:00,Wind,Spring,7424
2022-10-17 00:00:00,Wind,Fall,1731
2024-12-24 00:00:00,Wind,Winter,2733
2025-07-05 00:00:00,Wind,Summer,3504
2024-03-24 00:00:00,Wind,Spring,17542
2021-03-05 00:00:00,Wind,Spring,5969
2023-04-18 00:00:00,Wind,Spring,7377
2020-02-20 00:00:00,Wind,Winter,13570
2023-04-22 00:00:00,Wind,Spring,4685
2021-06-30 00:00:00,Wind,Summer,1138
2023-09-15 00:00:00,Wind,Fall,2859
2021-06-27 00:00:00,Wind,Summer,1928
2023-12-18 00:00:00,Wind,Winter,1983
2025-01-03 00:00:00,Wind,Winter,2458
2025-10-11 00:00:00,Wind,Fall,3113
2022-09-17 00:00:00,Wind,Fall,10338
2020-10-19 00:00:00,Wind,Fall,7098
2024-10-10 00:00:00,Wind,Fall,7668
2022-04-26 00:00:00,Wind,Spring,2225
2023-05-08 00:00:00,Solar,Spring,6648
2021-11-11 00:00:00,Wind,Fall,380
2023-11-23 00:00:00,Wind,Fall,8437
2025-04-27 00:00:00,Solar,Spring,5174
2025-09-27 00:00:00,Wind,Fall,2138
2023-10-04 00:00:00,Wind,Fall,2050
2022-04-03 00:00:00,Wind,Spring,4104
2020-08-25 00:00:00,Wind,Summer,723
2022-07-17 00:00:00,Wind,Summer,4351
2025-10-03 00:00:00,Wind,Fall,11301
2021-08-06 00:00:00,Wind,Summer,11666
2021-05-14 00:00:00,Wind,Spring,6084
2024-04-22 00:00:00,Wind,Spring,11441
2021-09-12 00:00:00,Wind,Fall,833
2025-05-21 00:00:00,Solar,Spring,9175
2020-09-21 00:00:00,Solar,Fall,2049
2021-02-07 00:00:00,Wind,Winter,3072
2022-08-27 00:00:00,Solar,Summer,4302
2022-11-04 00:00:00,Wind,Fall,6595
2022-09-18 00:00:00,Wind,Fall,4391
2022-06-18 00:00:00,Solar,Summer,5292
2021-10-22 00:00:00,Wind,Fall,2015
2020-04-29 00:00:00,Wind,Spring,9416
2023-02-13 00:00:00,Wind,Winter,3717
2022-05-07 00:00:00,Wind,Spring,5564
2021-07-04 00:00:00,Wind,Summer,932
2023-01-15 00:00:00,Wind,Winter,11169
2023-02-16 00:00:00,Wind,Winter,6891
2024-08-05 00:00:00,Wind,Summer,776
2021-05-16 00:00:00,Wind,Spring,5170
2023-03-08 00:00:00,Wind,Spring,15041
2020-10-30 00:00:00,Wind,Fall,7334
2021-04-26 00:00:00,Wind,Spring,7918
2025-07-07 00:00:00,Wind,Summer,5004
2021-08-24 00:00:00,Wind,Summer,6030
2022-04-01 00:00:00,Wind,Spring,10193
2024-08-21 00:00:00,Wind,Summer,1351
2024-01-19 00:00:00,Wind,Winter,3386
2021-05-24 00:00:00,Wind,Spring,12352
2021-05-18 00:00:00,Wind,Spring,5826
2023-11-04 00:00:00,Wind,Fall,17543
2024-07-14 00:00:00,Solar,Summer,2112
2022-03-10 00:00:00,Wind,Spring,5077
2024-03-10 00:00:00,Wind,Spring,3791
2021-02-28 00:00:00,Wind,Winter,6317
2025-04-23 00:00:00,Wind,Spring,4602
2025-06-16 00:00:00,Solar,Summer,4345
2021-03-26 00:00:00,Wind,Spring,4671
2022-08-03 00:00:00,Wind,Summer,1048
2023-11-01 00:00:00,Wind,Fall,12440
2022-11-21 00:00:00,Wind,Fall,10615
2020-09-23 00:00:00,Wind,Fall,7077
2021-07-21 00:00:00,Solar,Summer,2455
2025-05-25 00:00:00,Wind,Spring,7409
2020-01-20 00:00:00,Wind,Winter,5481
2020-07-16 00:00:00,Wind,Summer,1793
2025-04-11 00:00:00,Wind,Spring,4126
2023-07-30 00:00:00,Wind,Summer,5343
2022-12-19 00:00:00,Wind,Winter,13567
2024-12-04 00:00:00,Wind,Winter,1630
2022-06-10 00:00:00,Solar,Summer,7582
2021-11-17 00:00:00,Wind,Fall,2394
2022-04-24 00:00:00,Wind,Spring,2963
2023-05-28 00:00:00,Wind,Spring,5726
2025-01-24 00:00:00,Wind,Winter,19742
2023-06-08 00:00:00,Solar,Summer,8461
2024-11-19 00:00:00,Wind,Fall,18100
2022-07-10 00:00:00,Wind,Summer,4280
2022-05-15 00:00:00,Wind,Spring,4614
2022-09-28 00:00:00,Wind,Fall,4568
2021-02-17 00:00:00,Wind,Winter,11639
2024-10-09 00:00:00,Wind,Fall,12368
2025-06-04 00:00:00,Solar,Summer,8787
2020-11-04 00:00:00,Solar,Fall,3051
2022-02-26 00:00:00,Wind,Winter,5296
2024-03-17 00:00:00,Solar,Spring,8354
2023-02-15 00:00:00,Solar,Winter,5873
2020-07-31 00:00:00,Wind,Summer,3969
2022-04-15 00:00:00,Solar,Spring,3210
2020-12-12 00:00:00,Wind,Winter,4914
2022-09-02 00:00:00,Wind,Fall,2497
2020-03-16 00:00:00,Wind,Spring,3407
2024-11-21 00:00:00,Wind,Fall,9569
2021-08-07 00:00:00,Wind,Summer,3328
2025-02-28 00:00:00,Solar,Winter,10622
2022-04-23 00:00:00,Wind,Spring,5891
2025-01-07 00:00:00,Wind,Winter,14713
2021-10-25 00:00:00,Wind,Fall,3138
2021-11-07 00:00:00,Wind,Fall,6691
2021-02-04 00:00:00,Wind,Winter,3434
2020-02-22 00:00:00,Wind,Winter,8062
2024-10-23 00:00:00,Wind,Fall,6864
2023-08-17 00:00:00,Wind,Summer,2496
2025-03-02 00:00:00,Solar,Spring,12215
2023-02-05 00:00:00,Wind,Winter,3594
2024-02-07 00:00:00,Wind,Winter,17057
2023-06-20 00:00:00,Solar,Summer,7992
2020-01-13 00:00:00,Wind,Winter,2614
2024-09-22 00:00:00,Wind,Fall,4342
2025-08-27 00:00:00,Wind,Summer,2306
2024-11-09 00:00:00,Wind,Fall,654
2021-01-28 00:00:00,Wind,Winter,10801
2024-11-08 00:00:00,Wind,Fall,2745
2024-06-27 00:00:00,Solar,Summer,4237
2025-02-05 00:00:00,Solar,Winter,5425
2025-02-24 00:00:00,Wind,Winter,6233
2022-08-09 00:00:00,Solar,Summer,10463
2020-08-06 00:00:00,Wind,Summer,1316
2022-12-20 00:00:00,Wind,Winter,8489
2022-05-06 00:00:00,Solar,Spring,6950
2025-05-23 00:00:00,Wind,Spring,3630
2022-01-29 00:00:00,Wind,Winter,9050
2023-01-08 00:00:00,Wind,Winter,11271
2024-12-07 00:00:00,Wind,Winter,18470
2020-01-16 00:00:00,Wind,Winter,5457
2022-06-08 00:00:00,Wind,Summer,10342
2021-05-20 00:00:00,Wind,Spring,11590
2021-07-25 00:00:00,Wind,Summer,3518
2020-05-07 00:00:00,Solar,Spring,4042
2021-03-26 00:00:00,Wind,Spring,8689
2023-06-27 00:00:00,Wind,Summer,3541
2024-10-24 00:00:00,Wind,Fall,6617
2020-08-24 00:00:00,Solar,Summer,6376
2021-10-23 00:00:00,Wind,Fall,1627
2020-04-04 00:00:00,Wind,Spring,6994
2023-02-02 00:00:00,Wind,Winter,6620
2022-11-16 00:00:00,Wind,Fall,8639
2020-09-10 00:00:00,Wind,Fall,1588
2022-03-09 00:00:00,Wind,Spring,5409
2025-07-23 00:00:00,Wind,Summer,981
2022-03-10 00:00:00,Wind,Spring,6480
2021-12-04 00:00:00,Wind,Winter,11148
2024-09-02 00:00:00,Wind,Fall,1417
2025-08-05 00:00:00,Wind,Summer,4930
2024-02-19 00:00:00,Wind,Winter,3561
2025-09-23 00:00:00,Wind,Fall,7015
2025-03-17 00:00:00,Wind,Spring,5480
2020-12-12 00:00:00,Wind,Winter,6148
2022-06-02 00:00:00,Solar,Summer,6196
2024-08-11 00:00:00,Wind,Summer,4609
2021-07-27 00:00:00,Wind,Summer,6091
2022-10-01 00:00:00,Wind,Fall,9643
2023-12-12 00:00:00,Wind,Winter,12126
2020-03-17 00:00:00,Wind,Spring,985
2024-06-05 00:00:00,Wind,Summer,2061
2021-06-20 00:00:00,Wind,Summer,3261
2025-10-31 00:00:00,Wind,Fall,9983
2024-01-03 00:00:00,Wind,Winter,16866
2021-04-25 00:00:00,Wind,Spring,8382
2024-01-23 00:00:00,Wind,Winter,10479
2023-06-12 00:00:00,Wind,Summer,1553
2022-02-19 00:00:00,Wind,Winter,11830
2020-01-29 00:00:00,Wind,Winter,7825
2020-12-20 00:00:00,Wind,Winter,5033
2020-06-02 00:00:00,Solar,Summer,3567
2024-05-28 00:00:00,Wind,Spring,6596
2023-01-30 00:00:00,Wind,Winter,7712
2020-05-04 00:00:00,Wind,Spring,4761
2021-11-01 00:00:00,Wind,Fall,12570
2020-03-26 00:00:00,Wind,Spring,6738
2022-03-20 00:00:00,Solar,Spring,5199
2021-11-09 00:00:00,Wind,Fall,1386
2020-06-02 00:00:00,Wind,Summer,1579
2021-03-14 00:00:00,Wind,Spring,10061
2024-04-02 00:00:00,Wind,Spring,14399
2025-04-04 00:00:00,Solar,Spring,8357
2023-01-17 00:00:00,Wind,Winter,2989
2023-01-12 00:00:00,Wind,Winter,16345
2022-09-22 00:00:00,Wind,Fall,2032
2020-05-02 00:00:00,Wind,Spring,4238
2024-09-26 00:00:00,Wind,Fall,12285
2024-08-15 00:00:00,Solar,Summer,9170
2024-12-19 00:00:00,Wind,Winter,10852
2025-08-04 00:00:00,Wind,Summer,4350
2023-08-27 00:00:00,Wind,Summer,4122
2023-05-25 00:00:00,Wind,Spring,12510
2020-12-12 00:00:00,Wind,Winter,5549
2023-09-11 00:00:00,Wind,Fall,1487
2024-02-29 00:00:00,Wind,Winter,11785
2025-02-18 00:00:00,Wind,Winter,7911
2020-08-11 00:00:00,Wind,Summer,789
2021-07-12 00:00:00,Wind,Summer,3009
2022-12-10 00:00:00,Wind,Winter,2001
2022-09-08 00:00:00,Wind,Fall,3781
2024-04-13 00:00:00,Wind,Spring,2145
2022-05-19 00:00:00,Wind,Spring,8552
2024-05-15 00:00:00,Wind,Spring,3240
2024-01-04 00:00:00,Wind,Winter,15949
2024-03-16 00:00:00,Wind,Spring,7152
2024-04-17 00:00:00,Wind,Spring,5485
2023-10-10 00:00:00,Wind,Fall,2350
2021-07-20 00:00:00,Solar,Summer,5061
2024-06-28 00:00:00,Solar,Summer,2931
2022-10-17 00:00:00,Wind,Fall,8371
2024-05-04 00:00:00,Wind,Spring,7097
2022-11-23 00:00:00,Wind,Fall,11998
2024-07-25 00:00:00,Solar,Summer,10189
2023-11-22 00:00:00,Wind,Fall,7046
2023-05-23 00:00:00,Wind,Spring,11450
2024-10-17 00:00:00,Wind,Fall,3422
2020-06-18 00:00:00,Solar,Summer,5327
2020-09-16 00:00:00,Wind,Fall,4286
2024-09-01 00:00:00,Solar,Fall,5454
2022-11-29 00:00:00,Wind,Fall,2348
2022-07-31 00:00:00,Wind,Summer,2172
2022-11-11 00:00:00,Wind,Fall,4710
2024-10-24 00:00:00,Solar,Fall,8418
2025-09-09 00:00:00,Wind,Fall,2328
2022-06-03 00:00:00,Solar,Summer,3195
2020-04-11 00:00:00,Solar,Spring,4030
2025-03-28 00:00:00,Wind,Spring,2900
2024-09-24 00:00:00,Wind,Fall,5173
2021-05-29 00:00:00,Wind,Spring,2818
2020-12-13 00:00:00,Wind,Winter,8724
2024-12-21 00:00:00,Wind,Winter,16264
2021-01-30 00:00:00,Wind,Winter,7466
2023-04-28 00:00:00,Wind,Spring,4416
2023-02-22 00:00:00,Wind,Winter,3681
2024-07-04 00:00:00,Wind,Summer,4917
2023-08-17 00:00:00,Wind,Summer,3285
2025-03-01 00:00:00,Wind,Spring,6964
2021-04-05 00:00:00,Wind,Spring,11176
2025-04-24 00:00:00,Wind,Spring,2874
2023-01-01 00:00:00,Wind,Winter,11352
2024-09-21 00:00:00,Wind,Fall,3706
2022-02-06 00:00:00,Wind,Winter,15231
2023-06-22 00:00:00,Wind,Summer,8029
2022-06-19 00:00:00,Wind,Summer,6609
2022-12-29 00:00:00,Wind,Winter,14628
2021-10-08 00:00:00,Wind,Fall,7401
2021-03-03 00:00:00,Solar,Spring,2297
2022-08-25 00:00:00,Solar,Summer,4102
2023-11-02 00:00:00,Wind,Fall,15749
2023-04-28 00:00:00,Wind,Spring,11332
2024-03-19 00:00:00,Solar,Spring,2995
2025-10-18 00:00:00,Wind,Fall,5298
2025-09-09 00:00:00,Wind,Fall,3952
2020-02-26 00:00:00,Wind,Winter,10052
2023-08-02 00:00:00,Wind,Summer,11426
2024-01-27 00:00:00,Wind,Winter,2168
2022-12-29 00:00:00,Wind,Winter,14107
2024-08-31 00:00:00,Wind,Summer,4126
2025-01-12 00:00:00,Wind,Winter,2882
2021-10-10 00:00:00,Solar,Fall,5083
2025-03-06 00:00:00,Solar,Spring,15080
2023-09-27 00:00:00,Wind,Fall,6093
2022-03-21 00:00:00,Wind,Spring,4047
2022-07-25 00:00:00,Wind,Summer,13252
2020-01-07 00:00:00,Wind,Winter,5559
2025-06-19 00:00:00,Solar,Summer,5699
2023-10-02 00:00:00,Wind,Fall,9165
2025-10-22 00:00:00,Wind,Fall,4199
2020-08-20 00:00:00,Wind,Summer,4652
2023-01-05 00:00:00,Wind,Winter,6315
2021-04-15 00:00:00,Wind,Spring,4765
2023-04-03 00:00:00,Wind,Spring,5730
2022-07-28 00:00:00,Solar,Summer,4699
2022-03-16 00:00:00,Wind,Spring,4803
2024-02-11 00:00:00,Wind,Winter,5948
2022-04-18 00:00:00,Solar,Spring,4102
2020-08-20 00:00:00,Wind,Summer,4778
2021-05-30 00:00:00,Wind,Spring,5283
2024-02-03 00:00:00,Wind,Winter,5398
2022-02-02 00:00:00,Wind,Winter,7343
2022-08-11 00:00:00,Solar,Summer,7985
2020-03-02 00:00:00,Wind,Spring,8237
2020-07-20 00:00:00,Solar,Summer,6001
2025-02-25 00:00:00,Wind,Winter,5499
2023-09-27 00:00:00,Solar,Fall,4720
2021-01-28 00:00:00,Wind,Winter,13384
2021-04-11 00:00:00,Wind,Spring,6470
2023-01-04 00:00:00,Wind,Winter,17387
2023-05-22 00:00:00,Wind,Spring,2460
2020-06-01 00:00:00,Wind,Summer,2810
2025-01-12 00:00:00,Wind,Winter,3280
2020-12-28 00:00:00,Wind,Winter,9585
2024-03-26 00:00:00,Wind,Spring,5113
2021-05-05 00:00:00,Wind,Spring,6830
2022-02-03 00:00:00,Wind,Winter,3193
2022-11-15 00:00:00,Wind,Fall,8025
2025-01-13 00:00:00,Wind,Winter,3745
2021-10-29 00:00:00,Wind,Fall,12826
2020-02-20 00:00:00,Wind,Winter,9235
2020-09-11 00:00:00,Wind,Fall,978
2022-04-20 00:00:00,Wind,Spring,6149
2021-02-26 00:00:00,Wind,Winter,3431
2023-03-21 00:00:00,Wind,Spring,3815
2022-08-24 00:00:00,Wind,Summer,918
2023-03-04 00:00:00,Wind,Spring,4696
2025-07-12 00:00:00,Wind,Summer,3675
2021-08-08 00:00:00,Wind,Summer,5143
2020-03-26 00:00:00,Wind,Spring,9436
2023-04-14 00:00:00,Wind,Spring,9132
2022-02-24 00:00:00,Wind,Winter,4044
2020-01-19 00:00:00,Wind,Winter,7199
2025-09-28 00:00:00,Wind,Fall,1930
2025-07-25 00:00:00,Wind,Summer,3699
2022-09-21 00:00:00,Solar,Fall,7231
2023-03-27 00:00:00,Wind,Spring,2171
2022-01-10 00:00:00,Wind,Winter,1854
2025-06-15 00:00:00,Solar,Summer,3323
2025-09-27 00:00:00,Wind,Fall,988
2024-06-05 00:00:00,Solar,Summer,5467
2022-01-31 00:00:00,Wind,Winter,16588
2025-05-10 00:00:00,Solar,Spring,6026
2020-11-09 00:00:00,Solar,Fall,3129
2024-12-08 00:00:00,Wind,Winter,17595
2021-03-04 00:00:00,Solar,Spring,2510
2020-07-10 00:00:00,Wind,Summer,2854
2025-03-12 00:00:00,Solar,Spring,3819
2023-09-01 00:00:00,Solar,Fall,3528
2024-01-12 00:00:00,Wind,Winter,6614
2023-07-14 00:00:00,Solar,Summer,9021
2020-11-29 00:00:00,Wind,Fall,3884
2023-11-03 00:00:00,Wind,Fall,11587
2024-07-15 00:00:00,Wind,Summer,806
2021-01-13 00:00:00,Wind,Winter,10124
2021-05-05 00:00:00,Wind,Spring,7103
2023-03-21 00:00:00,Wind,Spring,6853
2024-07-03 00:00:00,Wind,Summer,12507
2025-07-11 00:00:00,Wind,Summer,4561
2021-07-30 00:00:00,Wind,Summer,7443
2022-04-06 00:00:00,Wind,Spring,5703
2025-11-09 00:00:00,Solar,Fall,6137
2024-02-08 00:00:00,Wind,Winter,14578
2021-05-06 00:00:00,Wind,Spring,2774
2021-10-23 00:00:00,Wind,Fall,2533
2022-10-07 00:00:00,Wind,Fall,2893
2024-02-02 00:00:00,Wind,Winter,7591
2022-12-13 00:00:00,Wind,Winter,3271
2022-05-28 00:00:00,Wind,Spring,6736
2023-04-08 00:00:00,Solar,Spring,8121
2024-06-05 00:00:00,Wind,Summer,2600
2025-03-26 00:00:00,Wind,Spring,4117
2024-08-27 00:00:00,Wind,Summer,4362
2020-03-22 00:00:00,Wind,Spring,8012
2022-04-26 00:00:00,Wind,Spring,5243
2023-05-19 00:00:00,Wind,Spring,10001
2022-01-24 00:00:00,Wind,Winter,2969
2022-02-01 00:00:00,Wind,Winter,7682
2024-12-16 00:00:00,Wind,Winter,7471
2023-12-16 00:00:00,Solar,Winter,5289
2023-10-29 00:00:00,Wind,Fall,13201
2022-01-06 00:00:00,Wind,Winter,6842
2022-04-06 00:00:00,Wind,Spring,13079
2023-06-16 00:00:00,Wind,Summer,1185
2021-10-26 00:00:00,Wind,Fall,3058
2025-11-26 00:00:00,Solar,Fall,6697
2022-12-08 00:00:00,Wind,Winter,2588
2021-01-25 00:00:00,Wind,Winter,5382
2020-03-30 00:00:00,Wind,Spring,11078
2023-12-08 00:00:00,Wind,Winter,5928
2022-09-03 00:00:00,Wind,Fall,1564
2024-05-13 00:00:00,Wind,Spring,2486
2024-07-17 00:00:00,Wind,Summer,1311
2021-08-01 00:00:00,Solar,Summer,6936
2024-07-25 00:00:00,Wind,Summer,1757
2021-04-30 00:00:00,Solar,Spring,2380
2025-08-23 00:00:00,Solar,Summer,7139
2021-10-12 00:00:00,Wind,Fall,3745
2020-12-29 00:00:00,Wind,Winter,6417
2023-01-06 00:00:00,Wind,Winter,7136
2025-04-18 00:00:00,Solar,Spring,7510
2021-10-27 00:00:00,Solar,Fall,5169
2023-12-09 00:00:00,Wind,Winter,8230
2024-12-21 00:00:00,Wind,Winter,11974
2025-01-05 00:00:00,Wind,Winter,17589
2021-10-06 00:00:00,Wind,Fall,2961
2024-01-16 00:00:00,Solar,Winter,3645
2022-09-21 00:00:00,Wind,Fall,2874
2024-11-08 00:00:00,Wind,Fall,2488
2021-01-29 00:00:00,Wind,Winter,14288
2021-08-07 00:00:00,Wind,Summer,2984
2024-07-23 00:00:00,Wind,Summer,4481
2025-06-27 00:00:00,Wind,Summer,2148
2020-10-09 00:00:00,Wind,Fall,2199
2020-08-15 00:00:00,Solar,Summer,3858
2024-10-13 00:00:00,Wind,Fall,846
2021-11-18 00:00:00,Wind,Fall,1595
2021-04-29 00:00:00,Wind,Spring,2584
2024-09-24 00:00:00,Wind,Fall,4603
2020-10-13 00:00:00,Wind,Fall,6503
2025-09-07 00:00:00,Wind,Fall,6502
2024-03-28 00:00:00,Wind,Spring,14376
2020-07-07 00:00:00,Wind,Summer,2114
2020-05-22 00:00:00,Wind,Spring,6372
2023-01-26 00:00:00,Wind,Winter,5197
2020-04-25 00:00:00,Solar,Spring,4085
2024-07-14 00:00:00,Solar,Summer,2634
2024-12-11 00:00:00,Wind,Winter,6865
2023-10-20 00:00:00,Wind,Fall,7162
2022-07-31 00:00:00,Wind,Summer,1873
2020-11-19 00:00:00,Wind,Fall,4071
2023-05-13 00:00:00,Wind,Spring,9897
2024-01-29 00:00:00,Wind,Winter,5859
2024-04-19 00:00:00,Wind,Spring,18551
2020-06-09 00:00:00,Wind,Summer,5018
2025-03-30 00:00:00,Wind,Spring,6026
2020-07-04 00:00:00,Wind,Summer,2880
2023-04-21 00:00:00,Solar,Spring,7908
2025-03-11 00:00:00,Wind,Spring,5850
2021-09-01 00:00:00,Wind,Fall,7034
2025-08-18 00:00:00,Wind,Summer,5172
2022-01-16 00:00:00,Wind,Winter,5504
2020-04-08 00:00:00,Wind,Spring,690
2024-03-20 00:00:00,Wind,Spring,4474
2021-09-02 00:00:00,Wind,Fall,6040
2025-06-06 00:00:00,Wind,Summer,8130
2025-04-05 00:00:00,Solar,Spring,6317
2021-07-18 00:00:00,Wind,Summer,4909
2020-05-30 00:00:00,Wind,Spring,3028
2023-01-15 00:00:00,Wind,Winter,9467
2022-09-08 00:00:00,Wind,Fall,5397
2025-10-22 00:00:00,Wind,Fall,10734
2021-12-28 00:00:00,Wind,Winter,15685
2024-09-29 00:00:00,Wind,Fall,10984
2020-06-14 00:00:00,Solar,Summer,5704
2021-12-23 00:00:00,Wind,Winter,9426
2024-03-18 00:00:00,Wind,Spring,933
2023-08-24 00:00:00,Wind,Summer,13574
2021-10-29 00:00:00,Wind,Fall,12500
2025-06-16 00:00:00,Solar,Summer,8507
2024-10-07 00:00:00,Wind,Fall,6327
2021-08-25 00:00:00,Wind,Summer,6018
2023-03-03 00:00:00,Wind,Spring,4375
2024-07-22 00:00:00,Wind,Summer,3692
2025-08-12 00:00:00,Wind,Summer,3451
2023-04-18 00:00:00,Wind,Spring,7360
2024-03-25 00:00:00,Wind,Spring,1955
2022-01-17 00:00:00,Solar,Winter,3473
2024-05-05 00:00:00,Wind,Spring,3218
2023-04-08 00:00:00,Wind,Spring,3198
2022-08-01 00:00:00,Solar,Summer,6020
2024-03-05 00:00:00,Wind,Spring,9324
2025-06-02 00:00:00,Wind,Summer,2418
2024-11-04 00:00:00,Wind,Fall,2712
2025-08-11 00:00:00,Wind,Summer,5798
2023-12-25 00:00:00,Wind,Winter,12549
2022-04-13 00:00:00,Wind,Spring,1056
2024-10-13 00:00:00,Solar,Fall,5958
2023-07-30 00:00:00,Wind,Summer,8854
2020-09-14 00:00:00,Wind,Fall,2506
2023-11-14 00:00:00,Wind,Fall,12183
2024-08-25 00:00:00,Wind,Summer,8078
2025-09-29 00:00:00,Wind,Fall,1685
2024-04-23 00:00:00,Wind,Spring,4207
2022-11-14 00:00:00,Wind,Fall,3756
2025-06-21 00:00:00,Wind,Summer,3209
2024-01-02 00:00:00,Wind,Winter,17304
2020-04-29 00:00:00,Wind,Spring,11037
2021-01-04 00:00:00,Wind,Winter,1985
2025-10-26 00:00:00,Wind,Fall,14963
2024-06-23 00:00:00,Solar,Summer,3443
2022-12-04 00:00:00,Wind,Winter,3339
2022-01-20 00:00:00,Wind,Winter,3390
2020-06-21 00:00:00,Wind,Summer,3262
2024-04-07 00:00:00,Wind,Spring,9110
2024-05-21 00:00:00,Wind,Spring,1742
2023-03-08 00:00:00,Wind,Spring,14517
2021-08-26 00:00:00,Solar,Summer,8587
2025-10-16 00:00:00,Wind,Fall,4833
2020-11-06 00:00:00,Wind,Fall,5205
2022-10-20 00:00:00,Wind,Fall,5532
2025-02-22 00:00:00,Wind,Winter,8303
2021-11-08 00:00:00,Wind,Fall,1830
2024-04-16 00:00:00,Wind,Spring,10661
2022-04-07 00:00:00,Wind,Spring,13977
2023-11-07 00:00:00,Wind,Fall,8342
2020-05-16 00:00:00,Wind,Spring,4229
2021-12-08 00:00:00,Wind,Winter,4609
2022-04-27 00:00:00,Wind,Spring,5412
2025-01-31 00:00:00,Wind,Winter,3781
2022-12-26 00:00:00,Wind,Winter,8297
2023-05-15 00:00:00,Wind,Spring,8937
2022-02-22 00:00:00,Wind,Winter,14800
2023-06-03 00:00:00,Wind,Summer,4876
2021-03-03 00:00:00,Wind,Spring,854
2020-06-18 00:00:00,Wind,Summer,1799
2024-09-28 00:00:00,Solar,Fall,7308
2020-06-13 00:00:00,Wind,Summer,5636
2024-12-26 00:00:00,Wind,Winter,2631
2020-07-28 00:00:00,Wind,Summer,2945
2020-09-12 00:00:00,Wind,Fall,1281
2023-12-01 00:00:00,Wind,Winter,1917
2021-02-05 00:00:00,Wind,Winter,1882
2024-05-25 00:00:00,Wind,Spring,1504
2023-02-08 00:00:00,Wind,Winter,4023
